split,image_width,image_height,bbox_width,bbox_height,bbox_ratio
train,550,412,125,90,0.04964695498676081
train,1000,667,493,384,0.28382608695652173
train,511,317,317,204,0.39921722113502933
train,479,261,276,166,0.36647229621097593
train,579,388,340,197,0.29815002759824083
train,451,258,102,49,0.04295364306708606
train,477,246,283,120,0.28941044127422405
train,600,428,109,74,0.031409657320872274
train,600,422,99,53,0.02072274881516588
train,500,298,293,171,0.33626174496644295
train,560,412,327,159,0.2253510748959778
train,478,280,281,120,0.25194261805140467
train,600,420,359,204,0.2906190476190476
train,479,261,276,164,0.36205696734096415
train,660,330,310,203,0.2889348025711662
train,645,323,100,75,0.03599971200230398
train,240,160,64,53,0.08833333333333333
train,940,626,240,120,0.04894296784718918
train,750,500,118,97,0.030522666666666667
train,1000,667,213,123,0.03927886056971514
train,1790,1080,124,90,0.005772811918063315
train,1790,1080,188,133,0.012933995447961928
train,800,534,383,245,0.21965121722846442
train,590,350,260,200,0.25181598062953997
train,960,635,162,166,0.04411417322834646
train,660,398,367,224,0.31295873305923555
train,634,423,346,254,0.32770282867604833
train,640,480,338,231,0.25416015625
train,800,601,316,230,0.1511647254575707
train,852,480,156,144,0.054929577464788736
train,852,480,173,110,0.046532668231611896
train,800,450,347,327,0.31519166666666665
train,634,420,362,281,0.3820114165540033
train,350,350,245,198,0.396
train,776,517,72,54,0.009691120461026142
train,600,404,299,110,0.13568481848184819
train,720,405,234,160,0.12839506172839507
train,630,420,270,202,0.20612244897959184
train,634,420,453,150,0.25518251464623704
train,800,400,204,186,0.118575
train,923,498,455,344,0.34051699756773574
train,1280,853,712,301,0.19628516998827666
train,750,493,247,130,0.08684246112237999
train,610,380,84,38,0.01377049180327869
train,540,458,164,128,0.0848778909914281
train,640,320,274,241,0.322431640625
train,600,450,342,256,0.32426666666666665
train,960,540,511,349,0.34401813271604936
train,580,387,276,244,0.3000267308206362
train,768,432,297,159,0.142333984375
train,980,490,364,265,0.20087463556851312
train,388,292,282,196,0.4878548227651462
train,852,480,176,129,0.05551643192488263
train,650,434,288,177,0.1807018787663949
train,600,420,315,247,0.30875
train,2146,1413,925,536,0.16350635722478463
train,1024,576,586,464,0.4609917534722222
train,700,394,225,170,0.1386874546773024
train,640,360,256,224,0.24888888888888888
train,3856,2571,1828,1679,0.30959061411111166
train,640,394,403,228,0.36438769035533
train,1024,576,724,275,0.3375583224826389
train,1500,1000,917,713,0.4358806666666667
train,1000,1000,839,630,0.52857
train,640,485,356,320,0.3670103092783505
train,736,491,76,61,0.012828743469405827
train,736,491,96,74,0.01965819534224741
train,736,491,118,90,0.029387673780217834
train,736,491,116,69,0.02214867617107943
train,736,491,124,91,0.03122509519171168
train,736,491,185,122,0.06245572478526521
train,1200,704,702,428,0.3556534090909091
train,768,512,430,241,0.2635447184244792
train,620,349,442,317,0.647536740918754
train,1440,612,132,79,0.011832788671023966
train,2000,1428,1164,903,0.3680294117647059
train,1500,1000,887,605,0.35775666666666667
train,960,653,614,518,0.5073570699336396
train,580,325,341,165,0.2984880636604775
train,736,537,632,439,0.7019876933041859
train,573,360,325,229,0.3607960054295133
train,5616,3744,3366,2144,0.34322266053035283
train,1280,720,683,506,0.37499782986111113
train,1920,1080,1739,773,0.6482672646604938
train,1500,844,975,613,0.4720971563981043
train,1920,1080,882,682,0.29008680555555555
train,615,409,399,236,0.3743574452859443
train,1000,519,584,367,0.4129633911368015
train,660,371,366,269,0.4020828228375398
train,1200,742,554,459,0.28558625336927224
train,530,298,358,256,0.5802709889831582
train,471,284,273,177,0.36124069256302144
train,800,450,260,235,0.16972222222222222
train,815,360,519,271,0.4793762781186094
train,3096,2064,790,512,0.0632974781162991
train,3096,2064,698,314,0.034298444604691225
train,1200,630,486,392,0.252
train,660,371,203,187,0.1550314465408805
train,1920,1080,1040,710,0.3560956790123457
train,1050,550,681,369,0.43513246753246754
train,620,300,321,214,0.36932258064516127
train,1268,760,760,492,0.38801261829652994
train,407,418,329,242,0.46799431009957326
train,392,392,99,55,0.0354344543940025
train,660,371,385,264,0.41509433962264153
train,1024,640,550,367,0.3079986572265625
train,736,412,376,216,0.2678345293372731
train,1024,467,209,119,0.052008749330835116
train,465,234,60,44,0.0242624758753791
train,950,634,321,309,0.1646837124356633
train,640,360,261,227,0.2571484375
train,1440,576,582,309,0.21681857638888888
train,984,500,389,349,0.2759369918699187
train,780,585,426,225,0.21005917159763313
train,1280,720,231,188,0.04712239583333333
train,1433,806,706,228,0.13936647509346337
train,745,497,312,229,0.19296449839979474
train,640,426,463,166,0.28190287558685445
train,4747,3248,3570,1871,0.43321825762913785
train,766,400,112,80,0.029242819843342035
train,2400,1800,433,267,0.026761805555555556
train,1184,666,130,93,0.015332055028000974
train,1024,655,369,198,0.10893070133587786
train,1180,842,525,287,0.15165163653931318
train,1200,600,409,240,0.13633333333333333
train,1024,682,67,57,0.0054684636180351905
train,700,450,257,215,0.1754126984126984
train,530,353,383,236,0.48312576834678495
train,640,425,171,140,0.08801470588235294
train,530,299,78,70,0.034454470877768664
train,1200,600,149,59,0.012209722222222223
train,700,467,111,71,0.024108289996940962
train,1280,800,329,195,0.0626513671875
train,750,421,190,174,0.10470308788598574
train,1024,683,203,138,0.040054790446559296
train,960,540,99,67,0.012795138888888889
train,800,500,355,209,0.1854875
train,1024,569,62,34,0.003617915202108963
train,740,462,93,54,0.01468936468936469
train,839,572,562,235,0.27519857972778117
train,870,580,569,371,0.4183491874752279
train,590,332,201,105,0.10774453747192159
train,1096,616,349,245,0.12664855673523556
train,400,400,175,126,0.1378125
train,1500,981,198,132,0.017761467889908258
train,590,332,210,171,0.1833265264447621
train,610,343,60,39,0.0111838646465612
train,610,343,149,91,0.06480428236868518
train,761,1024,221,107,0.03034530018068331
train,640,360,140,73,0.04435763888888889
train,810,540,166,98,0.03719250114311843
train,1024,682,109,70,0.010925471957478006
train,700,467,138,121,0.051079840929947995
train,800,450,258,143,0.10248333333333333
train,550,367,176,118,0.1028882833787466
train,720,720,80,60,0.009259259259259259
train,1000,750,307,183,0.074908
train,300,182,130,78,0.18571428571428572
train,1280,887,508,352,0.15749718151071027
train,1294,728,301,161,0.05144305076685293
train,700,420,288,246,0.2409795918367347
train,512,341,116,103,0.06843383431085044
train,1280,512,121,88,0.01624755859375
train,1280,512,160,118,0.02880859375
train,1280,512,201,156,0.047845458984375
train,1280,512,191,90,0.0262298583984375
train,1280,512,212,158,0.05111083984375
train,590,393,117,65,0.032798550912149046
train,590,393,69,37,0.011010480010350628
train,624,351,231,140,0.14765505150120534
train,1000,667,210,127,0.039985007496251876
train,1800,1424,881,396,0.13610955056179774
train,1449,966,894,697,0.44516886779916753
train,620,349,102,61,0.02875496811165542
train,1280,720,59,59,0.0037771267361111113
train,1280,720,254,117,0.03224609375
train,1280,720,206,77,0.01721137152777778
train,1280,720,180,132,0.02578125
train,1280,720,354,222,0.0852734375
train,1280,720,153,99,0.016435546875
train,1280,720,307,140,0.04663628472222222
train,1280,720,354,172,0.06606770833333334
train,1280,720,197,111,0.023727213541666667
train,1280,720,188,102,0.02080729166666667
train,1280,720,299,113,0.03666124131944445
train,1280,720,369,185,0.074072265625
train,1280,720,195,189,0.039990234375
train,1280,720,163,91,0.016094835069444445
train,1280,720,188,137,0.027947048611111112
train,1280,720,194,169,0.03557508680555556
train,1280,720,161,118,0.020614149305555555
train,1280,720,139,100,0.015082465277777778
train,1280,720,237,121,0.031116536458333333
train,1280,720,704,325,0.2482638888888889
train,1280,720,437,252,0.1194921875
train,1280,720,380,158,0.06514756944444444
train,1280,720,195,134,0.028352864583333335
train,1280,720,102,71,0.007858072916666667
train,1280,720,348,281,0.10610677083333334
train,1280,720,213,148,0.034205729166666664
train,1280,720,47,31,0.0015809461805555555
train,1280,720,73,63,0.004990234375
train,1280,720,480,330,0.171875
train,1280,720,117,73,0.009267578125
train,1280,720,123,82,0.010944010416666667
train,1280,720,32,38,0.0013194444444444445
train,1280,720,51,38,0.0021028645833333333
train,1280,720,73,64,0.005069444444444444
train,1280,720,102,46,0.005091145833333333
train,1280,720,239,125,0.032416449652777776
train,1280,720,210,123,0.02802734375
train,1280,720,77,49,0.004093967013888889
train,1280,720,174,124,0.023411458333333333
train,1280,720,93,87,0.008779296875
train,1280,720,94,78,0.007955729166666667
train,1280,720,308,115,0.03843315972222222
train,1280,720,165,147,0.026318359375
train,1280,720,194,127,0.02673394097222222
train,1280,720,110,83,0.009906684027777777
train,1280,720,72,41,0.003203125
train,1280,720,528,452,0.25895833333333335
train,1280,720,469,434,0.2208615451388889
train,1280,720,88,71,0.006779513888888889
train,1280,720,88,67,0.0063975694444444444
train,1280,720,69,39,0.002919921875
train,1280,720,98,81,0.00861328125
train,1280,720,243,95,0.025048828125
train,1280,720,242,100,0.026258680555555556
train,1280,720,468,203,0.1030859375
train,1280,720,329,115,0.04105360243055556
train,1280,720,122,58,0.007677951388888889
train,1280,720,445,190,0.09174262152777778
train,1280,720,120,47,0.006119791666666667
train,1280,720,225,89,0.021728515625
train,1280,720,341,150,0.055501302083333336
train,1280,720,277,137,0.04117730034722222
train,1280,720,119,48,0.006197916666666667
train,1280,720,138,54,0.0080859375
train,1280,720,124,69,0.009283854166666666
train,1280,720,84,39,0.0035546875
train,1280,720,186,108,0.021796875
train,1280,720,579,318,0.19978515625
train,1280,720,117,94,0.01193359375
train,1280,720,452,322,0.15792534722222223
train,1280,720,318,198,0.0683203125
train,1280,720,173,95,0.017833116319444446
train,1280,720,73,49,0.0038812934027777778
train,1280,720,313,197,0.06690646701388889
train,1280,720,195,148,0.03131510416666667
train,1280,720,206,159,0.03554036458333333
train,1280,720,246,258,0.0688671875
train,1280,720,81,54,0.00474609375
train,1280,720,148,136,0.021840277777777778
train,1280,720,225,168,0.041015625
train,1280,720,263,165,0.04708658854166667
train,1280,720,412,221,0.09879774305555555
train,1280,720,149,60,0.009700520833333334
train,1280,720,193,102,0.021360677083333335
train,1280,720,290,227,0.07143012152777778
train,1280,720,409,207,0.091865234375
train,1280,720,312,113,0.03825520833333333
train,1280,720,724,363,0.2851692708333333
train,1280,720,242,162,0.0425390625
train,1280,720,292,163,0.05164496527777778
train,1280,720,300,143,0.046549479166666664
train,1280,720,254,120,0.03307291666666667
train,1280,720,124,61,0.008207465277777777
train,1280,720,179,97,0.01884006076388889
train,1280,720,167,64,0.011597222222222222
train,1280,720,223,85,0.020567491319444443
train,1280,720,368,179,0.07147569444444445
train,1280,720,298,198,0.0640234375
train,1280,720,232,139,0.034991319444444446
train,1280,720,231,129,0.032333984375
train,1280,720,235,144,0.03671875
train,1280,720,326,94,0.033250868055555556
train,480,360,177,89,0.09116319444444444
train,1280,720,99,49,0.005263671875
train,480,360,192,104,0.11555555555555555
train,480,360,164,76,0.07212962962962963
train,480,360,90,38,0.019791666666666666
train,480,360,57,26,0.008576388888888889
train,480,360,73,25,0.010561342592592593
train,640,352,256,102,0.1159090909090909
train,640,352,230,67,0.06840376420454546
train,1280,720,82,38,0.0033810763888888888
train,1280,720,114,48,0.0059375
train,1280,720,201,133,0.029007161458333333
train,1280,720,142,65,0.010015190972222223
train,1280,720,44,25,0.001193576388888889
train,1280,720,58,30,0.0018880208333333333
train,1280,720,174,178,0.033606770833333334
train,1280,720,357,208,0.08057291666666666
train,1280,720,191,144,0.02984375
train,1280,720,97,61,0.006420355902777778
train,1280,720,499,236,0.12778211805555556
train,1280,720,500,289,0.1567925347222222
train,1280,720,88,52,0.004965277777777778
train,1280,720,703,365,0.2784233940972222
train,1280,720,120,88,0.011458333333333333
train,1280,720,193,139,0.02910915798611111
train,1280,720,694,295,0.22214626736111112
train,1280,720,516,228,0.12765625
train,1280,720,333,152,0.054921875
train,1280,720,591,267,0.171220703125
train,1280,720,136,80,0.011805555555555555
train,1280,720,160,85,0.014756944444444444
train,1280,720,358,255,0.09905598958333334
train,1280,720,125,109,0.014784071180555556
train,1280,720,173,108,0.0202734375
train,1280,720,63,56,0.003828125
train,1280,720,467,337,0.1707671440972222
train,1280,720,90,51,0.00498046875
train,1280,720,125,70,0.009494357638888888
train,1280,720,60,46,0.002994791666666667
train,1280,720,58,49,0.003083767361111111
train,1280,720,45,30,0.00146484375
train,1280,720,71,68,0.005238715277777778
train,1280,720,314,90,0.0306640625
train,1280,720,56,32,0.0019444444444444444
train,1280,720,426,163,0.07534505208333334
train,1280,720,273,231,0.068427734375
train,1280,720,304,264,0.08708333333333333
train,1280,720,353,192,0.07354166666666667
train,1280,720,333,192,0.069375
train,1280,720,263,150,0.042805989583333336
train,1280,720,50,41,0.002224392361111111
train,1280,720,258,78,0.0218359375
train,1280,720,558,163,0.09869140625
train,1280,720,720,275,0.21484375
train,1280,720,339,100,0.036783854166666664
train,1280,720,102,30,0.0033203125
train,1280,720,231,75,0.018798828125
train,1280,720,259,120,0.03372395833333333
train,1280,720,289,171,0.053623046875
train,1280,720,256,110,0.030555555555555555
train,1280,720,243,98,0.02583984375
train,1280,720,277,166,0.049893663194444444
train,1280,720,327,139,0.04931966145833333
train,1280,720,354,293,0.11254557291666667
train,1280,720,233,163,0.041209852430555555
train,1280,720,55,28,0.0016710069444444444
train,1280,720,177,79,0.015172526041666667
train,1280,720,180,113,0.0220703125
train,1280,720,163,89,0.015741102430555556
train,1280,720,58,35,0.002202690972222222
train,1280,720,144,95,0.01484375
train,1280,720,103,74,0.008270399305555556
train,1280,720,56,50,0.0030381944444444445
train,1280,720,177,90,0.01728515625
train,1280,720,184,103,0.02056423611111111
train,1280,720,229,82,0.020375434027777778
train,1280,720,230,99,0.02470703125
train,1280,720,224,92,0.02236111111111111
train,1280,720,890,372,0.3592447916666667
train,1280,720,423,253,0.116123046875
train,1280,720,351,233,0.088740234375
train,1280,720,62,64,0.0043055555555555555
train,1280,720,31,21,0.0007063802083333334
train,1280,720,68,38,0.0028038194444444443
train,1280,720,220,124,0.029600694444444443
train,1280,720,95,32,0.003298611111111111
train,1280,720,212,76,0.017482638888888888
train,1280,720,226,102,0.025013020833333333
train,1280,720,80,29,0.0025173611111111113
train,1280,720,74,16,0.0012847222222222223
train,1280,720,220,99,0.0236328125
train,1280,720,103,39,0.004358723958333333
train,1280,720,386,229,0.09591362847222222
train,1280,720,172,103,0.019223090277777778
train,1280,720,70,43,0.003266059027777778
train,1280,720,316,190,0.06514756944444444
train,1280,720,80,55,0.004774305555555556
train,1280,720,181,101,0.019836154513888888
train,1280,720,101,41,0.004493272569444444
train,1280,720,154,87,0.014537760416666667
train,1280,720,56,38,0.002309027777777778
train,1280,720,34,19,0.0007009548611111111
train,1280,720,74,47,0.003773871527777778
train,1280,720,95,48,0.0049479166666666664
train,1280,720,36,15,0.0005859375
train,1280,720,413,144,0.06453125
train,1280,720,241,78,0.020397135416666667
train,1280,720,287,95,0.029584418402777778
train,1280,720,850,294,0.2711588541666667
train,1280,720,1181,392,0.5023350694444444
train,1280,720,331,110,0.03950737847222222
train,1280,720,199,181,0.039083116319444444
train,1280,720,193,99,0.020732421875
train,1280,720,53,36,0.0020703125
train,1280,720,155,66,0.011100260416666667
train,1280,720,387,183,0.076845703125
train,1280,720,293,137,0.04355577256944444
train,1280,720,168,136,0.024791666666666667
train,1280,720,27,13,0.000380859375
train,1280,720,24,12,0.0003125
train,1280,720,29,15,0.00047200520833333334
train,1280,720,59,25,0.0016004774305555555
train,1280,720,63,28,0.0019140625
train,1280,720,145,103,0.01620551215277778
train,1280,720,142,81,0.01248046875
train,1280,720,402,164,0.07153645833333333
train,1280,720,289,188,0.058953993055555556
train,1280,720,136,89,0.013133680555555555
train,1280,720,260,87,0.024544270833333333
train,1280,720,550,263,0.1569552951388889
train,1280,720,461,197,0.09854275173611111
train,1280,720,212,77,0.01771267361111111
train,1280,720,178,69,0.013326822916666667
train,1280,720,104,44,0.004965277777777778
train,1280,720,156,63,0.0106640625
train,1280,720,96,33,0.0034375
train,1280,720,203,93,0.020485026041666667
train,1280,720,149,62,0.010023871527777778
train,1280,720,179,68,0.013207465277777778
train,1280,720,150,51,0.00830078125
train,1280,720,266,121,0.03492404513888889
train,1280,720,69,21,0.001572265625
train,1280,720,121,49,0.0064333767361111115
train,1280,720,99,43,0.004619140625
train,1280,720,109,51,0.006031901041666667
train,1280,720,233,129,0.03261393229166667
train,1280,720,319,195,0.06749674479166666
train,1280,720,478,384,0.19916666666666666
train,1280,720,91,72,0.007109375
train,1280,720,186,98,0.019778645833333334
train,1280,720,50,31,0.001681857638888889
train,1280,720,80,53,0.004600694444444445
train,1280,720,644,313,0.21871961805555556
train,1280,720,379,206,0.08471571180555555
train,1280,720,27,17,0.000498046875
train,1280,720,295,144,0.04609375
train,1280,720,236,115,0.02944878472222222
train,1280,720,95,45,0.004638671875
train,1280,720,137,78,0.011595052083333333
train,1280,720,54,34,0.0019921875
train,1280,720,67,40,0.002907986111111111
train,1280,720,225,178,0.04345703125
train,1280,720,66,44,0.0031510416666666666
train,1280,720,175,99,0.018798828125
train,1280,720,148,87,0.013971354166666667
train,1280,720,208,114,0.025729166666666668
train,1280,720,238,109,0.02814887152777778
train,1280,720,56,38,0.002309027777777778
train,1280,720,63,52,0.0035546875
train,1280,720,253,86,0.02360894097222222
train,1280,720,177,64,0.012291666666666666
train,1280,720,138,56,0.008385416666666666
train,1280,720,114,34,0.004205729166666667
train,1280,720,280,91,0.027647569444444443
train,1280,720,248,117,0.031484375
train,1280,720,56,23,0.0013975694444444443
train,1280,720,171,66,0.01224609375
train,1280,720,148,54,0.008671875
train,1280,720,65,24,0.0016927083333333334
train,1280,720,127,46,0.006338975694444445
train,1280,720,146,55,0.00871310763888889
train,1280,720,449,100,0.04871961805555555
train,1280,720,470,100,0.05099826388888889
train,1280,720,239,108,0.0280078125
train,1280,720,295,92,0.02944878472222222
train,1280,720,349,113,0.04279188368055555
train,1280,720,374,111,0.045045572916666665
train,1280,720,442,167,0.08009331597222222
train,1280,720,453,177,0.087001953125
train,1280,720,428,122,0.056657986111111114
train,1280,720,396,84,0.03609375
train,1280,720,345,120,0.044921875
train,1280,720,409,128,0.056805555555555554
train,1280,720,776,246,0.20713541666666666
train,1280,720,725,236,0.18565538194444445
train,1280,720,190,133,0.027419704861111113
train,1280,720,106,86,0.009891493055555556
train,1280,720,106,69,0.007936197916666667
train,1280,720,103,83,0.009276258680555555
train,1280,720,164,140,0.024913194444444446
train,1280,720,116,92,0.011579861111111112
train,1280,720,184,85,0.01697048611111111
train,1280,720,136,60,0.008854166666666666
train,1280,720,146,54,0.0085546875
train,1280,720,162,85,0.01494140625
train,1280,720,101,57,0.0062467447916666665
train,1280,720,149,51,0.008245442708333333
train,1280,720,246,74,0.019752604166666667
train,1280,720,440,215,0.10264756944444445
train,1280,720,418,185,0.08390842013888888
train,1280,720,301,78,0.025475260416666666
train,1280,720,443,238,0.11440321180555556
train,1280,720,221,86,0.020622829861111112
train,1280,720,264,93,0.026640625
train,1280,720,189,117,0.023994140625
train,1280,720,87,81,0.007646484375
train,1280,720,110,76,0.009071180555555556
train,1280,720,170,131,0.024164496527777777
train,1280,720,103,67,0.007488064236111111
train,1280,720,78,83,0.007024739583333333
train,1280,720,84,65,0.0059244791666666664
train,1280,720,123,61,0.008141276041666666
train,1280,720,173,139,0.026092664930555554
train,1280,720,42,35,0.0015950520833333333
train,1280,720,48,40,0.0020833333333333333
train,1280,720,592,307,0.1972048611111111
train,1280,720,860,354,0.33033854166666665
train,1280,720,816,276,0.244375
train,1280,720,780,194,0.16419270833333333
train,1280,720,209,89,0.020183376736111112
train,1280,720,198,104,0.02234375
train,1280,720,94,76,0.007751736111111111
train,1280,720,213,136,0.03143229166666667
train,1280,720,343,204,0.07592447916666667
train,1280,720,461,207,0.103544921875
train,1280,720,257,163,0.04545464409722222
train,1280,720,194,113,0.02378689236111111
train,1280,720,279,168,0.050859375
train,1280,720,619,291,0.19545247395833334
train,1280,720,369,258,0.10330078125
train,1280,720,648,274,0.19265625
train,1280,720,159,89,0.015354817708333333
train,1280,720,236,105,0.026888020833333335
train,1280,720,174,110,0.020768229166666666
train,1280,720,186,119,0.024016927083333334
train,1280,720,162,79,0.01388671875
train,1280,720,120,77,0.010026041666666667
train,1280,720,198,114,0.0244921875
train,1280,720,159,109,0.018805338541666668
train,1280,720,253,149,0.04090386284722222
train,1280,720,399,218,0.09438151041666666
train,1280,720,63,41,0.002802734375
train,1280,720,463,286,0.14368272569444446
train,1280,720,350,293,0.11127387152777778
train,1280,720,152,87,0.014348958333333333
train,1280,720,392,154,0.06550347222222222
train,1280,720,867,368,0.34619791666666666
train,1280,720,150,78,0.0126953125
train,1280,720,227,165,0.04064127604166667
train,1280,720,265,140,0.04025607638888889
train,1280,720,287,144,0.04484375
train,1280,720,376,211,0.08608506944444444
train,1280,720,195,128,0.027083333333333334
train,1280,720,181,119,0.02337131076388889
train,1280,720,49,27,0.001435546875
train,1280,720,196,159,0.033815104166666665
train,1280,720,149,147,0.023766276041666666
train,1280,720,323,284,0.09953559027777778
train,1280,720,327,295,0.10467122395833334
train,1280,720,479,344,0.17879340277777778
train,1280,720,495,283,0.152001953125
train,1280,720,57,40,0.0024739583333333332
train,1280,720,1011,381,0.417958984375
train,1280,720,44,25,0.001193576388888889
train,1280,720,76,28,0.002309027777777778
train,1280,720,479,208,0.10810763888888889
train,1280,720,85,78,0.007194010416666666
train,1280,720,49,30,0.0015950520833333333
train,1280,720,55,43,0.002566189236111111
train,1280,720,172,82,0.015303819444444445
train,1280,720,219,69,0.016396484375
train,1280,720,579,131,0.08230143229166667
train,1280,720,173,142,0.026655815972222222
train,1280,720,59,36,0.0023046875
train,1280,720,88,35,0.0033420138888888887
train,1280,720,72,22,0.00171875
train,1280,720,240,94,0.024479166666666666
train,1280,720,190,75,0.015462239583333334
train,1280,720,202,90,0.0197265625
train,1280,720,296,77,0.02473090277777778
train,1280,720,275,151,0.04505750868055555
train,1280,720,311,96,0.03239583333333333
train,1280,720,235,123,0.03136393229166667
train,1280,720,505,410,0.2246636284722222
train,1280,720,547,399,0.23681966145833333
train,1280,720,190,55,0.011338975694444444
train,1280,720,174,54,0.0101953125
train,1280,720,106,38,0.004370659722222222
train,1280,720,83,51,0.004593098958333333
train,1280,720,363,172,0.06774739583333333
train,1280,720,135,54,0.00791015625
train,1280,720,99,46,0.00494140625
train,1280,720,59,33,0.0021126302083333335
train,1280,720,120,63,0.008203125
train,1280,720,87,49,0.004625651041666666
train,1280,720,233,149,0.03767035590277778
train,1280,720,247,144,0.03859375
train,1280,720,88,48,0.004583333333333333
train,1280,720,100,57,0.006184895833333333
train,1280,720,91,54,0.00533203125
train,1280,720,197,98,0.020948350694444444
train,1280,720,229,109,0.02708441840277778
train,1280,720,187,100,0.020290798611111112
train,1280,720,223,110,0.026616753472222223
train,640,360,98,46,0.01956597222222222
train,640,360,128,86,0.04777777777777778
train,640,360,259,175,0.1967230902777778
train,640,360,53,27,0.0062109375
train,1280,720,152,80,0.013194444444444444
train,1280,720,31,11,0.00037000868055555555
train,1280,720,30,17,0.0005533854166666667
train,1280,720,34,20,0.0007378472222222222
train,1280,720,39,22,0.0009309895833333334
train,1280,720,55,28,0.0016710069444444444
train,1280,720,231,108,0.0270703125
train,1280,720,226,132,0.03236979166666667
train,1280,720,106,66,0.007591145833333333
train,1280,720,56,36,0.0021875
train,1280,720,37,25,0.001003689236111111
train,1280,720,127,60,0.008268229166666667
train,1280,720,235,120,0.030598958333333332
train,1280,720,80,79,0.006857638888888889
train,1280,720,149,127,0.020532769097222223
train,1280,720,277,110,0.03306206597222222
train,1280,720,117,71,0.009013671875
train,1280,720,148,81,0.0130078125
train,1280,720,128,68,0.009444444444444445
train,1280,720,87,66,0.00623046875
train,1280,720,53,44,0.0025303819444444445
train,1280,720,58,49,0.003083767361111111
train,1280,720,31,49,0.0016482204861111112
train,1280,720,63,58,0.00396484375
train,1280,720,25,29,0.0007866753472222222
train,1280,720,75,41,0.0033365885416666665
train,1280,720,104,60,0.0067708333333333336
train,1280,720,98,58,0.006167534722222222
train,1280,720,98,61,0.006486545138888889
train,1280,720,96,51,0.0053125
train,1280,720,97,67,0.007051866319444444
train,1280,720,101,64,0.007013888888888889
train,1280,720,193,116,0.02429253472222222
train,1280,720,181,118,0.023174913194444445
train,1280,720,200,109,0.023654513888888888
train,1280,720,64,41,0.0028472222222222223
train,1280,720,264,166,0.047552083333333335
train,1280,720,71,42,0.0032356770833333335
train,1280,720,121,43,0.005645616319444445
train,1280,720,294,126,0.0401953125
train,1280,720,325,143,0.05042860243055555
train,1280,720,466,247,0.12489366319444445
train,1280,720,127,58,0.007992621527777778
train,1280,720,101,43,0.0047124565972222225
train,1280,720,204,71,0.015716145833333334
train,1280,720,149,54,0.00873046875
train,1280,720,126,93,0.01271484375
train,1280,720,146,75,0.011881510416666666
train,1280,720,103,72,0.008046875
train,1280,720,118,61,0.007810329861111111
train,1280,720,169,79,0.014486762152777779
train,1280,720,181,86,0.016890190972222222
train,1280,720,201,111,0.024208984375
train,1280,720,155,82,0.013791232638888888
train,1280,720,134,61,0.00886935763888889
train,1280,720,154,69,0.011529947916666667
train,1280,720,117,100,0.0126953125
train,1280,720,151,78,0.012779947916666666
train,1280,720,38,23,0.0009483506944444445
train,1280,720,79,49,0.0042003038194444444
train,1280,720,53,34,0.001955295138888889
train,1280,720,67,44,0.0031987847222222222
train,1280,720,145,76,0.011957465277777777
train,1280,720,75,43,0.0034993489583333335
train,1280,720,89,55,0.005311414930555556
train,1280,720,55,30,0.0017903645833333333
train,960,720,62,50,0.004484953703703704
train,960,720,91,71,0.009347511574074074
train,960,720,104,75,0.011284722222222222
train,960,720,94,64,0.008703703703703703
train,1280,720,391,143,0.060669487847222224
train,1280,720,167,72,0.013046875
train,1280,720,96,58,0.0060416666666666665
train,1280,720,64,40,0.002777777777777778
train,1280,720,102,33,0.00365234375
train,1280,720,398,159,0.06866536458333333
train,1280,720,146,76,0.012039930555555555
train,1280,720,167,53,0.009603949652777779
train,1280,720,348,267,0.1008203125
train,1280,720,144,62,0.0096875
train,1280,720,32,19,0.0006597222222222222
train,1280,720,91,40,0.003949652777777778
train,1280,720,71,54,0.00416015625
train,1280,720,54,23,0.00134765625
train,1280,720,76,29,0.0023914930555555556
train,1280,720,36,19,0.0007421875
train,1280,720,27,13,0.000380859375
train,1280,720,147,107,0.017067057291666667
train,1280,720,94,23,0.0023459201388888887
train,1280,720,68,20,0.0014756944444444444
train,1280,720,52,21,0.0011848958333333334
train,1280,720,234,181,0.04595703125
train,1280,720,199,138,0.029798177083333332
train,1280,720,55,18,0.00107421875
train,1280,720,122,75,0.009928385416666666
train,1280,720,139,83,0.012518446180555556
train,1280,720,750,157,0.12776692708333334
train,1280,720,580,141,0.08873697916666666
train,1280,720,478,271,0.14055772569444444
train,1280,720,116,71,0.008936631944444445
train,1280,720,735,164,0.13079427083333334
train,1280,720,481,88,0.04592881944444444
train,1280,720,435,99,0.046728515625
train,1280,720,122,31,0.0041037326388888885
train,1280,720,163,105,0.018570963541666666
train,1280,720,231,106,0.026569010416666667
train,1280,720,433,291,0.13672200520833333
train,1280,720,145,78,0.012272135416666666
train,1280,720,43,34,0.0015863715277777777
train,1280,720,39,29,0.0012272135416666666
train,1280,720,503,369,0.201396484375
train,1280,720,880,578,0.5519097222222222
train,1280,720,104,80,0.009027777777777777
train,1280,720,88,77,0.007352430555555556
train,1280,720,90,73,0.00712890625
train,1280,720,117,68,0.0086328125
train,1280,720,359,232,0.09037326388888889
train,1280,720,138,72,0.01078125
train,1280,720,124,60,0.008072916666666667
train,1280,720,89,45,0.004345703125
train,1280,720,74,42,0.003372395833333333
train,1280,720,282,174,0.0532421875
train,1280,720,589,254,0.16233289930555556
train,1280,720,144,83,0.01296875
train,1280,720,437,275,0.1303982204861111
train,1280,720,387,245,0.102880859375
train,1280,720,646,207,0.14509765625
train,1280,720,138,79,0.011829427083333333
train,1280,720,39,18,0.00076171875
train,1280,720,140,51,0.0077473958333333336
train,1280,720,461,198,0.09904296875
train,1280,720,490,193,0.10261501736111112
train,1280,720,359,139,0.054146050347222224
train,1280,720,323,115,0.04030490451388889
train,1280,720,355,153,0.058935546875
train,1280,720,397,168,0.07236979166666667
train,1280,720,444,149,0.07178385416666666
train,1280,720,633,259,0.17789388020833333
train,1280,720,520,342,0.19296875
train,1280,720,153,126,0.02091796875
train,1280,720,768,455,0.37916666666666665
train,1280,720,756,454,0.372421875
train,1280,720,878,380,0.36202256944444444
train,1280,720,846,417,0.38279296875
train,1280,720,201,132,0.0287890625
train,1280,720,222,154,0.037096354166666665
train,1280,720,215,48,0.011197916666666667
train,1280,720,302,161,0.052758246527777775
train,1280,720,346,164,0.061571180555555556
train,1280,720,63,43,0.002939453125
train,1280,720,328,132,0.04697916666666667
train,1280,720,260,97,0.02736545138888889
train,1280,720,138,54,0.0080859375
train,1280,720,200,81,0.017578125
train,1280,720,130,62,0.008745659722222222
train,1280,720,198,71,0.01525390625
train,1280,720,59,37,0.002368706597222222
train,1280,720,604,185,0.12124565972222222
train,1280,720,98,45,0.00478515625
train,1280,720,98,51,0.005423177083333334
train,1280,720,140,66,0.010026041666666667
train,1280,720,71,34,0.002619357638888889
train,1280,720,281,143,0.04360134548611111
train,1280,720,353,155,0.05936957465277778
train,1280,720,329,112,0.03998263888888889
train,1280,720,283,153,0.046982421875
train,1280,720,207,195,0.043798828125
train,1280,720,56,56,0.0034027777777777776
train,1280,720,51,48,0.00265625
train,1280,720,56,50,0.0030381944444444445
train,1280,720,74,52,0.004175347222222223
train,1280,720,164,106,0.018862847222222222
train,1280,720,153,136,0.022578125
train,1280,720,252,153,0.0418359375
train,1280,720,258,183,0.05123046875
train,1280,720,181,119,0.02337131076388889
train,1280,720,152,109,0.017977430555555556
train,1280,720,95,92,0.009483506944444444
train,1280,720,55,51,0.0030436197916666667
train,1280,720,87,29,0.0027376302083333332
train,1280,720,119,61,0.007876519097222222
train,1280,720,74,48,0.0038541666666666668
train,1280,720,82,42,0.0037369791666666667
train,1280,720,173,178,0.03341362847222222
train,1280,720,43,31,0.0014463975694444444
train,1280,720,206,187,0.041799045138888886
train,1280,720,142,77,0.011864149305555556
train,1280,720,87,59,0.005569661458333333
train,1280,720,75,56,0.004557291666666667
train,1280,720,39,32,0.0013541666666666667
train,1280,720,41,29,0.0012901475694444445
train,1280,720,40,29,0.0012586805555555556
train,1280,720,119,50,0.006456163194444444
train,1280,720,132,70,0.010026041666666667
train,1280,720,230,124,0.030946180555555557
train,1280,720,233,123,0.031097005208333334
train,1280,720,263,127,0.03624240451388889
train,1280,720,245,130,0.03455946180555555
train,1280,720,226,126,0.0308984375
train,1280,720,232,136,0.03423611111111111
train,1280,720,86,77,0.007185329861111111
train,1280,720,89,101,0.009753689236111111
train,1280,720,64,30,0.0020833333333333333
train,1280,720,155,111,0.018668619791666667
train,1280,720,75,34,0.0027669270833333335
train,1280,720,49,18,0.00095703125
train,1280,720,59,43,0.0027528211805555557
train,1280,720,286,63,0.01955078125
train,1280,720,145,109,0.017149522569444443
train,1280,720,100,73,0.007921006944444444
train,1280,720,388,257,0.10819878472222222
train,1280,720,139,95,0.01432834201388889
train,1280,720,171,73,0.013544921875
train,1280,720,133,86,0.012411024305555556
train,1280,720,157,163,0.027768012152777778
train,1280,720,87,82,0.007740885416666667
train,1280,720,35,33,0.0012532552083333334
train,1280,720,102,74,0.008190104166666667
train,1280,720,352,184,0.07027777777777777
train,1280,720,138,114,0.0170703125
train,1280,720,145,128,0.02013888888888889
train,1280,720,72,62,0.00484375
train,1280,720,62,55,0.0037000868055555554
train,1280,720,128,91,0.012638888888888889
train,1280,720,86,56,0.005225694444444444
train,1280,720,153,150,0.02490234375
train,1280,720,113,68,0.008337673611111112
train,1280,720,76,59,0.004865451388888889
train,1280,720,164,77,0.013702256944444444
train,1280,720,192,216,0.045
train,1280,720,78,43,0.0036393229166666666
train,1280,720,125,92,0.012478298611111112
train,1280,720,136,107,0.015789930555555557
train,1280,720,226,168,0.04119791666666667
train,1280,720,276,208,0.06229166666666667
train,1280,720,262,219,0.06225911458333333
train,1280,720,217,170,0.040028211805555554
train,1280,720,150,72,0.01171875
train,1280,720,315,122,0.04169921875
train,1280,720,51,21,0.001162109375
train,1280,720,111,67,0.008069661458333334
train,1280,720,136,94,0.013871527777777778
train,1280,720,203,203,0.04471462673611111
train,1280,720,71,63,0.004853515625
train,1280,720,279,178,0.05388671875
train,1280,720,224,175,0.042534722222222224
train,1280,720,63,39,0.002666015625
train,1280,720,93,56,0.005651041666666667
train,1280,720,190,180,0.037109375
train,1280,720,168,159,0.028984375
train,1280,720,485,360,0.189453125
train,1280,720,54,41,0.00240234375
train,1280,720,280,204,0.06197916666666667
train,1280,720,612,239,0.1587109375
train,1280,720,217,104,0.024487847222222223
train,1280,720,318,147,0.05072265625
train,1280,720,276,166,0.049713541666666666
train,1280,720,109,83,0.009816623263888888
train,1440,1080,52,16,0.0005349794238683127
train,1920,1080,186,96,0.008611111111111111
train,1920,1080,122,57,0.003353587962962963
train,1920,1080,132,70,0.004456018518518519
train,1920,1080,138,59,0.00392650462962963
train,1920,1080,184,86,0.007631172839506173
train,1920,1080,148,64,0.004567901234567902
train,1920,1080,130,81,0.005078125
train,1920,1080,138,87,0.005789930555555556
train,1920,1080,167,77,0.0062012924382716045
train,1920,1080,138,58,0.0038599537037037036
train,1920,1080,142,68,0.0046566358024691355
train,1920,1080,139,64,0.004290123456790124
train,1920,1080,137,55,0.0036337770061728395
train,1920,1080,142,68,0.0046566358024691355
train,1920,1080,127,55,0.0033685378086419754
train,1920,1080,131,53,0.003348283179012346
train,1920,1080,104,63,0.003159722222222222
train,1920,1080,133,58,0.0037201003086419753
train,1920,1080,128,53,0.003271604938271605
train,1920,1080,166,62,0.004963348765432099
train,1920,1080,132,57,0.003628472222222222
train,1920,1080,147,58,0.0041116898148148145
train,1920,1080,196,101,0.009546682098765432
train,1920,1080,204,80,0.00787037037037037
train,1920,1080,191,71,0.006539834104938271
train,1920,1080,160,58,0.004475308641975309
train,1920,1080,164,72,0.005694444444444445
train,1920,1080,174,72,0.0060416666666666665
train,1920,1080,145,60,0.004195601851851852
train,1920,1080,150,55,0.003978587962962963
train,1920,1080,161,68,0.005279706790123457
train,1920,1080,139,57,0.0038208912037037035
train,1920,1080,57,31,0.0008521412037037037
train,1920,1080,70,29,0.0009789737654320987
train,1920,1080,42,27,0.000546875
train,1920,1080,59,35,0.00099585262345679
train,1920,1080,70,35,0.001181520061728395
train,1920,1080,42,24,0.0004861111111111111
train,1920,1080,162,68,0.0053125
train,1920,1080,154,83,0.006164158950617284
train,1920,1080,211,110,0.011193094135802469
train,1920,1080,244,100,0.011766975308641976
train,1920,1080,212,86,0.008792438271604938
train,1920,1080,130,86,0.005391589506172839
train,1920,1080,159,62,0.004754050925925926
train,1920,1080,191,101,0.009303144290123458
train,1920,1080,259,106,0.013239776234567902
train,1920,1080,257,127,0.01574025848765432
train,1920,1080,184,77,0.006832561728395061
train,1920,1080,179,80,0.006905864197530864
train,1920,1080,204,111,0.010920138888888889
train,1920,1080,189,81,0.0073828125
train,1920,1080,94,40,0.0018132716049382715
train,1920,1080,99,43,0.002052951388888889
train,1920,1080,210,108,0.0109375
train,1920,1080,204,74,0.007280092592592592
train,1920,1080,202,84,0.00818287037037037
train,1920,1080,235,101,0.01144627700617284
train,1920,1080,134,68,0.00439429012345679
train,1920,1080,132,57,0.003628472222222222
train,1920,1080,175,84,0.007089120370370371
train,1920,1080,165,87,0.006922743055555555
train,1920,1080,235,139,0.015752797067901236
train,1920,1080,277,127,0.016965181327160492
train,1920,1080,206,95,0.009437692901234567
train,1920,1080,161,89,0.006910204475308642
train,1920,1080,143,66,0.004551504629629629
train,1920,1080,137,64,0.004228395061728395
train,1920,1080,138,56,0.003726851851851852
train,1920,1080,211,94,0.009565007716049383
train,1920,1080,141,73,0.0049638310185185185
train,1920,1080,132,74,0.004710648148148148
train,1920,1080,169,81,0.0066015625
train,1920,1080,173,71,0.0059235146604938275
train,1920,1080,46,21,0.0004658564814814815
train,1920,1080,48,19,0.0004398148148148148
train,1920,1080,44,21,0.00044560185185185187
train,1920,1080,59,26,0.0007397762345679013
train,1920,1080,67,23,0.0007431520061728395
train,1920,1080,58,25,0.0006992669753086419
train,1920,1080,130,53,0.003322723765432099
train,1920,1080,128,56,0.0034567901234567903
train,1920,1080,140,56,0.003780864197530864
train,1920,1080,126,58,0.0035243055555555557
train,1920,1080,141,63,0.004283854166666667
train,1920,1080,122,51,0.0030005787037037037
train,1920,1080,121,51,0.0029759837962962964
train,1920,1080,128,58,0.003580246913580247
train,1920,1080,124,61,0.0036477623456790125
train,1920,1080,268,113,0.014604552469135803
train,1920,1080,145,75,0.005244502314814815
train,1920,1080,145,65,0.004545235339506173
train,1920,1080,154,57,0.004233217592592592
train,1920,1080,178,91,0.00781153549382716
train,1920,1080,231,82,0.009134837962962963
train,1920,1080,179,77,0.006646894290123457
train,1920,1080,202,75,0.00730613425925926
train,1920,1080,162,61,0.004765625
train,1920,1080,111,56,0.0029976851851851853
train,1920,1080,133,53,0.0033994020061728393
train,1920,1080,107,42,0.00216724537037037
train,1920,1080,91,44,0.0019309413580246913
train,1920,1080,60,24,0.0006944444444444445
train,1920,1080,53,23,0.000587866512345679
train,1920,1080,125,54,0.0032552083333333335
train,1920,1080,142,65,0.004451195987654321
train,1920,1080,99,58,0.0027690972222222223
train,1920,1080,78,36,0.0013541666666666667
train,1920,1080,58,27,0.0007552083333333333
train,1920,1080,73,34,0.0011969521604938273
train,1920,1080,55,25,0.0006630979938271605
train,1920,1080,50,22,0.0005304783950617284
train,1920,1080,39,25,0.00047019675925925923
train,1920,1080,63,33,0.0010026041666666666
train,1920,1080,56,28,0.0007561728395061729
train,1920,1080,64,36,0.0011111111111111111
train,1920,1080,59,39,0.001109664351851852
train,1920,1080,101,50,0.002435378086419753
train,1920,1080,73,29,0.0010209297839506174
train,1920,1080,75,32,0.0011574074074074073
train,1920,1080,66,30,0.0009548611111111111
train,1920,1080,90,39,0.0016927083333333334
train,1920,1080,108,43,0.0022395833333333334
train,1920,1080,97,47,0.0021985918209876543
train,1920,1080,61,21,0.0006177662037037037
train,1920,1080,88,44,0.0018672839506172839
train,1920,1080,119,49,0.0028120177469135805
train,1920,1080,112,52,0.002808641975308642
train,1920,1080,177,71,0.006060474537037037
train,1920,1080,163,67,0.005266685956790124
train,1920,1080,162,88,0.006875
train,1920,1080,61,22,0.0006471836419753086
train,1920,1080,42,18,0.00036458333333333335
train,1920,1080,44,18,0.00038194444444444446
train,1920,1080,53,24,0.0006134259259259259
train,1920,1080,65,24,0.0007523148148148148
train,1920,1080,46,18,0.0003993055555555556
train,1920,1080,72,28,0.0009722222222222222
train,1920,1080,42,21,0.0004253472222222222
train,1920,1080,38,16,0.0002932098765432099
train,1920,1080,42,18,0.00036458333333333335
train,1920,1080,37,24,0.00042824074074074075
train,1920,1080,55,23,0.0006100501543209876
train,1920,1080,58,21,0.0005873842592592593
train,1920,1080,39,18,0.0003385416666666667
train,1920,1080,42,16,0.00032407407407407406
train,1920,1080,50,19,0.0004581404320987654
train,1920,1080,47,20,0.0004533179012345679
train,1920,1080,50,23,0.000554591049382716
train,1920,1080,47,25,0.0005666473765432099
train,1920,1080,45,20,0.00043402777777777775
train,1920,1080,46,20,0.00044367283950617285
train,1920,1080,45,24,0.0005208333333333333
train,1920,1080,48,18,0.0004166666666666667
train,1920,1080,51,19,0.00046730324074074073
train,1920,1080,53,19,0.0004856288580246914
train,1920,1080,42,18,0.00036458333333333335
train,1920,1080,40,18,0.00034722222222222224
train,1920,1080,38,17,0.00031153549382716047
train,1920,1080,36,15,0.00026041666666666666
train,1920,1080,52,23,0.0005767746913580247
train,1920,1080,70,42,0.0014178240740740742
train,1920,1080,37,20,0.0003568672839506173
train,1920,1080,39,15,0.00028211805555555553
train,1920,1080,35,16,0.0002700617283950617
train,1920,1080,45,16,0.00034722222222222224
train,1920,1080,32,19,0.0002932098765432099
train,1920,1080,43,24,0.0004976851851851852
train,1920,1080,47,20,0.0004533179012345679
train,1920,1080,37,19,0.00033902391975308645
train,1920,1080,42,17,0.0003443287037037037
train,1920,1080,46,22,0.0004880401234567901
train,1920,1080,40,19,0.00036651234567901237
train,1920,1080,51,21,0.0005164930555555555
train,1920,1080,37,16,0.00028549382716049385
train,1920,1080,37,16,0.00028549382716049385
train,1920,1080,30,17,0.00024594907407407405
train,1920,1080,49,24,0.0005671296296296297
train,1920,1080,44,21,0.00044560185185185187
train,1920,1080,49,19,0.00044897762345679014
train,1920,1080,57,24,0.0006597222222222222
train,1920,1080,60,29,0.0008391203703703704
train,1920,1080,63,26,0.0007899305555555555
train,1920,1080,66,26,0.0008275462962962963
train,1920,1080,61,39,0.0011472800925925925
train,1920,1080,59,29,0.0008251350308641975
train,1920,1080,46,23,0.0005102237654320988
train,1920,1080,42,21,0.0004253472222222222
train,1920,1080,50,22,0.0005304783950617284
train,1920,1080,45,23,0.0004991319444444444
train,1920,1080,40,20,0.00038580246913580245
train,1920,1080,38,17,0.00031153549382716047
train,1920,1080,42,19,0.00038483796296296297
train,1920,1080,38,19,0.0003481867283950617
train,1920,1080,44,18,0.00038194444444444446
train,1920,1080,74,37,0.001320408950617284
train,1920,1080,74,32,0.0011419753086419754
train,1920,1080,76,32,0.0011728395061728395
train,1920,1080,58,27,0.0007552083333333333
train,1920,1080,64,32,0.0009876543209876543
train,1920,1080,84,36,0.0014583333333333334
train,1920,1080,67,27,0.0008723958333333333
train,1920,1080,63,32,0.0009722222222222222
train,1920,1080,52,32,0.0008024691358024691
train,1920,1080,76,42,0.0015393518518518519
train,1920,1080,90,43,0.0018663194444444445
train,1920,1080,77,32,0.0011882716049382716
train,1920,1080,84,39,0.001579861111111111
train,1920,1080,73,38,0.001337770061728395
train,1920,1080,81,46,0.001796875
train,1920,1080,90,44,0.0019097222222222222
train,1920,1080,95,40,0.0018325617283950616
train,1920,1080,57,26,0.0007146990740740741
train,1920,1080,54,27,0.000703125
train,1920,1080,64,32,0.0009876543209876543
train,1920,1080,69,34,0.0011313657407407407
train,1920,1080,85,49,0.0020085841049382715
train,1920,1080,82,54,0.0021354166666666665
train,1920,1080,105,54,0.002734375
train,1920,1080,80,42,0.0016203703703703703
train,1920,1080,49,25,0.0005907600308641976
train,1920,1080,56,26,0.0007021604938271605
train,1920,1080,93,35,0.0015697337962962963
train,1920,1080,67,28,0.0009047067901234568
train,1920,1080,93,34,0.0015248842592592592
train,1920,1080,102,49,0.002410300925925926
train,1920,1080,76,24,0.0008796296296296296
train,1920,1080,73,34,0.0011969521604938273
train,1920,1080,75,31,0.001121238425925926
train,1920,1080,77,31,0.0011511381172839507
train,1920,1080,82,34,0.0013445216049382716
train,1920,1080,79,32,0.0012191358024691357
train,1920,1080,74,36,0.0012847222222222223
train,1920,1080,64,35,0.0010802469135802468
train,1920,1080,81,38,0.001484375
train,1920,1080,105,46,0.0023292824074074075
train,1920,1080,192,94,0.008703703703703703
train,1920,1080,269,157,0.020366994598765432
train,1920,1080,230,85,0.009428047839506173
train,1920,1080,236,93,0.010584490740740742
train,1920,1080,117,56,0.003159722222222222
train,1920,1080,77,36,0.0013368055555555555
train,1920,1080,39,19,0.00035734953703703704
train,1920,1080,40,17,0.0003279320987654321
train,1920,1080,49,18,0.0004253472222222222
train,1920,1080,45,24,0.0005208333333333333
train,1920,1080,46,20,0.00044367283950617285
train,1920,1080,47,19,0.0004306520061728395
train,1920,1080,38,18,0.0003298611111111111
train,1920,1080,41,20,0.00039544753086419754
train,1920,1080,66,29,0.0009230324074074075
train,1920,1080,71,46,0.0015750385802469136
train,1920,1080,53,29,0.0007412229938271605
train,1920,1080,82,35,0.0013840663580246913
train,1920,1080,73,33,0.0011617476851851851
train,1920,1080,68,27,0.0008854166666666666
train,1920,1080,91,33,0.0014482060185185186
train,1920,1080,107,48,0.002476851851851852
train,1920,1080,98,39,0.0018431712962962963
train,1920,1080,74,31,0.0011062885802469136
train,1920,1080,111,48,0.0025694444444444445
train,1920,1080,116,51,0.002853009259259259
train,1920,1080,105,43,0.0021773726851851854
train,1920,1080,111,43,0.0023017939814814815
train,1920,1080,107,43,0.002218846450617284
train,1920,1080,103,43,0.0021358989197530864
train,1920,1080,60,23,0.0006655092592592592
train,1920,1080,56,24,0.0006481481481481481
train,1920,1080,59,24,0.0006828703703703704
train,1920,1080,57,22,0.0006047453703703704
train,1920,1080,48,23,0.0005324074074074074
train,1920,1080,59,35,0.00099585262345679
train,1920,1080,66,27,0.000859375
train,1920,1080,63,27,0.0008203125
train,1920,1080,64,25,0.0007716049382716049
train,1920,1080,55,24,0.0006365740740740741
train,1920,1080,38,19,0.0003481867283950617
train,1920,1080,33,16,0.0002546296296296296
train,1920,1080,51,21,0.0005164930555555555
train,1920,1080,98,45,0.002126736111111111
train,1920,1080,74,41,0.0014631558641975309
train,1920,1080,77,35,0.0012996720679012345
train,1920,1080,89,51,0.0021889467592592594
train,1920,1080,164,65,0.005140817901234568
train,1920,1080,38,19,0.0003481867283950617
train,1920,1080,50,18,0.00043402777777777775
train,1920,1080,113,41,0.002234278549382716
train,1920,1080,89,34,0.001459297839506173
train,1920,1080,86,40,0.0016589506172839507
train,1920,1080,73,31,0.0010913387345679012
train,1920,1080,82,35,0.0013840663580246913
train,1920,1080,69,38,0.0012644675925925926
train,1920,1080,60,27,0.00078125
train,1920,1080,99,46,0.0021961805555555554
train,1920,1080,171,66,0.005442708333333333
train,1920,1080,139,59,0.003954957561728395
train,1920,1080,100,41,0.0019772376543209878
train,1920,1080,89,35,0.001502218364197531
train,1920,1080,126,56,0.0034027777777777776
train,1920,1080,115,48,0.002662037037037037
train,1920,1080,77,30,0.0011140046296296297
train,1920,1080,69,29,0.0009649884259259259
train,1920,1080,59,27,0.0007682291666666666
train,1920,1080,88,31,0.0013155864197530863
train,1920,1080,100,47,0.0022665895061728396
train,1920,1080,116,52,0.0029089506172839505
train,1920,1080,89,42,0.001802662037037037
train,1920,1080,76,36,0.0013194444444444445
train,1920,1080,90,35,0.0015190972222222222
train,1920,1080,145,73,0.005104648919753086
train,1920,1080,185,84,0.007494212962962963
train,1920,1080,113,63,0.0034331597222222224
train,1920,1080,71,35,0.0011983989197530865
train,1920,1080,67,35,0.001130883487654321
train,1920,1080,75,39,0.0014105902777777778
train,1920,1080,91,34,0.001492091049382716
train,1920,1080,89,40,0.001716820987654321
train,1920,1080,119,51,0.0029267939814814816
train,1920,1080,58,23,0.0006433256172839507
train,1920,1080,71,40,0.0013695987654320989
train,1920,1080,71,34,0.0011641589506172839
train,1920,1080,70,35,0.001181520061728395
train,1920,1080,156,82,0.006168981481481482
train,1920,1080,128,60,0.003703703703703704
train,1920,1080,68,35,0.0011477623456790124
train,1920,1080,77,32,0.0011882716049382716
train,1920,1080,72,35,0.0012152777777777778
train,1920,1080,54,27,0.000703125
train,1920,1080,58,25,0.0006992669753086419
train,1920,1080,45,20,0.00043402777777777775
train,1920,1080,40,18,0.00034722222222222224
train,1920,1080,29,17,0.00023775077160493826
train,1920,1080,54,25,0.0006510416666666666
train,1920,1080,52,27,0.0006770833333333334
train,1920,1080,41,29,0.0005733989197530864
train,1920,1080,61,28,0.0008236882716049382
train,1920,1080,62,26,0.000777391975308642
train,1920,1080,60,27,0.00078125
train,1920,1080,69,27,0.0008984375
train,1920,1080,50,29,0.0006992669753086419
train,1920,1080,95,45,0.0020616319444444445
train,1920,1080,98,62,0.00293016975308642
train,1920,1080,103,64,0.0031790123456790125
train,1920,1080,105,57,0.0028862847222222224
train,1920,1080,71,32,0.001095679012345679
train,1920,1080,64,30,0.000925925925925926
train,1920,1080,61,28,0.0008236882716049382
train,1920,1080,47,25,0.0005666473765432099
train,1920,1080,51,24,0.0005902777777777778
train,1920,1080,64,35,0.0010802469135802468
train,1920,1080,192,83,0.0076851851851851855
train,1920,1080,170,81,0.006640625
train,1920,1080,85,52,0.002131558641975309
train,1920,1080,83,49,0.0019613233024691357
train,1920,1080,48,27,0.000625
train,1920,1080,63,34,0.001032986111111111
train,1920,1080,101,57,0.0027763310185185187
train,1920,1080,65,40,0.001253858024691358
train,1920,1080,49,27,0.0006380208333333333
train,1920,1080,29,17,0.00023775077160493826
train,1920,1080,37,17,0.0003033371913580247
train,1920,1080,62,26,0.000777391975308642
train,1920,1080,85,36,0.0014756944444444444
train,1920,1080,94,42,0.0019039351851851852
train,1920,1080,66,34,0.0010821759259259259
train,1920,1080,46,24,0.0005324074074074074
train,1920,1080,97,43,0.0020114776234567903
train,1920,1080,72,34,0.0011805555555555556
train,1920,1080,124,49,0.00293016975308642
train,1920,1080,95,37,0.0016951195987654321
train,1920,1080,78,33,0.0012413194444444444
train,1920,1080,84,30,0.0012152777777777778
train,1920,1080,40,23,0.00044367283950617285
train,1920,1080,35,19,0.0003206983024691358
train,1920,1080,68,31,0.0010165895061728396
train,1920,1080,97,39,0.001824363425925926
train,1920,1080,75,36,0.0013020833333333333
train,1920,1080,52,36,0.0009027777777777777
train,1920,1080,113,53,0.0028882137345679014
train,1920,1080,151,59,0.00429639274691358
train,1920,1080,137,62,0.004096257716049383
train,1920,1080,144,66,0.004583333333333333
train,1920,1080,104,44,0.00220679012345679
train,1920,1080,131,62,0.003916859567901235
train,1920,1080,84,41,0.0016608796296296296
train,1920,1080,64,32,0.0009876543209876543
train,1920,1080,99,44,0.0021006944444444445
train,1920,1080,100,47,0.0022665895061728396
train,1920,1080,112,55,0.002970679012345679
train,1920,1080,117,48,0.0027083333333333334
train,1920,1080,88,45,0.0019097222222222222
train,1920,1080,120,49,0.0028356481481481483
train,1920,1080,20,10,9.645061728395061e-05
train,1920,1080,27,9,0.0001171875
train,1920,1080,32,13,0.00020061728395061727
train,1920,1080,34,15,0.00024594907407407405
train,1920,1080,41,18,0.0003559027777777778
train,1920,1080,24,11,0.0001273148148148148
train,1920,1080,43,24,0.0004976851851851852
train,1920,1080,96,39,0.0018055555555555555
train,1920,1080,75,36,0.0013020833333333333
train,1920,1080,79,32,0.0012191358024691357
train,1920,1080,81,31,0.0012109375
train,1920,1080,76,32,0.0011728395061728395
train,1920,1080,75,23,0.0008318865740740741
train,1920,1080,83,28,0.0011207561728395063
train,1920,1080,66,35,0.0011140046296296297
train,1920,1080,74,25,0.0008921682098765432
train,1920,1080,51,18,0.0004427083333333333
train,1920,1080,53,21,0.0005367476851851851
train,1920,1080,78,33,0.0012413194444444444
train,1920,1080,78,33,0.0012413194444444444
train,1920,1080,75,31,0.001121238425925926
train,1920,1080,95,40,0.0018325617283950616
train,1920,1080,55,25,0.0006630979938271605
train,1920,1080,59,22,0.0006259645061728395
train,1920,1080,88,37,0.001570216049382716
train,1920,1080,92,37,0.0016415895061728395
train,1920,1080,91,35,0.0015359760802469136
train,1920,1080,87,36,0.0015104166666666666
train,1920,1080,87,40,0.0016782407407407408
train,1920,1080,96,33,0.0015277777777777779
train,1920,1080,60,24,0.0006944444444444445
train,1920,1080,54,27,0.000703125
train,1920,1080,63,21,0.0006380208333333333
train,1920,1080,87,29,0.001216724537037037
train,1920,1080,55,21,0.0005570023148148149
train,1920,1080,48,21,0.0004861111111111111
train,1920,1080,65,23,0.0007209683641975309
train,1920,1080,49,23,0.0005434992283950617
train,1920,1080,87,36,0.0015104166666666666
train,1920,1080,94,40,0.0018132716049382715
train,1920,1080,64,30,0.000925925925925926
train,1920,1080,74,28,0.0009992283950617283
train,1920,1080,86,48,0.001990740740740741
train,1920,1080,91,38,0.001667631172839506
train,1920,1080,105,46,0.0023292824074074075
train,1920,1080,109,42,0.00220775462962963
train,1920,1080,95,38,0.0017409336419753087
train,1920,1080,82,34,0.0013445216049382716
train,1920,1080,34,15,0.00024594907407407405
train,1920,1080,32,14,0.0002160493827160494
train,1920,1080,34,17,0.00027874228395061726
train,1920,1080,37,18,0.00032118055555555556
train,1920,1080,28,11,0.00014853395061728396
train,1920,1080,49,14,0.0003308256172839506
train,1920,1080,48,22,0.0005092592592592592
train,1920,1080,62,22,0.0006577932098765432
train,1920,1080,46,20,0.00044367283950617285
train,1920,1080,50,20,0.00048225308641975306
train,1920,1080,78,32,0.0012037037037037038
train,1920,1080,134,54,0.0034895833333333333
train,1920,1080,94,34,0.001541280864197531
train,1920,1080,93,38,0.0017042824074074074
train,1920,1080,142,48,0.003287037037037037
train,1920,1080,178,87,0.0074681712962962965
train,1920,1080,119,43,0.0024676890432098766
train,1920,1080,93,37,0.0016594328703703704
train,1920,1080,62,26,0.000777391975308642
train,1920,1080,59,25,0.0007113233024691358
train,1920,1080,62,24,0.0007175925925925926
train,1920,1080,62,29,0.0008670910493827161
train,1920,1080,75,32,0.0011574074074074073
train,1920,1080,76,33,0.0012094907407407408
train,1920,1080,72,35,0.0012152777777777778
train,1920,1080,69,25,0.0008318865740740741
train,1920,1080,77,28,0.0010397376543209876
train,1920,1080,78,36,0.0013541666666666667
train,1920,1080,80,29,0.0011188271604938272
train,1920,1080,73,29,0.0010209297839506174
train,1920,1080,77,28,0.0010397376543209876
train,1920,1080,96,39,0.0018055555555555555
train,1920,1080,170,64,0.005246913580246914
train,1920,1080,201,72,0.0069791666666666665
train,1920,1080,188,73,0.006618441358024692
train,1920,1080,158,56,0.004266975308641975
train,1920,1080,51,26,0.0006394675925925926
train,1920,1080,47,23,0.0005213155864197531
train,1920,1080,60,27,0.00078125
train,1920,1080,27,16,0.00020833333333333335
train,1920,1080,61,22,0.0006471836419753086
train,1920,1080,54,32,0.0008333333333333334
train,1920,1080,52,26,0.0006520061728395062
train,1920,1080,54,20,0.0005208333333333333
train,1920,1080,76,33,0.0012094907407407408
train,1920,1080,52,22,0.0005516975308641975
train,1920,1080,47,22,0.0004986496913580246
train,1920,1080,47,32,0.0007253086419753087
train,1920,1080,47,21,0.0004759837962962963
train,1920,1080,34,17,0.00027874228395061726
train,1920,1080,44,18,0.00038194444444444446
train,1920,1080,32,19,0.0002932098765432099
train,1920,1080,36,21,0.00036458333333333335
train,1920,1080,40,16,0.00030864197530864197
train,1920,1080,82,50,0.0019772376543209878
train,1920,1080,47,25,0.0005666473765432099
train,1920,1080,38,15,0.0002748842592592593
train,1920,1080,36,15,0.00026041666666666666
train,1920,1080,53,26,0.0006645447530864197
train,1920,1080,47,21,0.0004759837962962963
train,1920,1080,50,18,0.00043402777777777775
train,1920,1080,62,28,0.0008371913580246913
train,1920,1080,72,38,0.0013194444444444445
train,1920,1080,68,26,0.0008526234567901235
train,1920,1080,45,29,0.0006293402777777778
train,1920,1080,34,17,0.00027874228395061726
train,1920,1080,43,18,0.0003732638888888889
train,1920,1080,42,18,0.00036458333333333335
train,1920,1080,47,21,0.0004759837962962963
train,1920,1080,44,22,0.00046682098765432096
train,1920,1080,144,71,0.004930555555555555
train,1920,1080,58,24,0.0006712962962962962
train,1920,1080,49,23,0.0005434992283950617
train,1920,1080,50,21,0.0005063657407407407
train,1920,1080,43,22,0.00045621141975308644
train,1920,1080,34,18,0.0002951388888888889
train,1920,1080,42,19,0.00038483796296296297
train,1920,1080,39,27,0.0005078125
train,1920,1080,38,24,0.0004398148148148148
train,1920,1080,42,18,0.00036458333333333335
train,1920,1080,37,16,0.00028549382716049385
train,1920,1080,35,23,0.00038821373456790123
train,1920,1080,47,22,0.0004986496913580246
train,1920,1080,69,30,0.0009982638888888888
train,1920,1080,78,35,0.0013165509259259259
train,1920,1080,77,41,0.0015224729938271605
train,1920,1080,89,37,0.0015880594135802468
train,1920,1080,93,42,0.0018836805555555555
train,1920,1080,49,26,0.0006143904320987654
train,1920,1080,50,30,0.0007233796296296296
train,1920,1080,49,21,0.0004962384259259259
train,1920,1080,58,23,0.0006433256172839507
train,1920,1080,56,38,0.0010262345679012345
train,1920,1080,71,37,0.0012668788580246914
train,1920,1080,62,25,0.0007474922839506172
train,1920,1080,55,38,0.001007908950617284
train,1920,1080,58,26,0.0007272376543209876
train,1920,1080,54,25,0.0006510416666666666
train,1920,1080,54,26,0.0006770833333333334
train,1920,1080,53,26,0.0006645447530864197
train,1920,1080,55,23,0.0006100501543209876
train,1920,1080,56,25,0.0006751543209876543
train,1920,1080,58,22,0.000615354938271605
train,1920,1080,58,29,0.0008111496913580247
train,1920,1080,116,52,0.0029089506172839505
train,1920,1080,118,51,0.002902199074074074
train,1920,1080,76,34,0.0012461419753086419
train,1920,1080,76,31,0.0011361882716049382
train,1920,1080,70,31,0.0010464891975308641
train,1920,1080,73,33,0.0011617476851851851
train,1920,1080,104,41,0.002056327160493827
train,1920,1080,170,92,0.0075424382716049385
train,1920,1080,233,124,0.013933256172839506
train,1920,1080,156,74,0.005567129629629629
train,1920,1080,86,55,0.002281057098765432
train,1920,1080,87,58,0.002433449074074074
train,1920,1080,83,43,0.0017211612654320987
train,1920,1080,77,46,0.0017081404320987653
train,1920,1080,67,53,0.0017124807098765431
train,1920,1080,77,32,0.0011882716049382716
train,1920,1080,67,28,0.0009047067901234568
train,1920,1080,70,32,0.0010802469135802468
train,1920,1080,67,32,0.0010339506172839506
train,1920,1080,69,31,0.0010315393518518518
train,1920,1080,115,50,0.0027729552469135804
train,1920,1080,29,15,0.0002097800925925926
train,1920,1080,20,8,7.716049382716049e-05
train,1920,1080,30,14,0.0002025462962962963
train,1920,1080,31,16,0.00023919753086419754
train,1920,1080,26,16,0.00020061728395061727
train,1920,1080,32,12,0.00018518518518518518
train,1920,1080,22,12,0.0001273148148148148
train,1920,1080,26,13,0.00016300154320987654
train,1920,1080,30,11,0.00015914351851851853
train,1920,1080,25,13,0.00015673225308641974
train,1920,1080,29,12,0.00016782407407407406
train,1920,1080,31,12,0.00017939814814814815
train,1920,1080,36,12,0.00020833333333333335
train,1920,1080,38,14,0.0002565586419753086
train,1920,1080,39,15,0.00028211805555555553
train,1920,1080,40,16,0.00030864197530864197
train,1920,1080,41,16,0.00031635802469135804
train,1920,1080,41,16,0.00031635802469135804
train,1920,1080,41,17,0.0003361304012345679
train,1920,1080,42,16,0.00032407407407407406
train,1920,1080,57,27,0.0007421875
train,1920,1080,60,26,0.0007523148148148148
train,1920,1080,35,17,0.0002869405864197531
train,1920,1080,23,9,9.98263888888889e-05
train,1920,1080,24,9,0.00010416666666666667
train,1920,1080,22,11,0.00011670524691358024
train,1920,1080,24,11,0.0001273148148148148
train,1920,1080,23,7,7.764274691358025e-05
train,1920,1080,21,9,9.114583333333334e-05
train,1920,1080,32,11,0.00016975308641975308
train,1920,1080,28,11,0.00014853395061728396
train,1920,1080,25,11,0.0001326195987654321
train,1920,1080,29,11,0.00015383873456790124
train,1920,1080,30,15,0.00021701388888888888
train,1920,1080,30,19,0.0002748842592592593
train,1920,1080,33,12,0.00019097222222222223
train,1920,1080,37,14,0.0002498070987654321
train,1920,1080,33,17,0.00027054398148148147
train,1920,1080,37,13,0.00023196373456790123
train,1920,1080,29,12,0.00016782407407407406
train,1920,1080,27,12,0.00015625
train,1920,1080,24,11,0.0001273148148148148
train,1920,1080,20,12,0.00011574074074074075
train,1920,1080,20,12,0.00011574074074074075
train,1920,1080,19,9,8.246527777777778e-05
train,1920,1080,18,10,8.680555555555556e-05
train,1920,1080,23,10,0.00011091820987654321
train,1920,1080,25,12,0.00014467592592592592
train,1920,1080,23,13,0.00014419367283950618
train,1920,1080,25,13,0.00015673225308641974
train,1920,1080,30,13,0.0001880787037037037
train,1920,1080,43,25,0.0005184220679012346
train,1920,1080,50,27,0.0006510416666666666
train,1920,1080,54,22,0.0005729166666666667
train,1920,1080,38,16,0.0002932098765432099
train,1920,1080,33,16,0.0002546296296296296
train,1920,1080,31,20,0.00029899691358024693
train,1920,1080,33,19,0.0003023726851851852
train,1920,1080,38,23,0.0004214891975308642
train,1920,1080,40,20,0.00038580246913580245
train,1920,1080,31,15,0.00022424768518518518
train,1920,1080,37,17,0.0003033371913580247
train,1920,1080,32,16,0.0002469135802469136
train,1920,1080,43,22,0.00045621141975308644
train,1920,1080,48,23,0.0005324074074074074
train,1920,1080,59,36,0.0010243055555555556
train,1920,1080,60,39,0.0011284722222222221
train,1920,1080,29,14,0.00019579475308641975
train,1920,1080,31,16,0.00023919753086419754
train,1920,1080,31,18,0.0002690972222222222
train,1920,1080,31,19,0.00028404706790123455
train,1920,1080,38,19,0.0003481867283950617
train,1920,1080,35,19,0.0003206983024691358
train,1920,1080,34,20,0.0003279320987654321
train,1920,1080,31,19,0.00028404706790123455
train,1920,1080,25,16,0.00019290123456790122
train,1920,1080,21,14,0.00014178240740740742
train,1920,1080,37,20,0.0003568672839506173
train,1920,1080,39,16,0.00030092592592592595
train,1920,1080,56,33,0.0008912037037037037
train,1920,1080,46,23,0.0005102237654320988
train,1920,1080,28,18,0.00024305555555555555
train,1920,1080,28,18,0.00024305555555555555
train,1920,1080,33,14,0.00022280092592592593
train,1920,1080,25,18,0.00021701388888888888
train,1920,1080,20,10,9.645061728395061e-05
train,1920,1080,17,10,8.198302469135803e-05
train,1920,1080,20,9,8.680555555555556e-05
train,1920,1080,17,12,9.837962962962963e-05
train,1920,1080,19,14,0.0001282793209876543
train,1920,1080,30,14,0.0002025462962962963
train,1920,1080,27,12,0.00015625
train,1920,1080,23,15,0.0001663773148148148
train,1920,1080,24,14,0.00016203703703703703
train,1920,1080,22,14,0.00014853395061728396
train,1920,1080,19,11,0.00010079089506172839
train,1920,1080,20,11,0.00010609567901234568
train,1920,1080,17,11,9.018132716049383e-05
train,1920,1080,17,12,9.837962962962963e-05
train,1920,1080,13,9,5.642361111111111e-05
train,1920,1080,15,8,5.787037037037037e-05
train,1920,1080,19,9,8.246527777777778e-05
train,1920,1080,16,9,6.944444444444444e-05
train,1920,1080,20,9,8.680555555555556e-05
train,1920,1080,16,9,6.944444444444444e-05
train,1920,1080,19,13,0.00011911651234567901
train,1920,1080,20,12,0.00011574074074074075
train,1920,1080,19,12,0.0001099537037037037
train,1920,1080,16,10,7.716049382716049e-05
train,1920,1080,20,12,0.00011574074074074075
train,1920,1080,23,13,0.00014419367283950618
train,1920,1080,25,16,0.00019290123456790122
train,1920,1080,31,14,0.00020929783950617283
train,1920,1080,24,18,0.00020833333333333335
train,1920,1080,32,16,0.0002469135802469136
train,1920,1080,43,18,0.0003732638888888889
train,1920,1080,37,18,0.00032118055555555556
train,1920,1080,38,26,0.00047646604938271606
train,1920,1080,24,15,0.00017361111111111112
train,1920,1080,31,13,0.0001943479938271605
train,1920,1080,24,16,0.00018518518518518518
train,1920,1080,23,20,0.00022183641975308642
train,1920,1080,28,22,0.0002970679012345679
train,1920,1080,25,14,0.00016878858024691357
train,1920,1080,32,16,0.0002469135802469136
train,1920,1080,34,15,0.00024594907407407405
train,1920,1080,24,11,0.0001273148148148148
train,1920,1080,60,28,0.0008101851851851852
train,1920,1080,68,30,0.0009837962962962962
train,1920,1080,40,24,0.000462962962962963
train,1920,1080,43,19,0.0003940007716049383
train,1920,1080,35,15,0.00025318287037037036
train,1920,1080,38,17,0.00031153549382716047
train,1920,1080,31,15,0.00022424768518518518
train,1920,1080,33,15,0.00023871527777777777
train,1920,1080,32,13,0.00020061728395061727
train,1920,1080,27,12,0.00015625
train,1920,1080,38,16,0.0002932098765432099
train,1920,1080,36,17,0.0002951388888888889
train,1920,1080,20,7,6.751543209876543e-05
train,1920,1080,33,13,0.00020688657407407407
train,1920,1080,19,11,0.00010079089506172839
train,1920,1080,17,9,7.378472222222222e-05
train,1920,1080,19,10,9.162808641975309e-05
train,1920,1080,20,12,0.00011574074074074075
train,1920,1080,49,21,0.0004962384259259259
train,1920,1080,30,16,0.0002314814814814815
train,1920,1080,47,19,0.0004306520061728395
train,1920,1080,41,16,0.00031635802469135804
train,1920,1080,34,18,0.0002951388888888889
train,1920,1080,37,17,0.0003033371913580247
train,1920,1080,33,14,0.00022280092592592593
train,1920,1080,41,18,0.0003559027777777778
train,1920,1080,38,19,0.0003481867283950617
train,1920,1080,36,14,0.00024305555555555555
train,1920,1080,41,15,0.00029658564814814814
train,1920,1080,39,16,0.00030092592592592595
train,1920,1080,36,20,0.00034722222222222224
train,1920,1080,40,17,0.0003279320987654321
train,1920,1080,52,25,0.000626929012345679
train,1920,1080,47,16,0.00036265432098765433
train,1920,1080,48,17,0.0003935185185185185
train,1920,1080,45,27,0.0005859375
train,1920,1080,54,21,0.000546875
train,1920,1080,48,21,0.0004861111111111111
train,1920,1080,45,23,0.0004991319444444444
train,1920,1080,26,16,0.00020061728395061727
train,1920,1080,28,18,0.00024305555555555555
train,1920,1080,27,18,0.000234375
train,1920,1080,25,13,0.00015673225308641974
train,1920,1080,29,14,0.00019579475308641975
train,1920,1080,75,29,0.001048900462962963
train,1920,1080,45,20,0.00043402777777777775
train,1920,1080,48,25,0.0005787037037037037
train,1920,1080,43,21,0.00043547453703703706
train,1920,1080,48,23,0.0005324074074074074
train,1920,1080,45,22,0.00047743055555555554
train,1920,1080,49,22,0.0005198688271604938
train,1920,1080,50,18,0.00043402777777777775
train,1920,1080,62,28,0.0008371913580246913
train,1920,1080,51,24,0.0005902777777777778
train,1920,1080,44,15,0.00031828703703703706
train,1920,1080,44,18,0.00038194444444444446
train,1920,1080,49,19,0.00044897762345679014
train,1920,1080,67,29,0.0009370177469135802
train,1920,1080,47,18,0.00040798611111111114
train,1920,1080,40,18,0.00034722222222222224
train,1920,1080,51,17,0.00041811342592592594
train,1920,1080,54,20,0.0005208333333333333
train,1920,1080,48,23,0.0005324074074074074
train,1920,1080,51,18,0.0004427083333333333
train,1920,1080,45,23,0.0004991319444444444
train,1920,1080,49,25,0.0005907600308641976
train,1920,1080,53,22,0.0005623070987654321
train,1920,1080,42,19,0.00038483796296296297
train,1920,1080,43,21,0.00043547453703703706
train,1920,1080,52,23,0.0005767746913580247
train,1920,1080,47,26,0.0005893132716049382
train,1920,1080,47,19,0.0004306520061728395
train,1920,1080,48,18,0.0004166666666666667
train,1920,1080,23,11,0.00012201003086419753
train,1920,1080,23,12,0.00013310185185185186
train,1920,1080,24,11,0.0001273148148148148
train,1920,1080,19,12,0.0001099537037037037
train,1920,1080,19,10,9.162808641975309e-05
train,1920,1080,23,10,0.00011091820987654321
train,1920,1080,23,11,0.00012201003086419753
train,1920,1080,16,7,5.401234567901235e-05
train,1920,1080,17,10,8.198302469135803e-05
train,1920,1080,18,9,7.8125e-05
train,1920,1080,18,11,9.548611111111112e-05
train,1920,1080,17,10,8.198302469135803e-05
train,1920,1080,18,10,8.680555555555556e-05
train,1920,1080,18,10,8.680555555555556e-05
train,1920,1080,20,8,7.716049382716049e-05
train,1920,1080,21,10,0.00010127314814814815
train,1920,1080,18,9,7.8125e-05
train,1920,1080,19,12,0.0001099537037037037
train,1920,1080,21,14,0.00014178240740740742
train,1920,1080,16,10,7.716049382716049e-05
train,1920,1080,23,12,0.00013310185185185186
train,1920,1080,14,8,5.401234567901235e-05
train,1920,1080,12,9,5.208333333333334e-05
train,1920,1080,28,14,0.0001890432098765432
train,1920,1080,28,11,0.00014853395061728396
train,1920,1080,23,11,0.00012201003086419753
train,1920,1080,15,10,7.233796296296296e-05
train,1920,1080,14,8,5.401234567901235e-05
train,1920,1080,21,8,8.101851851851852e-05
train,1920,1080,29,13,0.0001818094135802469
train,1920,1080,18,12,0.00010416666666666667
train,1920,1080,16,10,7.716049382716049e-05
train,1920,1080,19,9,8.246527777777778e-05
train,1920,1080,18,12,0.00010416666666666667
train,1920,1080,17,8,6.558641975308642e-05
train,1920,1080,20,9,8.680555555555556e-05
train,1920,1080,23,14,0.0001552854938271605
train,1920,1080,20,9,8.680555555555556e-05
train,1920,1080,21,10,0.00010127314814814815
train,1920,1080,16,10,7.716049382716049e-05
train,1920,1080,26,15,0.0001880787037037037
train,1920,1080,19,15,0.00013744212962962964
train,1920,1080,37,16,0.00028549382716049385
train,1920,1080,37,14,0.0002498070987654321
train,1920,1080,35,15,0.00025318287037037036
train,1920,1080,26,18,0.00022569444444444443
train,1920,1080,37,15,0.00026765046296296297
train,1920,1080,35,20,0.00033757716049382714
train,1920,1080,34,14,0.00022955246913580247
train,1920,1080,31,19,0.00028404706790123455
train,1920,1080,29,12,0.00016782407407407406
train,1920,1080,29,11,0.00015383873456790124
train,1920,1080,29,17,0.00023775077160493826
train,1920,1080,35,17,0.0002869405864197531
train,1920,1080,31,15,0.00022424768518518518
train,1920,1080,36,16,0.0002777777777777778
train,1920,1080,19,11,0.00010079089506172839
train,1920,1080,30,22,0.00031828703703703706
train,1920,1080,35,27,0.0004557291666666667
train,1920,1080,30,10,0.00014467592592592592
train,1920,1080,44,19,0.00040316358024691356
train,1920,1080,54,26,0.0006770833333333334
train,1920,1080,25,14,0.00016878858024691357
train,1920,1080,27,12,0.00015625
train,1920,1080,27,12,0.00015625
train,1920,1080,25,11,0.0001326195987654321
train,1920,1080,24,10,0.00011574074074074075
train,1920,1080,28,22,0.0002970679012345679
train,1920,1080,27,12,0.00015625
train,1920,1080,24,12,0.0001388888888888889
train,1920,1080,25,12,0.00014467592592592592
train,1920,1080,16,11,8.487654320987654e-05
train,1920,1080,25,13,0.00015673225308641974
train,1920,1080,24,8,9.259259259259259e-05
train,1920,1080,29,16,0.00022376543209876544
train,1920,1080,24,17,0.00019675925925925926
train,1920,1080,31,18,0.0002690972222222222
train,1920,1080,17,10,8.198302469135803e-05
train,1920,1080,33,14,0.00022280092592592593
train,1920,1080,31,15,0.00022424768518518518
train,1920,1080,33,20,0.00031828703703703706
train,1920,1080,66,26,0.0008275462962962963
train,1920,1080,61,26,0.0007648533950617284
train,1920,1080,69,23,0.0007653356481481481
train,1920,1080,59,20,0.0005690586419753086
train,1920,1080,41,17,0.0003361304012345679
train,1920,1080,44,18,0.00038194444444444446
train,1920,1080,69,30,0.0009982638888888888
train,1920,1080,55,22,0.0005835262345679012
train,1920,1080,54,29,0.0007552083333333333
train,1920,1080,54,24,0.000625
train,1920,1080,59,24,0.0006828703703703704
train,1920,1080,54,20,0.0005208333333333333
train,1920,1080,47,18,0.00040798611111111114
train,1920,1080,55,21,0.0005570023148148149
train,1920,1080,70,28,0.000945216049382716
train,1920,1080,78,28,0.0010532407407407407
train,1920,1080,59,34,0.0009673996913580247
train,1920,1080,68,34,0.001114969135802469
train,1920,1080,46,27,0.0005989583333333333
train,1920,1080,52,22,0.0005516975308641975
train,1920,1080,78,32,0.0012037037037037038
train,1920,1080,75,37,0.001338252314814815
train,1920,1080,82,37,0.0014631558641975309
train,1920,1080,99,45,0.0021484375
train,1920,1080,67,28,0.0009047067901234568
train,1920,1080,86,37,0.0015345293209876544
train,1920,1080,95,44,0.002015817901234568
train,1920,1080,63,25,0.0007595486111111111
train,1920,1080,63,25,0.0007595486111111111
train,1920,1080,62,26,0.000777391975308642
train,1920,1080,66,23,0.0007320601851851852
train,1920,1080,55,21,0.0005570023148148149
train,1920,1080,83,34,0.0013609182098765433
train,1920,1080,64,29,0.0008950617283950618
train,1920,1080,59,29,0.0008251350308641975
train,1920,1080,65,30,0.0009403935185185185
train,1920,1080,62,24,0.0007175925925925926
train,1920,1080,54,23,0.0005989583333333333
train,1920,1080,50,23,0.000554591049382716
train,1920,1080,55,23,0.0006100501543209876
train,1920,1080,50,22,0.0005304783950617284
train,1920,1080,71,25,0.0008559992283950617
train,1920,1080,81,35,0.0013671875
train,1920,1080,28,13,0.00017554012345679014
train,1920,1080,23,12,0.00013310185185185186
train,1920,1080,23,14,0.0001552854938271605
train,1920,1080,21,9,9.114583333333334e-05
train,1920,1080,20,10,9.645061728395061e-05
train,1920,1080,29,16,0.00022376543209876544
train,1920,1080,29,16,0.00022376543209876544
train,1920,1080,33,17,0.00027054398148148147
train,1920,1080,30,12,0.00017361111111111112
train,1920,1080,29,12,0.00016782407407407406
train,1920,1080,29,17,0.00023775077160493826
train,1920,1080,30,16,0.0002314814814814815
train,1920,1080,26,19,0.00023823302469135803
train,1920,1080,27,18,0.000234375
train,1920,1080,28,16,0.0002160493827160494
train,1920,1080,33,15,0.00023871527777777777
train,1920,1080,36,20,0.00034722222222222224
train,1920,1080,49,24,0.0005671296296296297
train,1920,1080,43,22,0.00045621141975308644
train,1920,1080,35,20,0.00033757716049382714
train,1920,1080,41,20,0.00039544753086419754
train,1920,1080,42,24,0.0004861111111111111
train,1920,1080,41,22,0.0004349922839506173
train,1920,1080,41,23,0.00045476466049382714
train,1920,1080,39,24,0.00045138888888888887
train,1920,1080,46,19,0.0004214891975308642
train,1920,1080,49,21,0.0004962384259259259
train,1920,1080,44,17,0.0003607253086419753
train,1920,1080,44,21,0.00044560185185185187
train,1920,1080,49,24,0.0005671296296296297
train,1920,1080,51,24,0.0005902777777777778
train,1920,1080,55,28,0.0007426697530864198
train,1920,1080,55,21,0.0005570023148148149
train,1920,1080,56,29,0.000783179012345679
train,1920,1080,51,32,0.000787037037037037
train,1920,1080,38,25,0.0004581404320987654
train,1920,1080,50,29,0.0006992669753086419
train,1920,1080,50,24,0.0005787037037037037
train,1920,1080,51,28,0.0006886574074074074
train,1920,1080,21,8,8.101851851851852e-05
train,1920,1080,16,10,7.716049382716049e-05
train,1920,1080,25,13,0.00015673225308641974
train,1920,1080,27,14,0.00018229166666666667
train,1920,1080,24,12,0.0001388888888888889
train,1920,1080,38,18,0.0003298611111111111
train,1920,1080,28,23,0.000310570987654321
train,1920,1080,26,12,0.00015046296296296297
train,1920,1080,30,17,0.00024594907407407405
train,1920,1080,35,23,0.00038821373456790123
train,1920,1080,48,19,0.0004398148148148148
train,1920,1080,52,22,0.0005516975308641975
train,1920,1080,36,16,0.0002777777777777778
train,1920,1080,39,21,0.0003949652777777778
train,1920,1080,40,17,0.0003279320987654321
train,1920,1080,34,18,0.0002951388888888889
train,1920,1080,31,14,0.00020929783950617283
train,1920,1080,34,17,0.00027874228395061726
train,1920,1080,39,16,0.00030092592592592595
train,1920,1080,36,13,0.00022569444444444443
train,1920,1080,25,13,0.00015673225308641974
train,1920,1080,31,15,0.00022424768518518518
train,1920,1080,43,27,0.0005598958333333334
train,1920,1080,40,24,0.000462962962962963
train,1920,1080,55,24,0.0006365740740740741
train,1920,1080,51,22,0.0005410879629629629
train,1920,1080,49,21,0.0004962384259259259
train,1920,1080,51,22,0.0005410879629629629
train,1920,1080,52,22,0.0005516975308641975
train,1920,1080,57,26,0.0007146990740740741
train,1920,1080,66,31,0.0009866898148148148
train,1920,1080,83,47,0.0018812692901234568
train,1920,1080,55,24,0.0006365740740740741
train,1920,1080,48,22,0.0005092592592592592
train,1920,1080,40,18,0.00034722222222222224
train,1920,1080,36,19,0.0003298611111111111
train,1920,1080,29,18,0.0002517361111111111
train,1920,1080,40,19,0.00036651234567901237
train,1920,1080,32,17,0.0002623456790123457
train,1920,1080,37,17,0.0003033371913580247
train,1920,1080,37,17,0.0003033371913580247
train,1920,1080,55,28,0.0007426697530864198
train,1920,1080,51,20,0.0004918981481481481
train,1920,1080,52,23,0.0005767746913580247
train,1920,1080,47,20,0.0004533179012345679
train,1920,1080,45,24,0.0005208333333333333
train,1920,1080,44,19,0.00040316358024691356
train,1920,1080,48,20,0.000462962962962963
train,1920,1080,43,22,0.00045621141975308644
train,1920,1080,40,21,0.0004050925925925926
train,1920,1080,48,23,0.0005324074074074074
train,1920,1080,50,26,0.000626929012345679
train,1920,1080,50,23,0.000554591049382716
train,1920,1080,80,35,0.0013503086419753086
train,1920,1080,62,26,0.000777391975308642
train,1920,1080,45,21,0.0004557291666666667
train,1920,1080,43,20,0.0004147376543209877
train,1920,1080,43,22,0.00045621141975308644
train,1920,1080,48,23,0.0005324074074074074
train,1920,1080,51,22,0.0005410879629629629
train,1920,1080,48,21,0.0004861111111111111
train,1920,1080,27,15,0.0001953125
train,1920,1080,29,14,0.00019579475308641975
train,1920,1080,32,17,0.0002623456790123457
train,1920,1080,33,16,0.0002546296296296296
train,1920,1080,30,14,0.0002025462962962963
train,1920,1080,29,17,0.00023775077160493826
train,1920,1080,43,19,0.0003940007716049383
train,1920,1080,31,16,0.00023919753086419754
train,1920,1080,33,15,0.00023871527777777777
train,1920,1080,36,19,0.0003298611111111111
train,1920,1080,39,18,0.0003385416666666667
train,1920,1080,16,11,8.487654320987654e-05
train,1920,1080,27,18,0.000234375
train,1920,1080,27,16,0.00020833333333333335
train,1920,1080,29,18,0.0002517361111111111
train,1920,1080,35,26,0.00043885030864197533
train,1920,1080,52,25,0.000626929012345679
train,1920,1080,42,27,0.000546875
train,1920,1080,41,21,0.0004152199074074074
train,1920,1080,25,19,0.0002290702160493827
train,1920,1080,26,12,0.00015046296296296297
train,1920,1080,26,13,0.00016300154320987654
train,1920,1080,28,13,0.00017554012345679014
train,1920,1080,34,20,0.0003279320987654321
train,1920,1080,37,22,0.000392554012345679
train,1920,1080,29,15,0.0002097800925925926
train,1920,1080,32,16,0.0002469135802469136
train,1920,1080,30,21,0.00030381944444444445
train,1920,1080,31,16,0.00023919753086419754
train,1920,1080,35,22,0.0003713348765432099
train,1920,1080,35,18,0.00030381944444444445
train,1920,1080,29,13,0.0001818094135802469
train,1920,1080,25,14,0.00016878858024691357
train,1920,1080,27,13,0.00016927083333333334
train,1920,1080,23,18,0.0001996527777777778
train,1920,1080,39,18,0.0003385416666666667
train,1920,1080,47,23,0.0005213155864197531
train,1920,1080,81,41,0.0016015625
train,1920,1080,76,37,0.0013560956790123458
train,1920,1080,138,74,0.004924768518518518
train,1920,1080,124,58,0.0034683641975308643
train,1920,1080,70,40,0.0013503086419753086
train,1920,1080,61,46,0.0013532021604938272
train,1920,1080,33,17,0.00027054398148148147
train,1920,1080,35,18,0.00030381944444444445
train,1920,1080,45,20,0.00043402777777777775
train,1920,1080,43,22,0.00045621141975308644
train,1920,1080,28,15,0.0002025462962962963
train,1920,1080,31,15,0.00022424768518518518
train,1920,1080,29,14,0.00019579475308641975
train,1920,1080,33,15,0.00023871527777777777
train,1920,1080,30,15,0.00021701388888888888
train,1920,1080,37,16,0.00028549382716049385
train,1920,1080,62,22,0.0006577932098765432
train,1920,1080,56,23,0.000621141975308642
train,1920,1080,45,22,0.00047743055555555554
train,1920,1080,48,19,0.0004398148148148148
train,1920,1080,49,19,0.00044897762345679014
train,1920,1080,44,18,0.00038194444444444446
train,1920,1080,50,20,0.00048225308641975306
train,1920,1080,39,19,0.00035734953703703704
train,1920,1080,44,23,0.0004880401234567901
train,1920,1080,38,17,0.00031153549382716047
train,1920,1080,32,18,0.0002777777777777778
train,1920,1080,31,15,0.00022424768518518518
train,1920,1080,34,14,0.00022955246913580247
train,1920,1080,37,17,0.0003033371913580247
train,1920,1080,40,22,0.0004243827160493827
train,1920,1080,43,24,0.0004976851851851852
train,1920,1080,64,39,0.0012037037037037038
train,1920,1080,59,30,0.000853587962962963
train,1920,1080,40,25,0.00048225308641975306
train,1920,1080,51,23,0.0005656828703703704
train,1920,1080,53,26,0.0006645447530864197
train,1920,1080,50,29,0.0006992669753086419
train,1920,1080,62,25,0.0007474922839506172
train,1920,1080,53,21,0.0005367476851851851
train,1920,1080,52,22,0.0005516975308641975
train,1920,1080,66,27,0.000859375
train,1920,1080,56,25,0.0006751543209876543
train,1920,1080,55,32,0.0008487654320987654
train,1920,1080,100,44,0.0021219135802469135
train,1920,1080,101,44,0.002143132716049383
train,1920,1080,105,52,0.0026331018518518517
train,1920,1080,95,49,0.002244888117283951
train,1920,1080,65,30,0.0009403935185185185
train,1920,1080,83,39,0.0015610532407407407
train,1920,1080,73,31,0.0010913387345679012
train,1920,1080,73,33,0.0011617476851851851
train,1920,1080,47,25,0.0005666473765432099
train,1920,1080,41,21,0.0004152199074074074
train,1920,1080,55,27,0.0007161458333333333
train,1920,1080,46,22,0.0004880401234567901
train,1920,1080,34,16,0.0002623456790123457
train,1920,1080,29,18,0.0002517361111111111
train,1920,1080,50,31,0.0007474922839506172
train,1920,1080,60,34,0.0009837962962962962
train,1920,1080,36,19,0.0003298611111111111
train,1920,1080,53,23,0.000587866512345679
train,1920,1080,61,22,0.0006471836419753086
train,1920,1080,45,22,0.00047743055555555554
train,1920,1080,43,20,0.0004147376543209877
train,1920,1080,45,22,0.00047743055555555554
train,1920,1080,41,22,0.0004349922839506173
train,1920,1080,40,26,0.0005015432098765432
train,1920,1080,46,22,0.0004880401234567901
train,1920,1080,42,23,0.0004658564814814815
train,1920,1080,42,29,0.0005873842592592593
train,1920,1080,42,30,0.0006076388888888889
train,1920,1080,36,26,0.00045138888888888887
train,1920,1080,43,25,0.0005184220679012346
train,1920,1080,48,24,0.0005555555555555556
train,1920,1080,36,28,0.0004861111111111111
train,1920,1080,36,21,0.00036458333333333335
train,1920,1080,34,21,0.0003443287037037037
train,1920,1080,47,29,0.0006573109567901235
train,1920,1080,47,29,0.0006573109567901235
train,1920,1080,55,23,0.0006100501543209876
train,1920,1080,98,66,0.003119212962962963
train,1920,1080,115,43,0.002384741512345679
train,1920,1080,112,40,0.0021604938271604936
train,1920,1080,130,55,0.0034481095679012347
train,1920,1080,146,67,0.004717399691358024
train,1920,1080,125,52,0.003134645061728395
train,1920,1080,112,48,0.0025925925925925925
train,1920,1080,103,43,0.0021358989197530864
train,1920,1080,76,54,0.001979166666666667
train,1920,1080,75,34,0.0012297453703703704
train,1920,1080,77,28,0.0010397376543209876
train,1920,1080,83,33,0.0013208912037037037
train,1920,1080,78,36,0.0013541666666666667
train,1920,1080,73,29,0.0010209297839506174
train,1920,1080,83,40,0.0016010802469135802
train,1920,1080,67,34,0.0010985725308641976
train,1920,1080,69,35,0.0011646412037037038
train,1920,1080,69,31,0.0010315393518518518
train,1920,1080,70,38,0.0012827932098765432
train,1920,1080,72,32,0.0011111111111111111
train,1920,1080,75,32,0.0011574074074074073
train,1920,1080,37,35,0.0006245177469135802
train,1920,1080,43,19,0.0003940007716049383
train,1920,1080,47,30,0.0006799768518518519
train,1920,1080,56,24,0.0006481481481481481
train,1920,1080,49,24,0.0005671296296296297
train,1920,1080,44,16,0.00033950617283950616
train,1920,1080,46,23,0.0005102237654320988
train,1920,1080,45,20,0.00043402777777777775
train,1920,1080,70,35,0.001181520061728395
train,1920,1080,54,30,0.00078125
train,1920,1080,38,18,0.0003298611111111111
train,1920,1080,49,26,0.0006143904320987654
train,1920,1080,43,30,0.0006221064814814815
train,1920,1080,47,32,0.0007253086419753087
train,1920,1080,45,24,0.0005208333333333333
train,1920,1080,52,29,0.0007272376543209876
train,1920,1080,62,39,0.001166087962962963
train,1920,1080,61,28,0.0008236882716049382
train,1920,1080,47,25,0.0005666473765432099
train,1920,1080,61,26,0.0007648533950617284
train,1920,1080,48,30,0.0006944444444444445
train,1920,1080,47,28,0.000634645061728395
train,1920,1080,60,36,0.0010416666666666667
train,1920,1080,84,45,0.0018229166666666667
train,1920,1080,56,22,0.0005941358024691358
train,1920,1080,68,38,0.0012461419753086419
train,1920,1080,58,28,0.000783179012345679
train,1920,1080,66,27,0.000859375
train,1920,1080,78,33,0.0012413194444444444
train,1920,1080,69,25,0.0008318865740740741
train,1920,1080,60,30,0.0008680555555555555
train,1920,1080,54,29,0.0007552083333333333
train,1920,1080,48,16,0.00037037037037037035
train,1920,1080,36,29,0.0005034722222222222
train,1920,1080,50,23,0.000554591049382716
train,1920,1080,55,22,0.0005835262345679012
train,1920,1080,49,39,0.0009215856481481482
train,1920,1080,30,20,0.00028935185185185184
train,1920,1080,37,15,0.00026765046296296297
train,1920,1080,41,17,0.0003361304012345679
train,1920,1080,25,17,0.00020495756172839505
train,1920,1080,40,14,0.0002700617283950617
train,1920,1080,40,19,0.00036651234567901237
train,1920,1080,43,20,0.0004147376543209877
train,1920,1080,43,23,0.0004769483024691358
train,1920,1080,28,18,0.00024305555555555555
train,1920,1080,28,13,0.00017554012345679014
train,1920,1080,26,12,0.00015046296296296297
train,1920,1080,31,14,0.00020929783950617283
train,1920,1080,30,24,0.00034722222222222224
train,1920,1080,47,24,0.0005439814814814814
train,1920,1080,50,24,0.0005787037037037037
train,1920,1080,40,21,0.0004050925925925926
train,1920,1080,83,42,0.0016811342592592592
train,1920,1080,130,59,0.0036988811728395064
train,1920,1080,123,65,0.003855613425925926
train,1920,1080,130,61,0.003824266975308642
train,1920,1080,114,60,0.003298611111111111
train,1920,1080,76,61,0.0022357253086419753
train,1920,1080,128,60,0.003703703703703704
train,1920,1080,97,42,0.001964699074074074
train,1920,1080,55,29,0.0007691936728395062
train,1920,1080,63,29,0.0008810763888888889
train,1920,1080,66,29,0.0009230324074074075
train,1920,1080,59,24,0.0006828703703703704
train,1920,1080,63,37,0.0011241319444444445
train,1920,1080,75,25,0.000904224537037037
train,1920,1080,72,35,0.0012152777777777778
train,1920,1080,44,24,0.0005092592592592592
train,1920,1080,64,37,0.0011419753086419754
train,1920,1080,42,20,0.0004050925925925926
train,1920,1080,57,26,0.0007146990740740741
train,1920,1080,56,21,0.0005671296296296297
train,1920,1080,48,25,0.0005787037037037037
train,1920,1080,56,30,0.0008101851851851852
train,1920,1080,43,23,0.0004769483024691358
train,1920,1080,43,17,0.0003525270061728395
train,1920,1080,46,23,0.0005102237654320988
train,1920,1080,43,17,0.0003525270061728395
train,1920,1080,37,17,0.0003033371913580247
train,1920,1080,55,18,0.00047743055555555554
train,1920,1080,46,18,0.0003993055555555556
train,1920,1080,41,17,0.0003361304012345679
train,1920,1080,47,21,0.0004759837962962963
train,1920,1080,55,26,0.0006896219135802469
train,1920,1080,48,39,0.0009027777777777777
train,1920,1080,43,15,0.00031105324074074076
train,1920,1080,43,18,0.0003732638888888889
train,1920,1080,30,18,0.00026041666666666666
train,1920,1080,30,13,0.0001880787037037037
train,1920,1080,49,19,0.00044897762345679014
train,1920,1080,48,16,0.00037037037037037035
train,1920,1080,38,29,0.0005314429012345679
train,1920,1080,26,10,0.0001253858024691358
train,1920,1080,34,24,0.0003935185185185185
train,1920,1080,43,27,0.0005598958333333334
train,1920,1080,36,16,0.0002777777777777778
train,1920,1080,40,17,0.0003279320987654321
train,1920,1080,32,14,0.0002160493827160494
train,1920,1080,32,15,0.0002314814814814815
train,1920,1080,31,19,0.00028404706790123455
train,1920,1080,41,24,0.00047453703703703704
train,1920,1080,30,19,0.0002748842592592593
train,1920,1080,37,15,0.00026765046296296297
train,1920,1080,33,20,0.00031828703703703706
train,1920,1080,24,12,0.0001388888888888889
train,1920,1080,29,17,0.00023775077160493826
train,1920,1080,26,14,0.00017554012345679014
train,1920,1080,20,10,9.645061728395061e-05
train,1920,1080,25,12,0.00014467592592592592
train,1920,1080,60,37,0.0010706018518518519
train,1920,1080,45,26,0.0005642361111111111
train,1920,1080,37,17,0.0003033371913580247
train,1920,1080,39,21,0.0003949652777777778
train,1920,1080,34,19,0.00031153549382716047
train,1920,1080,34,18,0.0002951388888888889
train,1920,1080,33,15,0.00023871527777777777
train,1920,1080,30,14,0.0002025462962962963
train,1920,1080,34,16,0.0002623456790123457
train,1920,1080,33,14,0.00022280092592592593
train,1920,1080,34,17,0.00027874228395061726
train,1920,1080,35,19,0.0003206983024691358
train,1920,1080,23,11,0.00012201003086419753
train,1920,1080,31,15,0.00022424768518518518
train,1920,1080,29,17,0.00023775077160493826
train,1920,1080,31,17,0.0002541473765432099
train,1920,1080,31,14,0.00020929783950617283
train,1920,1080,29,16,0.00022376543209876544
train,1920,1080,27,17,0.00022135416666666666
train,1920,1080,27,12,0.00015625
train,1920,1080,30,13,0.0001880787037037037
train,1920,1080,28,17,0.00022955246913580247
train,1920,1080,26,13,0.00016300154320987654
train,1920,1080,27,14,0.00018229166666666667
train,1920,1080,33,20,0.00031828703703703706
train,1920,1080,34,20,0.0003279320987654321
train,1920,1080,31,18,0.0002690972222222222
train,1920,1080,35,20,0.00033757716049382714
train,1920,1080,29,17,0.00023775077160493826
train,1920,1080,26,15,0.0001880787037037037
train,1920,1080,122,68,0.0040007716049382715
train,1920,1080,110,59,0.0031298225308641976
train,1920,1080,114,65,0.0035734953703703705
train,1920,1080,133,68,0.004361496913580247
train,1920,1080,42,23,0.0004658564814814815
train,1920,1080,31,16,0.00023919753086419754
train,1920,1080,26,14,0.00017554012345679014
train,1920,1080,18,10,8.680555555555556e-05
train,1920,1080,23,10,0.00011091820987654321
train,1920,1080,23,14,0.0001552854938271605
train,1920,1080,19,12,0.0001099537037037037
train,1920,1080,16,10,7.716049382716049e-05
train,1920,1080,21,11,0.00011140046296296297
train,1920,1080,24,21,0.00024305555555555555
train,1920,1080,32,18,0.0002777777777777778
train,1920,1080,25,14,0.00016878858024691357
train,1920,1080,28,22,0.0002970679012345679
train,1920,1080,31,23,0.00034384645061728397
train,1920,1080,58,33,0.0009230324074074075
train,1920,1080,67,33,0.001066261574074074
train,1920,1080,49,40,0.000945216049382716
train,1920,1080,60,26,0.0007523148148148148
train,1920,1080,57,27,0.0007421875
train,1920,1080,49,24,0.0005671296296296297
train,1920,1080,55,46,0.0012201003086419753
train,1920,1080,39,30,0.0005642361111111111
train,1920,1080,28,18,0.00024305555555555555
train,1920,1080,41,33,0.0006524884259259259
train,1920,1080,46,21,0.0004658564814814815
train,1920,1080,47,29,0.0006573109567901235
train,1920,1080,35,20,0.00033757716049382714
train,1920,1080,44,34,0.0007214506172839506
train,1920,1080,40,23,0.00044367283950617285
train,1920,1080,43,22,0.00045621141975308644
train,1920,1080,47,26,0.0005893132716049382
train,1920,1080,46,29,0.0006433256172839507
train,1920,1080,33,19,0.0003023726851851852
train,1920,1080,28,22,0.0002970679012345679
train,1920,1080,37,17,0.0003033371913580247
train,1920,1080,38,17,0.00031153549382716047
train,1920,1080,33,23,0.0003660300925925926
train,1920,1080,35,19,0.0003206983024691358
train,1920,1080,35,27,0.0004557291666666667
train,1920,1080,29,17,0.00023775077160493826
train,1920,1080,43,17,0.0003525270061728395
train,1920,1080,37,23,0.00041039737654320987
train,1920,1080,29,20,0.0002797067901234568
train,1920,1080,30,23,0.0003327546296296296
train,1920,1080,41,36,0.0007118055555555556
train,1920,1080,43,19,0.0003940007716049383
train,1920,1080,39,37,0.0006958912037037037
train,1920,1080,63,31,0.0009418402777777778
train,1920,1080,49,28,0.0006616512345679012
train,1920,1080,41,20,0.00039544753086419754
train,1920,1080,46,18,0.0003993055555555556
train,1920,1080,35,24,0.0004050925925925926
train,1920,1080,52,32,0.0008024691358024691
train,1920,1080,49,43,0.0010161072530864197
train,1920,1080,60,44,0.0012731481481481483
train,1920,1080,45,19,0.0004123263888888889
train,1920,1080,59,41,0.0011665702160493826
train,1920,1080,38,31,0.0005680941358024691
train,1920,1080,66,48,0.0015277777777777779
train,1920,1080,59,27,0.0007682291666666666
train,1920,1080,48,29,0.0006712962962962962
train,1920,1080,60,18,0.0005208333333333333
train,1920,1080,54,25,0.0006510416666666666
train,1920,1080,48,22,0.0005092592592592592
train,1920,1080,77,32,0.0011882716049382716
train,1920,1080,56,27,0.0007291666666666667
train,1920,1080,48,26,0.0006018518518518519
train,1920,1080,48,23,0.0005324074074074074
train,1920,1080,48,25,0.0005787037037037037
train,1920,1080,49,32,0.0007561728395061729
train,1920,1080,49,22,0.0005198688271604938
train,1920,1080,45,35,0.0007595486111111111
train,1920,1080,38,24,0.0004398148148148148
train,1920,1080,40,26,0.0005015432098765432
train,1920,1080,26,20,0.0002507716049382716
train,1920,1080,31,18,0.0002690972222222222
train,1920,1080,51,31,0.0007624421296296296
train,1920,1080,33,28,0.00044560185185185187
train,1920,1080,37,27,0.00048177083333333335
train,1920,1080,38,29,0.0005314429012345679
train,1920,1080,60,32,0.000925925925925926
train,1920,1080,41,15,0.00029658564814814814
train,1920,1080,42,25,0.0005063657407407407
train,1920,1080,31,17,0.0002541473765432099
train,1920,1080,27,14,0.00018229166666666667
train,1920,1080,34,17,0.00027874228395061726
train,1920,1080,27,25,0.0003255208333333333
train,1920,1080,23,15,0.0001663773148148148
train,1920,1080,36,19,0.0003298611111111111
train,1920,1080,27,17,0.00022135416666666666
train,1920,1080,26,18,0.00022569444444444443
train,1920,1080,29,17,0.00023775077160493826
train,1920,1080,26,18,0.00022569444444444443
train,1920,1080,33,19,0.0003023726851851852
train,1920,1080,31,19,0.00028404706790123455
train,1920,1080,45,30,0.0006510416666666666
train,1920,1080,19,10,9.162808641975309e-05
train,1920,1080,30,19,0.0002748842592592593
train,1920,1080,79,57,0.002171585648148148
train,1920,1080,80,50,0.0019290123456790122
train,1920,1080,81,25,0.0009765625
train,1920,1080,87,47,0.0019719328703703704
train,1920,1080,139,55,0.0036868248456790125
train,1920,1080,79,27,0.0010286458333333332
train,1920,1080,57,39,0.001072048611111111
train,1920,1080,52,30,0.0007523148148148148
train,1920,1080,67,47,0.0015186149691358024
train,1920,1080,65,39,0.001222511574074074
train,1920,1080,57,24,0.0006597222222222222
train,1920,1080,92,36,0.0015972222222222223
train,1920,1080,97,54,0.0025260416666666665
train,1920,1080,66,37,0.001177662037037037
train,1920,1080,112,43,0.002322530864197531
train,1920,1080,80,31,0.0011959876543209877
train,1920,1080,95,43,0.0019700038580246913
train,1920,1080,74,33,0.001177662037037037
train,1920,1080,61,25,0.0007354359567901235
train,1920,1080,25,17,0.00020495756172839505
train,1920,1080,23,12,0.00013310185185185186
train,1920,1080,28,14,0.0001890432098765432
train,1920,1080,19,9,8.246527777777778e-05
train,1920,1080,23,10,0.00011091820987654321
train,1920,1080,34,17,0.00027874228395061726
train,1920,1080,30,20,0.00028935185185185184
train,1920,1080,42,18,0.00036458333333333335
train,1920,1080,38,16,0.0002932098765432099
train,1920,1080,43,14,0.00029031635802469137
train,1920,1080,29,18,0.0002517361111111111
train,1920,1080,26,13,0.00016300154320987654
train,1920,1080,71,35,0.0011983989197530865
train,1920,1080,71,27,0.0009244791666666667
train,1920,1080,72,31,0.0010763888888888889
train,1920,1080,67,31,0.001001639660493827
train,1920,1080,66,26,0.0008275462962962963
train,1920,1080,38,23,0.0004214891975308642
train,1920,1080,39,19,0.00035734953703703704
train,1920,1080,15,13,9.403935185185185e-05
train,1920,1080,15,13,9.403935185185185e-05
train,1920,1080,32,19,0.0002932098765432099
train,1920,1080,54,21,0.000546875
train,1920,1080,68,28,0.0009182098765432099
train,1920,1080,77,34,0.0012625385802469136
train,1920,1080,68,32,0.0010493827160493827
train,1920,1080,73,30,0.0010561342592592593
train,1920,1080,69,30,0.0009982638888888888
train,1920,1080,89,53,0.0022747878086419753
train,1920,1080,77,35,0.0012996720679012345
train,1920,1080,36,16,0.0002777777777777778
train,1920,1080,34,20,0.0003279320987654321
train,1920,1080,38,25,0.0004581404320987654
train,1920,1080,41,19,0.00037567515432098764
train,1920,1080,37,20,0.0003568672839506173
train,1920,1080,38,21,0.00038483796296296297
train,1920,1080,44,16,0.00033950617283950616
train,1920,1080,44,18,0.00038194444444444446
train,1920,1080,44,23,0.0004880401234567901
train,1920,1080,53,22,0.0005623070987654321
train,1920,1080,45,29,0.0006293402777777778
train,1920,1080,53,19,0.0004856288580246914
train,1920,1080,31,16,0.00023919753086419754
train,1920,1080,42,36,0.0007291666666666667
train,1920,1080,55,28,0.0007426697530864198
train,1920,1080,49,20,0.000472608024691358
train,1920,1080,48,29,0.0006712962962962962
train,1920,1080,50,23,0.000554591049382716
train,1920,1080,42,34,0.0006886574074074074
train,1920,1080,130,56,0.0035108024691358026
train,1920,1080,77,32,0.0011882716049382716
train,1920,1080,79,48,0.0018287037037037037
train,1920,1080,104,51,0.0025578703703703705
train,1920,1080,63,29,0.0008810763888888889
train,1920,1080,69,40,0.0013310185185185185
train,1920,1080,59,30,0.000853587962962963
train,1920,1080,70,29,0.0009789737654320987
train,1920,1080,63,42,0.0012760416666666666
train,1920,1080,79,33,0.0012572337962962962
train,1920,1080,81,45,0.0017578125
train,1920,1080,76,30,0.001099537037037037
train,1920,1080,55,37,0.0009813850308641975
train,1920,1080,59,24,0.0006828703703703704
train,1920,1080,57,31,0.0008521412037037037
train,1920,1080,61,39,0.0011472800925925925
train,1920,1080,66,25,0.0007957175925925925
train,1920,1080,70,28,0.000945216049382716
train,1920,1080,53,27,0.0006901041666666667
train,1920,1080,58,30,0.0008391203703703704
train,1920,1080,55,33,0.0008752893518518518
train,1920,1080,43,29,0.0006013695987654321
train,1920,1080,28,13,0.00017554012345679014
train,1920,1080,29,14,0.00019579475308641975
train,1920,1080,46,20,0.00044367283950617285
train,1920,1080,42,19,0.00038483796296296297
train,1920,1080,39,24,0.00045138888888888887
train,1920,1080,28,15,0.0002025462962962963
train,1920,1080,34,16,0.0002623456790123457
train,1920,1080,27,13,0.00016927083333333334
train,1920,1080,41,16,0.00031635802469135804
train,1920,1080,43,15,0.00031105324074074076
train,1920,1080,57,28,0.0007696759259259259
train,1920,1080,52,26,0.0006520061728395062
train,1920,1080,55,23,0.0006100501543209876
train,1920,1080,61,27,0.0007942708333333334
train,1920,1080,44,22,0.00046682098765432096
train,1920,1080,52,25,0.000626929012345679
train,1920,1080,33,14,0.00022280092592592593
train,1920,1080,57,30,0.0008246527777777778
train,1920,1080,32,19,0.0002932098765432099
train,1920,1080,34,16,0.0002623456790123457
train,1920,1080,58,29,0.0008111496913580247
train,1920,1080,36,18,0.0003125
train,1920,1080,42,21,0.0004253472222222222
train,1920,1080,35,15,0.00025318287037037036
train,1920,1080,49,21,0.0004962384259259259
train,1920,1080,39,13,0.0002445023148148148
train,1920,1080,33,18,0.00028645833333333333
train,1920,1080,34,22,0.0003607253086419753
train,1920,1080,38,15,0.0002748842592592593
train,1920,1080,40,22,0.0004243827160493827
train,1920,1080,47,22,0.0004986496913580246
train,1920,1080,52,29,0.0007272376543209876
train,1920,1080,37,17,0.0003033371913580247
train,1920,1080,37,20,0.0003568672839506173
train,1920,1080,60,23,0.0006655092592592592
train,1920,1080,42,25,0.0005063657407407407
train,1920,1080,48,28,0.0006481481481481481
train,1920,1080,36,16,0.0002777777777777778
train,1920,1080,32,25,0.00038580246913580245
train,1920,1080,44,22,0.00046682098765432096
train,1920,1080,40,33,0.0006365740740740741
train,1920,1080,41,19,0.00037567515432098764
train,1920,1080,100,56,0.002700617283950617
train,1920,1080,66,27,0.000859375
train,1920,1080,43,36,0.0007465277777777778
train,1920,1080,44,23,0.0004880401234567901
train,1920,1080,49,24,0.0005671296296296297
train,1920,1080,46,21,0.0004658564814814815
train,1920,1080,45,22,0.00047743055555555554
train,1920,1080,33,25,0.0003978587962962963
train,1920,1080,20,16,0.00015432098765432098
train,1920,1080,20,12,0.00011574074074074075
train,1920,1080,18,18,0.00015625
train,1920,1080,17,14,0.00011477623456790124
train,1920,1080,27,14,0.00018229166666666667
train,1920,1080,21,18,0.00018229166666666667
train,1920,1080,20,16,0.00015432098765432098
train,1920,1080,22,15,0.00015914351851851853
train,1920,1080,24,12,0.0001388888888888889
train,1920,1080,18,12,0.00010416666666666667
train,1920,1080,22,11,0.00011670524691358024
train,1920,1080,21,14,0.00014178240740740742
train,1920,1080,20,15,0.00014467592592592592
train,1920,1080,16,11,8.487654320987654e-05
train,1920,1080,20,12,0.00011574074074074075
train,1920,1080,26,22,0.00027584876543209876
train,1920,1080,18,11,9.548611111111112e-05
train,1920,1080,20,15,0.00014467592592592592
train,1920,1080,29,13,0.0001818094135802469
train,1920,1080,56,32,0.0008641975308641976
train,1920,1080,25,17,0.00020495756172839505
train,1920,1080,30,22,0.00031828703703703706
train,1920,1080,40,18,0.00034722222222222224
train,1920,1080,28,20,0.0002700617283950617
train,1920,1080,24,13,0.00015046296296296297
train,1920,1080,22,12,0.0001273148148148148
train,1920,1080,44,23,0.0004880401234567901
train,1920,1080,37,26,0.00046392746913580246
train,1920,1080,36,15,0.00026041666666666666
train,1920,1080,33,15,0.00023871527777777777
train,1920,1080,50,28,0.0006751543209876543
train,1920,1080,72,39,0.0013541666666666667
train,1920,1080,81,43,0.0016796875
train,1920,1080,81,66,0.002578125
train,1920,1080,38,27,0.0004947916666666667
train,1920,1080,40,23,0.00044367283950617285
train,1920,1080,34,24,0.0003935185185185185
train,1920,1080,58,30,0.0008391203703703704
train,1920,1080,50,21,0.0005063657407407407
train,1920,1080,50,30,0.0007233796296296296
train,1920,1080,40,28,0.0005401234567901234
train,1920,1080,30,20,0.00028935185185185184
train,1920,1080,50,26,0.000626929012345679
train,1920,1080,44,22,0.00046682098765432096
train,1920,1080,38,19,0.0003481867283950617
train,1920,1080,40,21,0.0004050925925925926
train,1920,1080,36,19,0.0003298611111111111
train,1920,1080,34,22,0.0003607253086419753
train,1920,1080,27,22,0.00028645833333333333
train,1920,1080,32,20,0.00030864197530864197
train,1920,1080,42,24,0.0004861111111111111
train,1920,1080,42,26,0.0005266203703703703
train,1920,1080,23,19,0.0002107445987654321
train,1920,1080,32,13,0.00020061728395061727
train,1920,1080,55,22,0.0005835262345679012
train,1920,1080,35,15,0.00025318287037037036
train,1920,1080,27,11,0.00014322916666666667
train,1920,1080,35,14,0.000236304012345679
train,1920,1080,43,23,0.0004769483024691358
train,1920,1080,38,29,0.0005314429012345679
train,1920,1080,35,24,0.0004050925925925926
train,1920,1080,21,13,0.00013165509259259258
train,1920,1080,31,24,0.0003587962962962963
train,1920,1080,31,23,0.00034384645061728397
train,1920,1080,67,28,0.0009047067901234568
train,1920,1080,78,43,0.001617476851851852
train,1920,1080,62,34,0.0010165895061728396
train,1920,1080,51,23,0.0005656828703703704
train,1920,1080,19,15,0.00013744212962962964
train,1920,1080,20,15,0.00014467592592592592
train,1920,1080,23,17,0.00018856095679012345
train,1920,1080,19,15,0.00013744212962962964
train,1920,1080,26,15,0.0001880787037037037
train,1920,1080,22,15,0.00015914351851851853
train,1920,1080,17,17,0.00013937114197530863
train,1920,1080,29,17,0.00023775077160493826
train,1920,1080,32,16,0.0002469135802469136
train,1920,1080,21,15,0.00015190972222222222
train,1920,1080,23,17,0.00018856095679012345
train,1920,1080,19,16,0.00014660493827160494
train,1920,1080,28,18,0.00024305555555555555
train,1920,1080,31,18,0.0002690972222222222
train,1920,1080,22,16,0.00016975308641975308
train,1920,1080,28,21,0.00028356481481481483
train,1920,1080,26,16,0.00020061728395061727
train,1920,1080,29,14,0.00019579475308641975
train,1920,1080,14,11,7.426697530864198e-05
train,1920,1080,18,12,0.00010416666666666667
train,1920,1080,29,17,0.00023775077160493826
train,1920,1080,18,10,8.680555555555556e-05
train,1920,1080,23,14,0.0001552854938271605
train,1920,1080,15,12,8.680555555555556e-05
train,1920,1080,37,19,0.00033902391975308645
train,1920,1080,29,19,0.00026572145061728395
train,1920,1080,37,21,0.00037471064814814816
train,1920,1080,37,18,0.00032118055555555556
train,1920,1080,37,20,0.0003568672839506173
train,1920,1080,26,15,0.0001880787037037037
train,1920,1080,38,22,0.00040316358024691356
train,1920,1080,43,26,0.000539158950617284
train,1920,1080,36,19,0.0003298611111111111
train,1920,1080,28,16,0.0002160493827160494
train,1920,1080,30,18,0.00026041666666666666
train,1920,1080,24,21,0.00024305555555555555
train,1920,1080,26,19,0.00023823302469135803
train,1920,1080,27,19,0.00024739583333333335
train,1920,1080,30,22,0.00031828703703703706
train,1920,1080,29,19,0.00026572145061728395
train,1920,1080,28,19,0.0002565586419753086
train,1920,1080,23,14,0.0001552854938271605
train,1920,1080,31,19,0.00028404706790123455
train,1920,1080,29,13,0.0001818094135802469
train,1920,1080,30,20,0.00028935185185185184
train,1920,1080,28,24,0.00032407407407407406
train,1920,1080,24,20,0.0002314814814814815
train,1920,1080,54,27,0.000703125
train,1920,1080,28,19,0.0002565586419753086
train,1920,1080,28,21,0.00028356481481481483
train,1920,1080,32,24,0.00037037037037037035
train,1920,1080,23,18,0.0001996527777777778
train,1920,1080,24,21,0.00024305555555555555
train,1920,1080,30,18,0.00026041666666666666
train,1920,1080,37,18,0.00032118055555555556
train,1920,1080,39,24,0.00045138888888888887
train,1920,1080,43,21,0.00043547453703703706
train,1920,1080,85,49,0.0020085841049382715
train,1920,1080,28,19,0.0002565586419753086
train,1920,1080,43,26,0.000539158950617284
train,1920,1080,41,22,0.0004349922839506173
train,1920,1080,37,23,0.00041039737654320987
train,1920,1080,28,27,0.00036458333333333335
train,1920,1080,18,11,9.548611111111112e-05
train,1920,1080,14,9,6.076388888888889e-05
train,1920,1080,40,21,0.0004050925925925926
train,1920,1080,18,11,9.548611111111112e-05
train,1920,1080,16,8,6.17283950617284e-05
train,1920,1080,22,13,0.00013792438271604938
train,1920,1080,19,6,5.497685185185185e-05
train,1920,1080,14,8,5.401234567901235e-05
train,1920,1080,40,29,0.0005594135802469136
train,1920,1080,17,14,0.00011477623456790124
train,1920,1080,25,9,0.00010850694444444444
train,1920,1080,28,24,0.00032407407407407406
train,1920,1080,12,6,3.472222222222222e-05
train,1920,1080,46,23,0.0005102237654320988
train,1920,1080,70,27,0.0009114583333333333
train,1920,1080,33,18,0.00028645833333333333
train,1920,1080,19,10,9.162808641975309e-05
train,1920,1080,18,12,0.00010416666666666667
train,1920,1080,31,17,0.0002541473765432099
train,1920,1080,52,23,0.0005767746913580247
train,1920,1080,39,21,0.0003949652777777778
train,1920,1080,66,29,0.0009230324074074075
train,1920,1080,96,45,0.0020833333333333333
train,1920,1080,206,117,0.01162326388888889
train,1920,1080,68,37,0.0012133487654320987
train,1920,1080,31,17,0.0002541473765432099
train,1920,1080,32,17,0.0002623456790123457
train,1920,1080,34,21,0.0003443287037037037
train,1920,1080,24,17,0.00019675925925925926
train,1920,1080,25,19,0.0002290702160493827
train,1920,1080,26,18,0.00022569444444444443
train,1920,1080,22,20,0.00021219135802469136
train,1920,1080,25,16,0.00019290123456790122
train,1920,1080,19,16,0.00014660493827160494
train,1920,1080,16,11,8.487654320987654e-05
train,1920,1080,15,8,5.787037037037037e-05
train,1920,1080,17,10,8.198302469135803e-05
train,1920,1080,19,9,8.246527777777778e-05
train,1920,1080,23,13,0.00014419367283950618
train,1920,1080,17,14,0.00011477623456790124
train,1920,1080,25,12,0.00014467592592592592
train,1920,1080,19,9,8.246527777777778e-05
train,1920,1080,27,16,0.00020833333333333335
train,1920,1080,23,16,0.00017746913580246913
train,1920,1080,53,34,0.000869020061728395
train,1920,1080,39,24,0.00045138888888888887
train,1920,1080,37,16,0.00028549382716049385
train,1920,1080,32,19,0.0002932098765432099
train,1920,1080,42,25,0.0005063657407407407
train,1920,1080,57,33,0.0009071180555555555
train,1920,1080,66,42,0.0013368055555555555
train,1920,1080,46,24,0.0005324074074074074
train,1920,1080,48,24,0.0005555555555555556
train,1920,1080,86,44,0.0018248456790123458
train,1920,1080,54,27,0.000703125
train,1920,1080,49,35,0.0008270640432098765
train,1920,1080,35,19,0.0003206983024691358
train,1920,1080,57,33,0.0009071180555555555
train,1920,1080,28,14,0.0001890432098765432
train,1920,1080,45,26,0.0005642361111111111
train,1920,1080,58,27,0.0007552083333333333
train,1920,1080,31,20,0.00029899691358024693
train,1920,1080,34,20,0.0003279320987654321
train,1920,1080,33,20,0.00031828703703703706
train,1920,1080,26,20,0.0002507716049382716
train,1920,1080,24,23,0.0002662037037037037
train,1920,1080,35,23,0.00038821373456790123
train,1920,1080,12,11,6.36574074074074e-05
train,1920,1080,18,12,0.00010416666666666667
train,1920,1080,18,10,8.680555555555556e-05
train,1920,1080,21,10,0.00010127314814814815
train,1920,1080,18,16,0.0001388888888888889
train,1920,1080,18,12,0.00010416666666666667
train,1920,1080,36,19,0.0003298611111111111
train,1920,1080,22,16,0.00016975308641975308
train,1920,1080,31,29,0.00043354552469135804
train,1920,1080,42,25,0.0005063657407407407
train,1920,1080,36,28,0.0004861111111111111
train,1920,1080,37,17,0.0003033371913580247
train,1920,1080,34,20,0.0003279320987654321
train,1920,1080,42,24,0.0004861111111111111
train,1920,1080,41,25,0.0004943094135802469
train,1920,1080,34,17,0.00027874228395061726
train,1920,1080,31,21,0.00031394675925925926
train,1920,1080,28,16,0.0002160493827160494
train,1920,1080,28,13,0.00017554012345679014
train,1920,1080,35,24,0.0004050925925925926
train,1920,1080,47,32,0.0007253086419753087
train,1920,1080,36,27,0.00046875
train,1920,1080,30,14,0.0002025462962962963
train,1920,1080,56,34,0.0009182098765432099
train,1920,1080,40,26,0.0005015432098765432
train,1920,1080,27,18,0.000234375
train,1920,1080,23,12,0.00013310185185185186
train,1920,1080,20,13,0.0001253858024691358
train,1920,1080,27,23,0.00029947916666666664
train,1920,1080,22,16,0.00016975308641975308
train,1920,1080,27,21,0.0002734375
train,1920,1080,21,16,0.00016203703703703703
train,1920,1080,39,22,0.00041377314814814814
train,1920,1080,42,26,0.0005266203703703703
train,1920,1080,23,18,0.0001996527777777778
train,1920,1080,29,17,0.00023775077160493826
train,1920,1080,43,22,0.00045621141975308644
train,1920,1080,58,35,0.0009789737654320987
train,1920,1080,25,15,0.0001808449074074074
train,1920,1080,34,17,0.00027874228395061726
train,1920,1080,38,17,0.00031153549382716047
train,1920,1080,39,33,0.0006206597222222222
train,1920,1080,29,14,0.00019579475308641975
train,1920,1080,44,46,0.0009760802469135802
train,1920,1080,34,14,0.00022955246913580247
train,1920,1080,43,25,0.0005184220679012346
train,1920,1080,31,28,0.00041859567901234566
train,1920,1080,22,15,0.00015914351851851853
train,1920,1080,125,56,0.0033757716049382714
train,1920,1080,91,42,0.0018431712962962963
train,1920,1080,64,25,0.0007716049382716049
train,1920,1080,57,37,0.0010170717592592592
train,1920,1080,62,26,0.000777391975308642
train,1920,1080,42,20,0.0004050925925925926
train,1920,1080,43,18,0.0003732638888888889
train,1920,1080,42,21,0.0004253472222222222
train,1920,1080,31,20,0.00029899691358024693
train,1920,1080,45,18,0.000390625
train,1920,1080,49,28,0.0006616512345679012
train,1920,1080,49,31,0.000732542438271605
train,1920,1080,56,23,0.000621141975308642
train,1920,1080,70,35,0.001181520061728395
train,1920,1080,48,23,0.0005324074074074074
train,1920,1080,47,17,0.00038532021604938273
train,1920,1080,58,28,0.000783179012345679
train,1920,1080,45,18,0.000390625
train,1920,1080,47,23,0.0005213155864197531
train,1920,1080,56,25,0.0006751543209876543
train,1920,1080,28,16,0.0002160493827160494
train,1920,1080,39,27,0.0005078125
train,1920,1080,42,26,0.0005266203703703703
train,1920,1080,45,20,0.00043402777777777775
train,1920,1080,28,24,0.00032407407407407406
train,1920,1080,29,26,0.0003636188271604938
train,1920,1080,41,19,0.00037567515432098764
train,1920,1080,37,21,0.00037471064814814816
train,1920,1080,35,25,0.00042197145061728393
train,1920,1080,39,18,0.0003385416666666667
train,1920,1080,34,21,0.0003443287037037037
train,1920,1080,36,22,0.00038194444444444446
train,1920,1080,39,22,0.00041377314814814814
train,1920,1080,61,36,0.0010590277777777779
train,1920,1080,67,38,0.0012278163580246913
train,1920,1080,122,58,0.003412422839506173
train,1920,1080,72,40,0.001388888888888889
train,1920,1080,82,40,0.0015817901234567902
train,1920,1080,69,32,0.0010648148148148149
train,1920,1080,52,34,0.0008526234567901235
train,1920,1080,31,23,0.00034384645061728397
train,1920,1080,37,18,0.00032118055555555556
train,1920,1080,34,17,0.00027874228395061726
train,1920,1080,38,21,0.00038483796296296297
train,1920,1080,37,17,0.0003033371913580247
train,1920,1080,45,19,0.0004123263888888889
train,1920,1080,31,16,0.00023919753086419754
train,1920,1080,30,15,0.00021701388888888888
train,1920,1080,31,16,0.00023919753086419754
train,1920,1080,28,21,0.00028356481481481483
train,1920,1080,40,17,0.0003279320987654321
train,1920,1080,35,18,0.00030381944444444445
train,1920,1080,29,17,0.00023775077160493826
train,1920,1080,33,18,0.00028645833333333333
train,1920,1080,37,20,0.0003568672839506173
train,1920,1080,33,20,0.00031828703703703706
train,1920,1080,34,14,0.00022955246913580247
train,1920,1080,37,15,0.00026765046296296297
train,1920,1080,25,11,0.0001326195987654321
train,1920,1080,30,15,0.00021701388888888888
train,1920,1080,40,16,0.00030864197530864197
train,1920,1080,36,23,0.0003993055555555556
train,1920,1080,35,24,0.0004050925925925926
train,1920,1080,28,18,0.00024305555555555555
train,1920,1080,42,18,0.00036458333333333335
train,1920,1080,35,19,0.0003206983024691358
train,1920,1080,46,27,0.0005989583333333333
train,1920,1080,32,17,0.0002623456790123457
train,1920,1080,22,18,0.00019097222222222223
train,1920,1080,24,16,0.00018518518518518518
train,1920,1080,30,20,0.00028935185185185184
train,1920,1080,37,19,0.00033902391975308645
train,1920,1080,34,25,0.0004099151234567901
train,1920,1080,47,19,0.0004306520061728395
train,1920,1080,31,18,0.0002690972222222222
train,1920,1080,42,12,0.00024305555555555555
train,1920,1080,33,17,0.00027054398148148147
train,1920,1080,28,19,0.0002565586419753086
train,1920,1080,27,16,0.00020833333333333335
train,1920,1080,23,16,0.00017746913580246913
train,1920,1080,44,19,0.00040316358024691356
train,1920,1080,43,30,0.0006221064814814815
train,1920,1080,42,21,0.0004253472222222222
train,1920,1080,51,24,0.0005902777777777778
train,1920,1080,62,25,0.0007474922839506172
train,1920,1080,48,37,0.0008564814814814815
train,1920,1080,113,64,0.003487654320987654
train,1920,1080,76,34,0.0012461419753086419
train,1920,1080,43,24,0.0004976851851851852
train,1920,1080,47,20,0.0004533179012345679
train,1920,1080,54,24,0.000625
train,1920,1080,49,26,0.0006143904320987654
train,1920,1080,51,24,0.0005902777777777778
train,1920,1080,32,22,0.00033950617283950616
train,1920,1080,44,22,0.00046682098765432096
train,1920,1080,32,15,0.0002314814814814815
train,1920,1080,43,24,0.0004976851851851852
train,1920,1080,32,16,0.0002469135802469136
train,1920,1080,38,20,0.00036651234567901237
train,1920,1080,29,20,0.0002797067901234568
train,1920,1080,25,15,0.0001808449074074074
train,1920,1080,23,16,0.00017746913580246913
train,1920,1080,31,18,0.0002690972222222222
train,1920,1080,45,18,0.000390625
train,1920,1080,55,24,0.0006365740740740741
train,1920,1080,37,32,0.0005709876543209877
train,1920,1080,29,16,0.00022376543209876544
train,1920,1080,49,26,0.0006143904320987654
train,1920,1080,27,22,0.00028645833333333333
train,1920,1080,45,23,0.0004991319444444444
train,1920,1080,43,27,0.0005598958333333334
train,1920,1080,45,20,0.00043402777777777775
train,1920,1080,37,23,0.00041039737654320987
train,1920,1080,37,15,0.00026765046296296297
train,1920,1080,28,17,0.00022955246913580247
train,1920,1080,27,19,0.00024739583333333335
train,1920,1080,33,17,0.00027054398148148147
train,1920,1080,39,22,0.00041377314814814814
train,1920,1080,25,15,0.0001808449074074074
train,1920,1080,29,15,0.0002097800925925926
train,1920,1080,27,19,0.00024739583333333335
train,1920,1080,30,15,0.00021701388888888888
train,1920,1080,46,19,0.0004214891975308642
train,1920,1080,38,20,0.00036651234567901237
train,1920,1080,85,38,0.0015576774691358024
train,1920,1080,54,39,0.001015625
train,1920,1080,44,24,0.0005092592592592592
train,1920,1080,26,18,0.00022569444444444443
train,1920,1080,72,41,0.0014236111111111112
train,1920,1080,25,18,0.00021701388888888888
train,1920,1080,27,20,0.00026041666666666666
train,1920,1080,25,15,0.0001808449074074074
train,1920,1080,34,15,0.00024594907407407405
train,1920,1080,27,26,0.0003385416666666667
train,1920,1080,78,33,0.0012413194444444444
train,1920,1080,69,40,0.0013310185185185185
train,1920,1080,66,35,0.0011140046296296297
train,1920,1080,79,38,0.0014477237654320987
train,1920,1080,52,35,0.0008777006172839507
train,1920,1080,36,29,0.0005034722222222222
train,1920,1080,44,16,0.00033950617283950616
train,1920,1080,44,27,0.0005729166666666667
train,1920,1080,32,18,0.0002777777777777778
train,1920,1080,35,17,0.0002869405864197531
train,1920,1080,24,17,0.00019675925925925926
train,1920,1080,19,14,0.0001282793209876543
train,1920,1080,31,18,0.0002690972222222222
train,1920,1080,28,12,0.00016203703703703703
train,1920,1080,28,12,0.00016203703703703703
train,1920,1080,35,24,0.0004050925925925926
train,1920,1080,30,16,0.0002314814814814815
train,1920,1080,27,19,0.00024739583333333335
train,1920,1080,53,37,0.0009456983024691358
train,1920,1080,49,36,0.0008506944444444444
train,1920,1080,72,47,0.0016319444444444445
train,1920,1080,42,28,0.0005671296296296297
train,1920,1080,50,28,0.0006751543209876543
train,1920,1080,41,30,0.0005931712962962963
train,1920,1080,36,16,0.0002777777777777778
train,1920,1080,43,24,0.0004976851851851852
train,1920,1080,29,23,0.00032166280864197533
train,1920,1080,29,20,0.0002797067901234568
train,1920,1080,47,29,0.0006573109567901235
train,1920,1080,41,23,0.00045476466049382714
train,1920,1080,70,31,0.0010464891975308641
train,1920,1080,39,28,0.0005266203703703703
train,1920,1080,39,26,0.0004890046296296296
train,1920,1080,32,19,0.0002932098765432099
train,1920,1080,24,14,0.00016203703703703703
train,1920,1080,35,20,0.00033757716049382714
train,1920,1080,48,29,0.0006712962962962962
train,1920,1080,49,26,0.0006143904320987654
train,1920,1080,39,21,0.0003949652777777778
train,1920,1080,44,24,0.0005092592592592592
train,1920,1080,37,16,0.00028549382716049385
train,1920,1080,33,19,0.0003023726851851852
train,1920,1080,23,16,0.00017746913580246913
train,1920,1080,38,21,0.00038483796296296297
train,1920,1080,112,58,0.003132716049382716
train,1920,1080,299,114,0.016438078703703705
train,1920,1080,46,40,0.0008873456790123457
train,1920,1080,31,17,0.0002541473765432099
train,1920,1080,21,12,0.00012152777777777777
train,1920,1080,26,16,0.00020061728395061727
train,1920,1080,41,18,0.0003559027777777778
train,1920,1080,37,23,0.00041039737654320987
train,1920,1080,37,16,0.00028549382716049385
train,1920,1080,32,14,0.0002160493827160494
train,1920,1080,31,16,0.00023919753086419754
train,1920,1080,37,20,0.0003568672839506173
train,1920,1080,34,18,0.0002951388888888889
train,1920,1080,37,23,0.00041039737654320987
train,1920,1080,36,17,0.0002951388888888889
train,1920,1080,38,19,0.0003481867283950617
train,1920,1080,36,18,0.0003125
train,1920,1080,37,17,0.0003033371913580247
train,1920,1080,26,10,0.0001253858024691358
train,1920,1080,35,17,0.0002869405864197531
train,1920,1080,35,13,0.00021942515432098766
train,1920,1080,37,17,0.0003033371913580247
train,1920,1080,40,18,0.00034722222222222224
train,1920,1080,41,24,0.00047453703703703704
train,1920,1080,50,18,0.00043402777777777775
train,1920,1080,39,24,0.00045138888888888887
train,1920,1080,34,18,0.0002951388888888889
train,1920,1080,29,13,0.0001818094135802469
train,1920,1080,31,18,0.0002690972222222222
train,1920,1080,31,17,0.0002541473765432099
train,1920,1080,30,16,0.0002314814814814815
train,1920,1080,32,17,0.0002623456790123457
train,1920,1080,32,22,0.00033950617283950616
train,1920,1080,35,14,0.000236304012345679
train,1920,1080,26,14,0.00017554012345679014
train,1920,1080,31,17,0.0002541473765432099
train,1920,1080,34,11,0.00018036265432098766
train,1920,1080,36,16,0.0002777777777777778
train,1920,1080,34,15,0.00024594907407407405
train,1920,1080,68,47,0.001541280864197531
train,1920,1080,37,20,0.0003568672839506173
train,1920,1080,50,21,0.0005063657407407407
train,1920,1080,32,19,0.0002932098765432099
train,1920,1080,34,26,0.00042631172839506173
train,1920,1080,29,21,0.00029369212962962964
train,1920,1080,30,13,0.0001880787037037037
train,1920,1080,35,22,0.0003713348765432099
train,1920,1080,35,29,0.0004894868827160494
train,1920,1080,24,16,0.00018518518518518518
train,1920,1080,23,15,0.0001663773148148148
train,1920,1080,29,22,0.0003076774691358025
train,1920,1080,28,20,0.0002700617283950617
train,1920,1080,30,13,0.0001880787037037037
train,1920,1080,25,16,0.00019290123456790122
train,1920,1080,39,24,0.00045138888888888887
train,1920,1080,38,19,0.0003481867283950617
train,1920,1080,24,15,0.00017361111111111112
train,1920,1080,37,24,0.00042824074074074075
train,1920,1080,36,26,0.00045138888888888887
train,1920,1080,24,11,0.0001273148148148148
train,1920,1080,35,20,0.00033757716049382714
train,1920,1080,29,15,0.0002097800925925926
train,1920,1080,29,15,0.0002097800925925926
train,1920,1080,29,16,0.00022376543209876544
train,1920,1080,35,19,0.0003206983024691358
train,1920,1080,43,21,0.00043547453703703706
train,1920,1080,46,31,0.0006876929012345679
train,1920,1080,100,38,0.0018325617283950616
train,1920,1080,27,15,0.0001953125
train,1920,1080,35,18,0.00030381944444444445
train,1920,1080,33,20,0.00031828703703703706
train,1920,1080,50,23,0.000554591049382716
train,1920,1080,61,27,0.0007942708333333334
train,1920,1080,48,33,0.0007638888888888889
train,1920,1080,60,29,0.0008391203703703704
train,1920,1080,35,21,0.00035445601851851854
train,1920,1080,113,64,0.003487654320987654
train,1920,1080,48,32,0.0007407407407407407
train,1920,1080,25,19,0.0002290702160493827
train,1920,1080,44,15,0.00031828703703703706
train,1920,1080,30,18,0.00026041666666666666
train,1920,1080,32,19,0.0002932098765432099
train,1920,1080,152,70,0.005131172839506173
train,1920,1080,60,27,0.00078125
train,1920,1080,50,25,0.0006028163580246913
train,1920,1080,40,27,0.0005208333333333333
train,1920,1080,69,31,0.0010315393518518518
train,1920,1080,59,35,0.00099585262345679
train,1920,1080,94,45,0.0020399305555555557
train,1920,1080,37,16,0.00028549382716049385
train,1920,1080,60,25,0.0007233796296296296
train,1920,1080,64,36,0.0011111111111111111
train,1920,1080,41,23,0.00045476466049382714
train,1920,1080,43,25,0.0005184220679012346
train,1920,1080,41,32,0.0006327160493827161
train,1920,1080,53,27,0.0006901041666666667
train,1920,1080,53,32,0.0008179012345679012
train,1920,1080,44,35,0.0007426697530864198
train,1920,1080,51,19,0.00046730324074074073
train,1920,1080,47,28,0.000634645061728395
train,1920,1080,82,33,0.0013049768518518519
train,1920,1080,60,27,0.00078125
train,1920,1080,89,34,0.001459297839506173
train,1920,1080,135,72,0.0046875
train,1920,1080,47,39,0.0008839699074074074
train,1920,1080,86,37,0.0015345293209876544
train,1920,1080,59,27,0.0007682291666666666
train,1920,1080,53,43,0.0010990547839506172
train,1920,1080,78,31,0.001166087962962963
train,1920,1080,46,30,0.0006655092592592592
train,1920,1080,42,32,0.0006481481481481481
train,1920,1080,41,21,0.0004152199074074074
train,1920,1080,40,26,0.0005015432098765432
train,1920,1080,46,33,0.0007320601851851852
train,1920,1080,54,28,0.0007291666666666667
train,1920,1080,62,29,0.0008670910493827161
train,1920,1080,37,30,0.0005353009259259259
train,1920,1080,33,18,0.00028645833333333333
train,1920,1080,34,21,0.0003443287037037037
train,1920,1080,44,22,0.00046682098765432096
train,1920,1080,42,18,0.00036458333333333335
train,1920,1080,37,21,0.00037471064814814816
train,1920,1080,40,19,0.00036651234567901237
train,1920,1080,72,30,0.0010416666666666667
train,1920,1080,46,33,0.0007320601851851852
train,1920,1080,96,61,0.002824074074074074
train,1920,1080,39,23,0.0004325810185185185
train,1920,1080,46,36,0.0007986111111111112
train,1920,1080,51,34,0.0008362268518518519
train,1920,1080,69,32,0.0010648148148148149
train,1920,1080,64,49,0.0015123456790123457
train,1920,1080,66,31,0.0009866898148148148
train,1920,1080,53,39,0.0009968171296296296
train,1920,1080,56,43,0.0011612654320987655
train,1920,1080,54,41,0.0010677083333333333
train,1920,1080,56,35,0.000945216049382716
train,1920,1080,56,42,0.0011342592592592593
train,1920,1080,49,51,0.001205150462962963
train,1920,1080,55,40,0.0010609567901234567
train,1920,1080,51,47,0.0011559606481481481
train,1920,1080,43,32,0.0006635802469135803
train,1920,1080,32,24,0.00037037037037037035
train,1920,1080,36,28,0.0004861111111111111
train,1920,1080,32,30,0.000462962962962963
train,1920,1080,41,31,0.0006129436728395061
train,1920,1080,34,26,0.00042631172839506173
train,1920,1080,34,24,0.0003935185185185185
train,1920,1080,51,32,0.000787037037037037
train,1920,1080,45,34,0.0007378472222222222
train,1920,1080,35,32,0.0005401234567901234
train,1920,1080,22,18,0.00019097222222222223
train,1920,1080,30,26,0.0003761574074074074
train,1920,1080,43,41,0.0008502121913580247
train,1920,1080,33,28,0.00044560185185185187
train,1920,1080,46,31,0.0006876929012345679
train,1920,1080,37,28,0.0004996141975308642
train,1920,1080,52,45,0.0011284722222222221
train,1920,1080,52,39,0.0009780092592592592
train,1920,1080,51,36,0.0008854166666666666
train,1920,1080,45,32,0.0006944444444444445
train,1920,1080,54,41,0.0010677083333333333
train,1920,1080,40,37,0.0007137345679012345
train,1920,1080,49,38,0.0008979552469135803
train,1920,1080,70,52,0.0017554012345679013
train,1920,1080,39,29,0.0005454282407407407
train,1920,1080,40,26,0.0005015432098765432
train,1920,1080,39,25,0.00047019675925925923
train,1920,1080,59,47,0.0013372878086419754
train,1920,1080,43,37,0.0007672646604938272
train,1920,1080,58,49,0.0013705632716049382
train,1920,1080,32,22,0.00033950617283950616
train,1920,1080,35,34,0.0005738811728395062
train,1920,1080,29,26,0.0003636188271604938
train,1920,1080,46,31,0.0006876929012345679
train,1920,1080,38,24,0.0004398148148148148
train,1920,1080,42,27,0.000546875
train,1920,1080,40,33,0.0006365740740740741
train,1920,1080,32,31,0.0004783950617283951
train,1920,1080,35,29,0.0004894868827160494
train,1920,1080,43,44,0.0009124228395061729
train,1920,1080,51,39,0.0009592013888888889
train,1920,1080,56,31,0.0008371913580246913
train,1920,1080,45,32,0.0006944444444444445
train,1920,1080,68,55,0.0018036265432098766
train,1920,1080,34,35,0.0005738811728395062
train,1920,1080,33,26,0.00041377314814814814
train,1920,1080,39,31,0.0005830439814814815
train,1920,1080,48,36,0.0008333333333333334
train,1920,1080,40,35,0.0006751543209876543
train,1920,1080,49,41,0.0009688464506172839
train,1920,1080,95,82,0.0037567515432098764
train,1920,1080,53,55,0.0014057677469135803
train,1920,1080,42,45,0.0009114583333333333
train,1920,1080,63,46,0.0013975694444444443
train,1920,1080,33,28,0.00044560185185185187
train,1920,1080,44,35,0.0007426697530864198
train,1920,1080,83,53,0.002121431327160494
train,1920,1080,41,31,0.0006129436728395061
train,1920,1080,38,27,0.0004947916666666667
train,1920,1080,31,30,0.00044849537037037037
train,1920,1080,40,26,0.0005015432098765432
train,1920,1080,54,47,0.0012239583333333334
train,1920,1080,47,39,0.0008839699074074074
train,1920,1080,47,37,0.0008386381172839506
train,1920,1080,37,27,0.00048177083333333335
train,1920,1080,34,27,0.0004427083333333333
train,1920,1080,30,24,0.00034722222222222224
train,1920,1080,49,33,0.0007798032407407407
train,1920,1080,29,20,0.0002797067901234568
train,1920,1080,42,30,0.0006076388888888889
train,1920,1080,46,23,0.0005102237654320988
train,1920,1080,30,22,0.00031828703703703706
train,1920,1080,38,22,0.00040316358024691356
train,1920,1080,56,35,0.000945216049382716
train,1920,1080,58,44,0.00123070987654321
train,1920,1080,28,22,0.0002970679012345679
train,1920,1080,38,33,0.0006047453703703704
train,1920,1080,51,42,0.001032986111111111
train,1920,1080,34,30,0.0004918981481481481
train,1920,1080,47,25,0.0005666473765432099
train,1920,1080,64,43,0.0013271604938271606
train,1920,1080,45,27,0.0005859375
train,1920,1080,31,23,0.00034384645061728397
train,1920,1080,27,22,0.00028645833333333333
train,1920,1080,39,21,0.0003949652777777778
train,1920,1080,30,23,0.0003327546296296296
train,1920,1080,31,35,0.0005232445987654321
train,1920,1080,34,34,0.0005574845679012345
train,1920,1080,27,21,0.0002734375
train,1920,1080,113,81,0.0044140625
train,1920,1080,37,27,0.00048177083333333335
train,1920,1080,33,23,0.0003660300925925926
train,1920,1080,36,30,0.0005208333333333333
train,1920,1080,34,26,0.00042631172839506173
train,1920,1080,34,26,0.00042631172839506173
train,1920,1080,39,21,0.0003949652777777778
train,1920,1080,47,30,0.0006799768518518519
train,1920,1080,33,19,0.0003023726851851852
train,1920,1080,32,22,0.00033950617283950616
train,1920,1080,45,28,0.0006076388888888889
train,1920,1080,27,22,0.00028645833333333333
train,1920,1080,27,22,0.00028645833333333333
train,1920,1080,31,23,0.00034384645061728397
train,1920,1080,29,24,0.0003356481481481481
train,1920,1080,30,23,0.0003327546296296296
train,1920,1080,39,34,0.0006394675925925926
train,1920,1080,39,38,0.0007146990740740741
train,1920,1080,36,25,0.00043402777777777775
train,1920,1080,46,42,0.000931712962962963
train,1920,1080,45,36,0.00078125
train,1920,1080,54,52,0.0013541666666666667
train,1920,1080,40,32,0.0006172839506172839
train,1920,1080,44,31,0.0006577932098765432
train,1920,1080,38,37,0.0006780478395061729
train,1920,1080,36,31,0.0005381944444444444
train,1920,1080,40,35,0.0006751543209876543
train,1920,1080,35,26,0.00043885030864197533
train,1920,1080,52,31,0.000777391975308642
train,1920,1080,35,31,0.0005232445987654321
train,1920,1080,37,29,0.0005174575617283951
train,1920,1080,38,30,0.0005497685185185186
train,1920,1080,31,25,0.0003737461419753086
train,1920,1080,31,28,0.00041859567901234566
train,1920,1080,41,24,0.00047453703703703704
train,1920,1080,26,20,0.0002507716049382716
train,1920,1080,28,21,0.00028356481481481483
train,1920,1080,21,13,0.00013165509259259258
train,1920,1080,23,14,0.0001552854938271605
train,1920,1080,25,23,0.000277295524691358
train,1920,1080,25,24,0.00028935185185185184
train,1920,1080,24,18,0.00020833333333333335
train,1920,1080,21,15,0.00015190972222222222
train,1920,1080,27,17,0.00022135416666666666
train,1920,1080,27,18,0.000234375
train,1920,1080,32,25,0.00038580246913580245
train,1920,1080,31,28,0.00041859567901234566
train,1920,1080,21,15,0.00015190972222222222
train,1920,1080,30,27,0.000390625
train,1920,1080,31,30,0.00044849537037037037
train,1920,1080,29,21,0.00029369212962962964
train,1920,1080,32,27,0.0004166666666666667
train,1920,1080,24,14,0.00016203703703703703
train,1920,1080,27,19,0.00024739583333333335
train,1920,1080,29,20,0.0002797067901234568
train,1920,1080,29,25,0.00034963348765432097
train,1920,1080,26,17,0.00021315586419753087
train,1920,1080,21,16,0.00016203703703703703
train,1920,1080,27,17,0.00022135416666666666
train,1920,1080,31,23,0.00034384645061728397
train,1920,1080,31,16,0.00023919753086419754
train,1920,1080,20,14,0.00013503086419753085
train,1920,1080,29,21,0.00029369212962962964
train,1920,1080,32,24,0.00037037037037037035
train,1920,1080,39,31,0.0005830439814814815
train,1920,1080,29,19,0.00026572145061728395
train,1920,1080,29,25,0.00034963348765432097
train,1920,1080,36,31,0.0005381944444444444
train,1920,1080,37,24,0.00042824074074074075
train,1920,1080,32,24,0.00037037037037037035
train,1920,1080,19,13,0.00011911651234567901
train,1920,1080,25,18,0.00021701388888888888
train,1920,1080,23,20,0.00022183641975308642
train,1920,1080,27,24,0.0003125
train,1920,1080,34,21,0.0003443287037037037
train,1920,1080,25,18,0.00021701388888888888
train,1920,1080,40,22,0.0004243827160493827
train,1920,1080,67,36,0.0011631944444444443
train,1920,1080,63,51,0.0015494791666666667
train,1920,1080,38,38,0.0006963734567901234
train,1920,1080,39,28,0.0005266203703703703
train,1920,1080,39,24,0.00045138888888888887
train,1920,1080,38,22,0.00040316358024691356
train,1920,1080,36,24,0.0004166666666666667
train,1920,1080,33,25,0.0003978587962962963
train,1920,1080,54,35,0.0009114583333333333
train,1920,1080,55,31,0.000822241512345679
train,1920,1080,53,45,0.0011501736111111111
train,1920,1080,48,38,0.0008796296296296296
train,1920,1080,35,29,0.0004894868827160494
train,1920,1080,38,29,0.0005314429012345679
train,1920,1080,64,30,0.000925925925925926
train,1920,1080,52,46,0.0011535493827160494
train,1920,1080,91,46,0.0020187114197530863
train,1920,1080,55,33,0.0008752893518518518
train,1920,1080,42,22,0.00044560185185185187
train,1920,1080,64,32,0.0009876543209876543
train,1920,1080,64,42,0.0012962962962962963
train,1920,1080,61,36,0.0010590277777777779
train,1920,1080,39,36,0.0006770833333333334
train,1920,1080,48,30,0.0006944444444444445
train,1920,1080,53,34,0.000869020061728395
train,1920,1080,53,34,0.000869020061728395
train,1920,1080,102,48,0.002361111111111111
train,1920,1080,77,74,0.002747878086419753
train,1920,1080,57,42,0.001154513888888889
train,1920,1080,61,36,0.0010590277777777779
train,1920,1080,38,24,0.0004398148148148148
train,1920,1080,42,23,0.0004658564814814815
train,1920,1080,36,35,0.0006076388888888889
train,1920,1080,51,31,0.0007624421296296296
train,1920,1080,42,27,0.000546875
train,1920,1080,34,24,0.0003935185185185185
train,1920,1080,40,24,0.000462962962962963
train,1920,1080,50,24,0.0005787037037037037
train,1920,1080,41,34,0.0006722608024691358
train,1920,1080,41,32,0.0006327160493827161
train,1920,1080,64,27,0.0008333333333333334
train,1920,1080,60,55,0.001591435185185185
train,1920,1080,75,61,0.00220630787037037
train,1920,1080,59,47,0.0013372878086419754
train,1920,1080,72,48,0.0016666666666666668
train,1920,1080,53,32,0.0008179012345679012
train,1920,1080,49,37,0.0008743248456790124
train,1920,1080,49,19,0.00044897762345679014
train,1920,1080,46,30,0.0006655092592592592
train,1920,1080,62,39,0.001166087962962963
train,1920,1080,33,25,0.0003978587962962963
train,1920,1080,33,20,0.00031828703703703706
train,1920,1080,27,24,0.0003125
train,1920,1080,28,20,0.0002700617283950617
train,1920,1080,27,16,0.00020833333333333335
train,1920,1080,23,20,0.00022183641975308642
train,1920,1080,32,21,0.00032407407407407406
train,1920,1080,31,21,0.00031394675925925926
train,1920,1080,27,16,0.00020833333333333335
train,1920,1080,29,19,0.00026572145061728395
train,1920,1080,25,19,0.0002290702160493827
train,1920,1080,34,19,0.00031153549382716047
train,1920,1080,36,30,0.0005208333333333333
train,1920,1080,26,21,0.00026331018518518516
train,1920,1080,25,16,0.00019290123456790122
train,1920,1080,28,23,0.000310570987654321
train,1920,1080,29,19,0.00026572145061728395
train,1920,1080,26,19,0.00023823302469135803
train,1920,1080,35,28,0.000472608024691358
train,1920,1080,29,25,0.00034963348765432097
train,1920,1080,27,17,0.00022135416666666666
train,1920,1080,26,18,0.00022569444444444443
train,1920,1080,29,16,0.00022376543209876544
train,1920,1080,24,20,0.0002314814814814815
train,1920,1080,22,18,0.00019097222222222223
train,1920,1080,24,18,0.00020833333333333335
train,1920,1080,43,34,0.000705054012345679
train,1920,1080,39,26,0.0004890046296296296
train,1920,1080,28,15,0.0002025462962962963
train,1920,1080,35,21,0.00035445601851851854
train,1920,1080,24,24,0.0002777777777777778
train,1920,1080,32,27,0.0004166666666666667
train,1920,1080,21,14,0.00014178240740740742
train,1920,1080,19,14,0.0001282793209876543
train,1920,1080,27,17,0.00022135416666666666
train,1920,1080,26,17,0.00021315586419753087
train,1920,1080,29,25,0.00034963348765432097
train,1920,1080,32,31,0.0004783950617283951
train,1920,1080,42,27,0.000546875
train,1920,1080,35,30,0.0005063657407407407
train,1920,1080,52,25,0.000626929012345679
train,1920,1080,40,31,0.0005979938271604939
train,1920,1080,41,26,0.0005140817901234568
train,1920,1080,38,24,0.0004398148148148148
train,1920,1080,42,24,0.0004861111111111111
train,1920,1080,43,15,0.00031105324074074076
train,1920,1080,33,27,0.0004296875
train,1920,1080,38,26,0.00047646604938271606
train,1920,1080,45,24,0.0005208333333333333
train,1920,1080,43,33,0.0006843171296296297
train,1920,1080,35,28,0.000472608024691358
train,1920,1080,66,42,0.0013368055555555555
train,1920,1080,42,34,0.0006886574074074074
train,1920,1080,31,23,0.00034384645061728397
train,1920,1080,55,35,0.0009283371913580247
train,1920,1080,32,29,0.0004475308641975309
train,1920,1080,36,27,0.00046875
train,1920,1080,53,32,0.0008179012345679012
train,1920,1080,63,31,0.0009418402777777778
train,1920,1080,39,31,0.0005830439814814815
train,1920,1080,32,27,0.0004166666666666667
train,1920,1080,37,26,0.00046392746913580246
train,1920,1080,46,36,0.0007986111111111112
train,1920,1080,40,34,0.0006558641975308642
train,1920,1080,59,37,0.001052758487654321
train,1920,1080,32,24,0.00037037037037037035
train,1920,1080,32,28,0.0004320987654320988
train,1920,1080,60,23,0.0006655092592592592
train,1920,1080,27,19,0.00024739583333333335
train,1920,1080,24,18,0.00020833333333333335
train,1920,1080,37,19,0.00033902391975308645
train,1920,1080,25,16,0.00019290123456790122
train,1920,1080,26,24,0.00030092592592592595
train,1920,1080,22,19,0.00020158179012345678
train,1920,1080,33,22,0.00035011574074074074
train,1920,1080,34,32,0.0005246913580246914
train,1920,1080,37,26,0.00046392746913580246
train,1920,1080,30,22,0.00031828703703703706
train,1920,1080,23,20,0.00022183641975308642
train,1920,1080,30,24,0.00034722222222222224
train,1920,1080,25,20,0.00024112654320987653
train,1920,1080,34,16,0.0002623456790123457
train,1920,1080,24,19,0.0002199074074074074
train,1920,1080,34,29,0.0004755015432098765
train,1920,1080,25,29,0.00034963348765432097
train,1920,1080,26,18,0.00022569444444444443
train,1920,1080,20,17,0.00016396604938271605
train,1920,1080,24,20,0.0002314814814814815
train,1920,1080,32,22,0.00033950617283950616
train,1920,1080,24,21,0.00024305555555555555
train,1920,1080,21,19,0.00019241898148148148
train,1920,1080,24,22,0.0002546296296296296
train,1920,1080,31,20,0.00029899691358024693
train,1920,1080,32,18,0.0002777777777777778
train,1920,1080,36,26,0.00045138888888888887
train,1920,1080,24,16,0.00018518518518518518
train,1920,1080,24,16,0.00018518518518518518
train,1920,1080,25,18,0.00021701388888888888
train,1920,1080,20,19,0.00018325617283950618
train,1920,1080,25,19,0.0002290702160493827
train,1920,1080,25,21,0.00025318287037037036
train,1920,1080,19,16,0.00014660493827160494
train,1920,1080,22,23,0.00024402006172839506
train,1920,1080,36,25,0.00043402777777777775
train,1920,1080,39,20,0.0003761574074074074
train,1920,1080,25,20,0.00024112654320987653
train,1920,1080,38,20,0.00036651234567901237
train,1920,1080,27,20,0.00026041666666666666
train,1920,1080,22,19,0.00020158179012345678
train,1920,1080,23,20,0.00022183641975308642
train,1920,1080,65,31,0.0009717399691358024
train,1920,1080,64,30,0.000925925925925926
train,1920,1080,32,25,0.00038580246913580245
train,1920,1080,33,20,0.00031828703703703706
train,1920,1080,28,14,0.0001890432098765432
train,1920,1080,28,24,0.00032407407407407406
train,1920,1080,24,18,0.00020833333333333335
train,1920,1080,29,17,0.00023775077160493826
train,1920,1080,31,16,0.00023919753086419754
train,1920,1080,35,20,0.00033757716049382714
train,1920,1080,35,16,0.0002700617283950617
train,1920,1080,31,21,0.00031394675925925926
train,1920,1080,16,14,0.0001080246913580247
train,1920,1080,26,17,0.00021315586419753087
train,1920,1080,18,15,0.00013020833333333333
train,1920,1080,24,15,0.00017361111111111112
train,1920,1080,21,14,0.00014178240740740742
train,1920,1080,22,22,0.00023341049382716048
train,1920,1080,26,17,0.00021315586419753087
train,1920,1080,21,17,0.00017216435185185184
train,1920,1080,21,14,0.00014178240740740742
train,1920,1080,25,16,0.00019290123456790122
train,1920,1080,15,14,0.00010127314814814815
train,1920,1080,20,14,0.00013503086419753085
train,1920,1080,25,14,0.00016878858024691357
train,1920,1080,24,17,0.00019675925925925926
train,1920,1080,30,15,0.00021701388888888888
train,1920,1080,33,22,0.00035011574074074074
train,1920,1080,23,16,0.00017746913580246913
train,1920,1080,23,18,0.0001996527777777778
train,1920,1080,39,27,0.0005078125
train,1920,1080,23,16,0.00017746913580246913
train,1920,1080,25,19,0.0002290702160493827
train,1920,1080,32,25,0.00038580246913580245
train,1920,1080,30,18,0.00026041666666666666
train,1920,1080,23,17,0.00018856095679012345
train,1920,1080,27,23,0.00029947916666666664
train,1920,1080,25,8,9.645061728395061e-05
train,1920,1080,25,22,0.0002652391975308642
train,1920,1080,22,17,0.00018036265432098766
train,1920,1080,54,37,0.0009635416666666667
train,1920,1080,43,35,0.0007257908950617284
train,1920,1080,71,44,0.0015065586419753087
train,1920,1080,55,21,0.0005570023148148149
train,1920,1080,36,21,0.00036458333333333335
train,1920,1080,31,26,0.000388695987654321
train,1920,1080,25,18,0.00021701388888888888
train,1920,1080,41,30,0.0005931712962962963
train,1920,1080,36,29,0.0005034722222222222
train,1920,1080,39,35,0.0006582754629629629
train,1920,1080,32,24,0.00037037037037037035
train,1920,1080,45,28,0.0006076388888888889
train,1920,1080,31,29,0.00043354552469135804
train,1920,1080,59,22,0.0006259645061728395
train,1920,1080,31,17,0.0002541473765432099
train,1920,1080,35,25,0.00042197145061728393
train,1920,1080,38,29,0.0005314429012345679
train,1920,1080,44,24,0.0005092592592592592
train,1920,1080,44,30,0.0006365740740740741
train,1920,1080,47,29,0.0006573109567901235
train,1920,1080,54,29,0.0007552083333333333
train,1920,1080,77,35,0.0012996720679012345
train,1920,1080,30,19,0.0002748842592592593
train,1920,1080,45,22,0.00047743055555555554
train,1920,1080,47,27,0.0006119791666666667
train,1920,1080,44,21,0.00044560185185185187
train,1920,1080,60,21,0.0006076388888888889
train,1920,1080,49,38,0.0008979552469135803
train,1920,1080,60,37,0.0010706018518518519
train,1920,1080,61,44,0.0012943672839506172
train,1920,1080,80,43,0.0016589506172839507
train,1920,1080,45,34,0.0007378472222222222
train,1920,1080,66,29,0.0009230324074074075
train,1920,1080,54,43,0.0011197916666666667
train,1920,1080,45,39,0.0008463541666666667
train,1920,1080,64,37,0.0011419753086419754
train,1920,1080,31,29,0.00043354552469135804
train,1920,1080,32,25,0.00038580246913580245
train,1920,1080,20,17,0.00016396604938271605
train,1920,1080,25,20,0.00024112654320987653
train,1920,1080,31,22,0.0003288966049382716
train,1920,1080,40,30,0.0005787037037037037
train,1920,1080,22,18,0.00019097222222222223
train,1920,1080,21,16,0.00016203703703703703
train,1920,1080,40,29,0.0005594135802469136
train,1920,1080,36,26,0.00045138888888888887
train,1920,1080,37,25,0.0004460841049382716
train,1920,1080,28,25,0.00033757716049382714
train,1920,1080,27,21,0.0002734375
train,1920,1080,33,31,0.0004933449074074074
train,1920,1080,19,17,0.00015576774691358024
train,1920,1080,19,11,0.00010079089506172839
train,1920,1080,33,21,0.00033420138888888887
train,1920,1080,33,29,0.00046151620370370373
train,1920,1080,39,22,0.00041377314814814814
train,1920,1080,30,22,0.00031828703703703706
train,1920,1080,34,31,0.0005082947530864198
train,1920,1080,31,26,0.000388695987654321
train,1920,1080,34,27,0.0004427083333333333
train,1920,1080,27,16,0.00020833333333333335
train,1920,1080,29,18,0.0002517361111111111
train,1920,1080,37,31,0.0005531442901234568
train,1920,1080,29,23,0.00032166280864197533
train,1920,1080,47,33,0.000747974537037037
train,1920,1080,26,22,0.00027584876543209876
train,1920,1080,51,43,0.0010575810185185185
train,1920,1080,41,35,0.0006920331790123456
train,1920,1080,31,30,0.00044849537037037037
train,1920,1080,35,27,0.0004557291666666667
train,1920,1080,55,49,0.0012996720679012345
train,1920,1080,44,33,0.0007002314814814815
train,1920,1080,48,34,0.000787037037037037
train,1920,1080,45,29,0.0006293402777777778
train,1920,1080,35,21,0.00035445601851851854
train,1920,1080,44,36,0.0007638888888888889
train,1920,1080,34,21,0.0003443287037037037
train,1920,1080,44,36,0.0007638888888888889
train,1920,1080,32,26,0.00040123456790123454
train,1920,1080,39,38,0.0007146990740740741
train,1920,1080,27,18,0.000234375
train,1920,1080,33,17,0.00027054398148148147
train,1920,1080,36,23,0.0003993055555555556
train,1920,1080,45,34,0.0007378472222222222
train,1920,1080,33,18,0.00028645833333333333
train,1920,1080,35,23,0.00038821373456790123
train,1920,1080,46,45,0.0009982638888888888
train,1920,1080,46,48,0.0010648148148148149
train,1920,1080,43,34,0.000705054012345679
train,1920,1080,41,40,0.0007908950617283951
train,1920,1080,43,38,0.0007880015432098766
train,1920,1080,37,36,0.0006423611111111111
train,1920,1080,40,33,0.0006365740740740741
train,1920,1080,47,32,0.0007253086419753087
train,1920,1080,57,33,0.0009071180555555555
train,1920,1080,57,32,0.0008796296296296296
train,1920,1080,54,32,0.0008333333333333334
train,1920,1080,56,32,0.0008641975308641976
train,1920,1080,39,44,0.0008275462962962963
train,1920,1080,56,47,0.00126929012345679
train,1920,1080,50,48,0.0011574074074074073
train,1920,1080,35,23,0.00038821373456790123
train,1920,1080,60,25,0.0007233796296296296
train,1920,1080,55,49,0.0012996720679012345
train,1920,1080,49,32,0.0007561728395061729
train,1920,1080,38,25,0.0004581404320987654
train,1920,1080,57,30,0.0008246527777777778
train,1920,1080,67,27,0.0008723958333333333
train,1920,1080,63,27,0.0008203125
train,1920,1080,50,29,0.0006992669753086419
train,1920,1080,66,33,0.0010503472222222223
train,1920,1080,64,33,0.0010185185185185184
train,1920,1080,58,35,0.0009789737654320987
train,1920,1080,52,29,0.0007272376543209876
train,1920,1080,63,35,0.0010633680555555555
train,1920,1080,42,21,0.0004253472222222222
train,1920,1080,51,28,0.0006886574074074074
train,1920,1080,53,30,0.0007667824074074074
train,1920,1080,39,24,0.00045138888888888887
train,1920,1080,40,28,0.0005401234567901234
train,1920,1080,33,20,0.00031828703703703706
train,1920,1080,42,27,0.000546875
train,1920,1080,41,20,0.00039544753086419754
train,1920,1080,39,23,0.0004325810185185185
train,1920,1080,50,25,0.0006028163580246913
train,1920,1080,48,21,0.0004861111111111111
train,1920,1080,35,29,0.0004894868827160494
train,1920,1080,54,29,0.0007552083333333333
train,1920,1080,42,21,0.0004253472222222222
train,1920,1080,50,24,0.0005787037037037037
train,1920,1080,54,33,0.000859375
train,1920,1080,51,26,0.0006394675925925926
train,1920,1080,42,24,0.0004861111111111111
train,1920,1080,37,16,0.00028549382716049385
train,1920,1080,35,26,0.00043885030864197533
train,1920,1080,36,19,0.0003298611111111111
train,1920,1080,51,33,0.0008116319444444445
train,1920,1080,47,24,0.0005439814814814814
train,1920,1080,48,35,0.0008101851851851852
train,1920,1080,49,34,0.0008034336419753086
train,1920,1080,58,30,0.0008391203703703704
train,1920,1080,60,35,0.0010127314814814814
train,1920,1080,52,32,0.0008024691358024691
train,1920,1080,38,25,0.0004581404320987654
train,1920,1080,48,19,0.0004398148148148148
train,1920,1080,40,25,0.00048225308641975306
train,1920,1080,47,36,0.0008159722222222223
train,1920,1080,69,31,0.0010315393518518518
train,1920,1080,43,22,0.00045621141975308644
train,1920,1080,40,24,0.000462962962962963
train,1920,1080,37,19,0.00033902391975308645
train,1920,1080,41,27,0.0005338541666666666
train,1920,1080,52,23,0.0005767746913580247
train,1920,1080,39,25,0.00047019675925925923
train,1920,1080,26,12,0.00015046296296296297
train,1920,1080,30,23,0.0003327546296296296
train,1920,1080,37,23,0.00041039737654320987
train,1920,1080,33,17,0.00027054398148148147
train,1920,1080,34,23,0.0003771219135802469
train,1920,1080,35,28,0.000472608024691358
train,1920,1080,32,23,0.00035493827160493826
train,1920,1080,42,31,0.0006278935185185185
train,1920,1080,55,30,0.0007957175925925925
train,1920,1080,60,31,0.0008969907407407407
train,1920,1080,55,35,0.0009283371913580247
train,1920,1080,40,33,0.0006365740740740741
train,1920,1080,32,29,0.0004475308641975309
train,1920,1080,32,18,0.0002777777777777778
train,1920,1080,30,16,0.0002314814814814815
train,1920,1080,23,13,0.00014419367283950618
train,1920,1080,30,22,0.00031828703703703706
train,1920,1080,38,28,0.0005131172839506173
train,1920,1080,43,32,0.0006635802469135803
train,1920,1080,41,23,0.00045476466049382714
train,1920,1080,34,20,0.0003279320987654321
train,1920,1080,28,27,0.00036458333333333335
train,1920,1080,34,20,0.0003279320987654321
train,1920,1080,25,18,0.00021701388888888888
train,1920,1080,24,17,0.00019675925925925926
train,1920,1080,37,27,0.00048177083333333335
train,1920,1080,49,24,0.0005671296296296297
train,1920,1080,41,24,0.00047453703703703704
train,1920,1080,27,19,0.00024739583333333335
train,1920,1080,40,14,0.0002700617283950617
train,1920,1080,38,19,0.0003481867283950617
train,1920,1080,41,18,0.0003559027777777778
train,1920,1080,30,19,0.0002748842592592593
train,1920,1080,32,17,0.0002623456790123457
train,1920,1080,35,17,0.0002869405864197531
train,1920,1080,42,17,0.0003443287037037037
train,1920,1080,47,41,0.0009293016975308642
train,1920,1080,50,41,0.0009886188271604939
train,1920,1080,42,32,0.0006481481481481481
train,1920,1080,30,24,0.00034722222222222224
train,1920,1080,40,17,0.0003279320987654321
train,1920,1080,36,22,0.00038194444444444446
train,1920,1080,36,27,0.00046875
train,1920,1080,35,26,0.00043885030864197533
train,1920,1080,38,30,0.0005497685185185186
train,1920,1080,38,34,0.0006230709876543209
train,1920,1080,33,19,0.0003023726851851852
train,1920,1080,34,21,0.0003443287037037037
train,1920,1080,29,22,0.0003076774691358025
train,1920,1080,29,26,0.0003636188271604938
train,1920,1080,30,22,0.00031828703703703706
train,1920,1080,36,17,0.0002951388888888889
train,1920,1080,31,17,0.0002541473765432099
train,1920,1080,30,23,0.0003327546296296296
train,1920,1080,30,23,0.0003327546296296296
train,1920,1080,25,17,0.00020495756172839505
train,1920,1080,25,16,0.00019290123456790122
train,1920,1080,30,22,0.00031828703703703706
train,1920,1080,28,24,0.00032407407407407406
train,1920,1080,30,15,0.00021701388888888888
train,1920,1080,32,17,0.0002623456790123457
train,1920,1080,29,26,0.0003636188271604938
train,1920,1080,29,19,0.00026572145061728395
train,1920,1080,34,19,0.00031153549382716047
train,1920,1080,28,27,0.00036458333333333335
train,1920,1080,31,17,0.0002541473765432099
train,1920,1080,27,22,0.00028645833333333333
train,1920,1080,28,24,0.00032407407407407406
train,1920,1080,25,21,0.00025318287037037036
train,1920,1080,23,20,0.00022183641975308642
train,1920,1080,28,18,0.00024305555555555555
train,1920,1080,27,21,0.0002734375
train,1920,1080,33,26,0.00041377314814814814
train,1920,1080,36,25,0.00043402777777777775
train,1920,1080,37,22,0.000392554012345679
train,1920,1080,29,23,0.00032166280864197533
train,1920,1080,31,16,0.00023919753086419754
train,1920,1080,25,19,0.0002290702160493827
train,1920,1080,28,22,0.0002970679012345679
train,1920,1080,27,27,0.0003515625
train,1920,1080,28,31,0.00041859567901234566
train,1920,1080,33,30,0.00047743055555555554
train,1920,1080,29,28,0.0003915895061728395
train,1920,1080,32,17,0.0002623456790123457
train,1920,1080,26,16,0.00020061728395061727
train,1920,1080,29,26,0.0003636188271604938
train,1920,1080,37,25,0.0004460841049382716
train,1920,1080,36,26,0.00045138888888888887
train,1920,1080,36,24,0.0004166666666666667
train,1920,1080,32,22,0.00033950617283950616
train,1920,1080,37,28,0.0004996141975308642
train,1920,1080,62,39,0.001166087962962963
train,1920,1080,95,57,0.002611400462962963
train,1920,1080,52,30,0.0007523148148148148
train,1920,1080,56,25,0.0006751543209876543
train,1920,1080,71,35,0.0011983989197530865
train,1920,1080,61,34,0.0010001929012345679
train,1920,1080,54,24,0.000625
train,1920,1080,68,47,0.001541280864197531
train,1920,1080,72,36,0.00125
train,1920,1080,60,42,0.0012152777777777778
train,1920,1080,60,45,0.0013020833333333333
train,1920,1080,105,71,0.0035951967592592594
train,1920,1080,69,48,0.0015972222222222223
train,1920,1080,57,27,0.0007421875
train,1920,1080,57,31,0.0008521412037037037
train,1920,1080,66,61,0.001941550925925926
train,1920,1080,66,23,0.0007320601851851852
train,1920,1080,84,42,0.0017013888888888888
train,1920,1080,106,58,0.002964891975308642
train,1920,1080,90,54,0.00234375
train,1920,1080,82,27,0.0010677083333333333
train,1920,1080,95,58,0.0026572145061728395
train,1920,1080,106,49,0.0025048225308641975
train,1920,1080,80,54,0.0020833333333333333
train,1920,1080,105,44,0.0022280092592592594
train,1920,1080,111,42,0.002248263888888889
train,1920,1080,91,36,0.001579861111111111
train,1920,1080,74,50,0.0017843364197530863
train,1920,1080,91,62,0.0027208719135802467
train,1920,1080,108,61,0.0031770833333333334
train,1920,1080,77,44,0.0016338734567901234
train,1920,1080,53,28,0.0007156635802469136
train,1920,1080,47,30,0.0006799768518518519
train,1920,1080,53,24,0.0006134259259259259
train,1920,1080,40,27,0.0005208333333333333
train,1920,1080,54,33,0.000859375
train,1920,1080,34,24,0.0003935185185185185
train,1920,1080,30,18,0.00026041666666666666
train,1920,1080,33,14,0.00022280092592592593
train,1920,1080,40,18,0.00034722222222222224
train,1920,1080,56,27,0.0007291666666666667
train,1920,1080,27,17,0.00022135416666666666
train,1920,1080,27,11,0.00014322916666666667
train,1920,1080,26,12,0.00015046296296296297
train,1920,1080,18,12,0.00010416666666666667
train,1920,1080,19,8,7.330246913580247e-05
train,1920,1080,26,14,0.00017554012345679014
train,1920,1080,20,11,0.00010609567901234568
train,1920,1080,27,13,0.00016927083333333334
train,1920,1080,30,19,0.0002748842592592593
train,1920,1080,47,28,0.000634645061728395
train,1920,1080,33,19,0.0003023726851851852
train,1920,1080,23,10,0.00011091820987654321
train,1920,1080,19,12,0.0001099537037037037
train,1920,1080,30,18,0.00026041666666666666
train,1920,1080,20,12,0.00011574074074074075
train,1920,1080,18,15,0.00013020833333333333
train,1920,1080,19,13,0.00011911651234567901
train,1920,1080,41,26,0.0005140817901234568
train,1920,1080,51,32,0.000787037037037037
train,1920,1080,48,25,0.0005787037037037037
train,1920,1080,39,18,0.0003385416666666667
train,1920,1080,34,18,0.0002951388888888889
train,1920,1080,27,13,0.00016927083333333334
train,1920,1080,26,13,0.00016300154320987654
train,1920,1080,25,20,0.00024112654320987653
train,1920,1080,21,14,0.00014178240740740742
train,1920,1080,24,12,0.0001388888888888889
train,1920,1080,29,20,0.0002797067901234568
train,1920,1080,20,23,0.00022183641975308642
train,1920,1080,27,15,0.0001953125
train,1920,1080,26,15,0.0001880787037037037
train,1920,1080,51,26,0.0006394675925925926
train,1920,1080,33,16,0.0002546296296296296
train,1920,1080,24,22,0.0002546296296296296
train,1920,1080,24,13,0.00015046296296296297
train,1920,1080,20,13,0.0001253858024691358
train,1920,1080,18,14,0.00012152777777777777
train,1920,1080,31,20,0.00029899691358024693
train,1920,1080,24,14,0.00016203703703703703
train,1920,1080,24,13,0.00015046296296296297
train,1920,1080,80,53,0.002044753086419753
train,1920,1080,63,28,0.0008506944444444444
train,1920,1080,65,32,0.0010030864197530865
train,1920,1080,62,34,0.0010165895061728396
train,1920,1080,116,68,0.003804012345679012
train,1920,1080,36,30,0.0005208333333333333
train,1920,1080,52,28,0.0007021604938271605
train,1920,1080,47,33,0.000747974537037037
train,1920,1080,45,21,0.0004557291666666667
train,1920,1080,45,24,0.0005208333333333333
train,1920,1080,40,27,0.0005208333333333333
train,1920,1080,45,27,0.0005859375
train,1920,1080,51,30,0.0007378472222222222
train,1920,1080,51,36,0.0008854166666666666
train,1920,1080,56,25,0.0006751543209876543
train,1920,1080,51,31,0.0007624421296296296
train,1920,1080,54,25,0.0006510416666666666
train,1920,1080,52,27,0.0006770833333333334
train,1920,1080,48,25,0.0005787037037037037
train,1920,1080,51,31,0.0007624421296296296
train,1920,1080,49,26,0.0006143904320987654
train,1920,1080,66,30,0.0009548611111111111
train,1920,1080,63,32,0.0009722222222222222
train,1920,1080,55,37,0.0009813850308641975
train,1920,1080,66,35,0.0011140046296296297
train,1920,1080,71,50,0.0017119984567901235
train,1920,1080,60,41,0.0011863425925925926
train,1920,1080,39,20,0.0003761574074074074
train,1920,1080,38,28,0.0005131172839506173
train,1920,1080,45,28,0.0006076388888888889
train,1920,1080,21,22,0.00022280092592592593
train,1920,1080,34,28,0.00045910493827160494
train,1920,1080,44,29,0.000615354938271605
train,1920,1080,37,21,0.00037471064814814816
train,1920,1080,38,24,0.0004398148148148148
train,1920,1080,36,17,0.0002951388888888889
train,1920,1080,26,25,0.0003134645061728395
train,1920,1080,39,17,0.0003197337962962963
train,1920,1080,28,20,0.0002700617283950617
train,1920,1080,28,17,0.00022955246913580247
train,1920,1080,29,21,0.00029369212962962964
train,1920,1080,37,18,0.00032118055555555556
train,1920,1080,37,23,0.00041039737654320987
train,1920,1080,33,27,0.0004296875
train,1920,1080,37,24,0.00042824074074074075
train,1920,1080,36,23,0.0003993055555555556
train,1920,1080,40,28,0.0005401234567901234
train,1920,1080,34,17,0.00027874228395061726
train,1920,1080,38,32,0.0005864197530864197
train,1920,1080,28,17,0.00022955246913580247
train,1920,1080,36,15,0.00026041666666666666
train,1920,1080,30,24,0.00034722222222222224
train,1920,1080,31,18,0.0002690972222222222
train,1920,1080,27,18,0.000234375
train,1920,1080,23,22,0.00024402006172839506
train,1920,1080,31,16,0.00023919753086419754
train,1920,1080,32,21,0.00032407407407407406
train,1920,1080,27,14,0.00018229166666666667
train,1920,1080,24,14,0.00016203703703703703
train,1920,1080,54,34,0.0008854166666666666
train,1920,1080,36,21,0.00036458333333333335
train,1920,1080,28,12,0.00016203703703703703
train,1920,1080,29,14,0.00019579475308641975
train,1920,1080,23,16,0.00017746913580246913
train,1920,1080,25,12,0.00014467592592592592
train,1920,1080,28,17,0.00022955246913580247
train,1920,1080,31,16,0.00023919753086419754
train,1920,1080,34,21,0.0003443287037037037
train,1920,1080,26,17,0.00021315586419753087
train,1920,1080,30,19,0.0002748842592592593
train,1920,1080,26,16,0.00020061728395061727
train,1920,1080,24,16,0.00018518518518518518
train,1920,1080,26,16,0.00020061728395061727
train,1920,1080,21,9,9.114583333333334e-05
train,1920,1080,28,11,0.00014853395061728396
train,1920,1080,27,18,0.000234375
train,1920,1080,23,14,0.0001552854938271605
train,1920,1080,32,12,0.00018518518518518518
train,1920,1080,42,18,0.00036458333333333335
train,1920,1080,30,10,0.00014467592592592592
train,1920,1080,33,24,0.00038194444444444446
train,1920,1080,23,21,0.00023292824074074074
train,1920,1080,40,25,0.00048225308641975306
train,1920,1080,33,16,0.0002546296296296296
train,1920,1080,43,24,0.0004976851851851852
train,1920,1080,41,23,0.00045476466049382714
train,1920,1080,40,17,0.0003279320987654321
train,1920,1080,31,20,0.00029899691358024693
train,1920,1080,38,22,0.00040316358024691356
train,1920,1080,38,20,0.00036651234567901237
train,1920,1080,30,21,0.00030381944444444445
train,1920,1080,32,17,0.0002623456790123457
train,1920,1080,41,24,0.00047453703703703704
train,1920,1080,27,14,0.00018229166666666667
train,1920,1080,27,15,0.0001953125
train,1920,1080,29,23,0.00032166280864197533
train,1920,1080,26,20,0.0002507716049382716
train,1920,1080,30,22,0.00031828703703703706
train,1920,1080,33,20,0.00031828703703703706
train,1920,1080,48,22,0.0005092592592592592
train,1920,1080,96,43,0.001990740740740741
train,1920,1080,42,14,0.00028356481481481483
train,1920,1080,30,18,0.00026041666666666666
train,1920,1080,41,28,0.0005536265432098766
train,1920,1080,54,19,0.0004947916666666667
train,1920,1080,64,29,0.0008950617283950618
train,1920,1080,70,37,0.0012490354938271605
train,1920,1080,70,49,0.001654128086419753
train,1920,1080,66,40,0.0012731481481481483
train,1920,1080,45,15,0.0003255208333333333
train,1920,1080,55,42,0.0011140046296296297
train,1920,1080,39,16,0.00030092592592592595
train,1920,1080,46,26,0.0005767746913580247
train,1920,1080,46,18,0.0003993055555555556
train,1920,1080,44,24,0.0005092592592592592
train,1920,1080,38,17,0.00031153549382716047
train,1920,1080,39,19,0.00035734953703703704
train,1920,1080,40,21,0.0004050925925925926
train,1920,1080,31,17,0.0002541473765432099
train,1920,1080,44,18,0.00038194444444444446
train,1920,1080,36,14,0.00024305555555555555
train,1920,1080,47,28,0.000634645061728395
train,1920,1080,26,18,0.00022569444444444443
train,1920,1080,22,21,0.00022280092592592593
train,1920,1080,22,17,0.00018036265432098766
train,1920,1080,36,20,0.00034722222222222224
train,1920,1080,36,14,0.00024305555555555555
train,1920,1080,63,32,0.0009722222222222222
train,1920,1080,48,25,0.0005787037037037037
train,1920,1080,36,20,0.00034722222222222224
train,1920,1080,45,19,0.0004123263888888889
train,1920,1080,36,19,0.0003298611111111111
train,1920,1080,41,22,0.0004349922839506173
train,1920,1080,39,21,0.0003949652777777778
train,1920,1080,39,21,0.0003949652777777778
train,1920,1080,26,14,0.00017554012345679014
train,1920,1080,25,13,0.00015673225308641974
train,1920,1080,28,15,0.0002025462962962963
train,1920,1080,24,15,0.00017361111111111112
train,1920,1080,30,15,0.00021701388888888888
train,1920,1080,33,16,0.0002546296296296296
train,1920,1080,34,15,0.00024594907407407405
train,1920,1080,35,16,0.0002700617283950617
train,1920,1080,28,12,0.00016203703703703703
train,1920,1080,26,17,0.00021315586419753087
train,1920,1080,26,22,0.00027584876543209876
train,1920,1080,20,12,0.00011574074074074075
train,1920,1080,28,15,0.0002025462962962963
train,1920,1080,27,17,0.00022135416666666666
train,1920,1080,46,21,0.0004658564814814815
train,1920,1080,30,18,0.00026041666666666666
train,1920,1080,30,11,0.00015914351851851853
train,1920,1080,28,22,0.0002970679012345679
train,1920,1080,43,22,0.00045621141975308644
train,1920,1080,26,13,0.00016300154320987654
train,1920,1080,26,10,0.0001253858024691358
train,1920,1080,30,18,0.00026041666666666666
train,1920,1080,33,26,0.00041377314814814814
train,1920,1080,37,21,0.00037471064814814816
train,1920,1080,29,12,0.00016782407407407406
train,1920,1080,38,21,0.00038483796296296297
train,1920,1080,28,19,0.0002565586419753086
train,1920,1080,28,21,0.00028356481481481483
train,1920,1080,56,31,0.0008371913580246913
train,1920,1080,44,19,0.00040316358024691356
train,1920,1080,37,16,0.00028549382716049385
train,1920,1080,37,21,0.00037471064814814816
train,1920,1080,34,17,0.00027874228395061726
train,1920,1080,38,16,0.0002932098765432099
train,1920,1080,37,16,0.00028549382716049385
train,1920,1080,29,22,0.0003076774691358025
train,1920,1080,29,17,0.00023775077160493826
train,1920,1080,33,15,0.00023871527777777777
train,1920,1080,34,15,0.00024594907407407405
train,1920,1080,38,20,0.00036651234567901237
train,1920,1080,29,17,0.00023775077160493826
train,1920,1080,40,19,0.00036651234567901237
train,1920,1080,24,15,0.00017361111111111112
train,1920,1080,30,10,0.00014467592592592592
train,1920,1080,27,14,0.00018229166666666667
train,1920,1080,28,14,0.0001890432098765432
train,1920,1080,35,15,0.00025318287037037036
train,1920,1080,36,20,0.00034722222222222224
train,1920,1080,37,24,0.00042824074074074075
train,1920,1080,46,26,0.0005767746913580247
train,1920,1080,35,19,0.0003206983024691358
train,1920,1080,37,16,0.00028549382716049385
train,1920,1080,36,24,0.0004166666666666667
train,1920,1080,42,23,0.0004658564814814815
train,1920,1080,40,23,0.00044367283950617285
train,1920,1080,32,21,0.00032407407407407406
train,1920,1080,46,20,0.00044367283950617285
train,1920,1080,41,23,0.00045476466049382714
train,1920,1080,31,11,0.0001644483024691358
train,1920,1080,31,13,0.0001943479938271605
train,1920,1080,29,13,0.0001818094135802469
train,1920,1080,32,17,0.0002623456790123457
train,1920,1080,41,16,0.00031635802469135804
train,1920,1080,34,25,0.0004099151234567901
train,1920,1080,39,20,0.0003761574074074074
train,1920,1080,49,29,0.0006852816358024691
train,1920,1080,59,22,0.0006259645061728395
train,1920,1080,43,31,0.0006428433641975309
train,1920,1080,50,33,0.0007957175925925925
train,1920,1080,51,26,0.0006394675925925926
train,1920,1080,40,29,0.0005594135802469136
train,1920,1080,40,25,0.00048225308641975306
train,1920,1080,32,20,0.00030864197530864197
train,1920,1080,37,24,0.00042824074074074075
train,1920,1080,49,22,0.0005198688271604938
train,1920,1080,43,25,0.0005184220679012346
train,1920,1080,32,17,0.0002623456790123457
train,1920,1080,43,26,0.000539158950617284
train,1920,1080,47,18,0.00040798611111111114
train,1920,1080,57,22,0.0006047453703703704
train,1920,1080,35,29,0.0004894868827160494
train,1920,1080,40,20,0.00038580246913580245
train,1920,1080,41,23,0.00045476466049382714
train,1920,1080,43,20,0.0004147376543209877
train,1920,1080,48,20,0.000462962962962963
train,1920,1080,41,35,0.0006920331790123456
train,1920,1080,39,16,0.00030092592592592595
train,1920,1080,39,15,0.00028211805555555553
train,1920,1080,35,20,0.00033757716049382714
train,1920,1080,42,20,0.0004050925925925926
train,1920,1080,51,21,0.0005164930555555555
train,1920,1080,65,28,0.0008777006172839507
train,1920,1080,96,36,0.0016666666666666668
train,1920,1080,62,36,0.0010763888888888889
train,1920,1080,35,17,0.0002869405864197531
train,1920,1080,35,21,0.00035445601851851854
train,1920,1080,28,24,0.00032407407407407406
train,1920,1080,30,18,0.00026041666666666666
train,1920,1080,32,21,0.00032407407407407406
train,1920,1080,26,15,0.0001880787037037037
train,1920,1080,41,18,0.0003559027777777778
train,1920,1080,33,16,0.0002546296296296296
train,1920,1080,38,21,0.00038483796296296297
train,1920,1080,27,16,0.00020833333333333335
train,1920,1080,22,20,0.00021219135802469136
train,1920,1080,29,13,0.0001818094135802469
train,1920,1080,43,26,0.000539158950617284
train,1920,1080,25,13,0.00015673225308641974
train,1920,1080,67,38,0.0012278163580246913
train,1920,1080,70,33,0.0011140046296296297
train,1920,1080,59,29,0.0008251350308641975
train,1920,1080,47,17,0.00038532021604938273
train,1920,1080,43,26,0.000539158950617284
train,1920,1080,32,25,0.00038580246913580245
train,1920,1080,33,19,0.0003023726851851852
train,1920,1080,39,28,0.0005266203703703703
train,1920,1080,42,20,0.0004050925925925926
train,1920,1080,37,23,0.00041039737654320987
train,1920,1080,52,28,0.0007021604938271605
train,1920,1080,34,15,0.00024594907407407405
train,1920,1080,31,24,0.0003587962962962963
train,1920,1080,30,25,0.0003616898148148148
train,1920,1080,29,15,0.0002097800925925926
train,1920,1080,27,16,0.00020833333333333335
train,1920,1080,21,15,0.00015190972222222222
train,1920,1080,19,13,0.00011911651234567901
train,1920,1080,40,26,0.0005015432098765432
train,1920,1080,49,19,0.00044897762345679014
train,1920,1080,38,23,0.0004214891975308642
train,1920,1080,53,25,0.0006389853395061729
train,1920,1080,74,37,0.001320408950617284
train,1920,1080,98,49,0.0023157793209876544
train,1920,1080,198,105,0.010026041666666667
train,1920,1080,81,42,0.001640625
train,1920,1080,37,22,0.000392554012345679
train,1920,1080,36,26,0.00045138888888888887
train,1920,1080,40,28,0.0005401234567901234
train,1920,1080,39,20,0.0003761574074074074
train,1920,1080,83,44,0.0017611882716049383
train,1920,1080,94,47,0.002130594135802469
train,1920,1080,40,33,0.0006365740740740741
train,1920,1080,37,18,0.00032118055555555556
train,1920,1080,28,12,0.00016203703703703703
train,1920,1080,32,14,0.0002160493827160494
train,1920,1080,20,13,0.0001253858024691358
train,1920,1080,26,20,0.0002507716049382716
train,1920,1080,25,15,0.0001808449074074074
train,1920,1080,25,17,0.00020495756172839505
train,1920,1080,31,16,0.00023919753086419754
train,1920,1080,32,22,0.00033950617283950616
train,1920,1080,36,23,0.0003993055555555556
train,1920,1080,27,18,0.000234375
train,1920,1080,30,17,0.00024594907407407405
train,1920,1080,32,18,0.0002777777777777778
train,1920,1080,34,17,0.00027874228395061726
train,1920,1080,28,19,0.0002565586419753086
train,1920,1080,32,20,0.00030864197530864197
train,1920,1080,18,10,8.680555555555556e-05
train,1920,1080,30,21,0.00030381944444444445
train,1920,1080,23,14,0.0001552854938271605
train,1920,1080,37,20,0.0003568672839506173
train,1920,1080,32,24,0.00037037037037037035
train,1920,1080,32,19,0.0002932098765432099
train,1920,1080,28,18,0.00024305555555555555
train,1920,1080,22,11,0.00011670524691358024
train,1920,1080,28,13,0.00017554012345679014
train,1920,1080,27,17,0.00022135416666666666
train,1920,1080,27,18,0.000234375
train,1920,1080,28,17,0.00022955246913580247
train,1920,1080,27,15,0.0001953125
train,1920,1080,31,13,0.0001943479938271605
train,1920,1080,45,23,0.0004991319444444444
train,1920,1080,249,86,0.010326967592592592
train,1920,1080,223,138,0.014840856481481481
train,1920,1080,39,22,0.00041377314814814814
train,1920,1080,33,21,0.00033420138888888887
train,1920,1080,30,13,0.0001880787037037037
train,1920,1080,27,16,0.00020833333333333335
train,1920,1080,39,17,0.0003197337962962963
train,1920,1080,49,18,0.0004253472222222222
train,1920,1080,40,16,0.00030864197530864197
train,1920,1080,30,19,0.0002748842592592593
train,1920,1080,42,22,0.00044560185185185187
train,1920,1080,38,19,0.0003481867283950617
train,1920,1080,35,14,0.000236304012345679
train,1920,1080,39,24,0.00045138888888888887
train,1920,1080,30,17,0.00024594907407407405
train,1920,1080,32,18,0.0002777777777777778
train,1920,1080,35,18,0.00030381944444444445
train,1920,1080,34,22,0.0003607253086419753
train,1920,1080,30,17,0.00024594907407407405
train,1920,1080,37,17,0.0003033371913580247
train,1920,1080,88,46,0.0019521604938271605
train,1920,1080,32,19,0.0002932098765432099
train,1920,1080,25,16,0.00019290123456790122
train,1920,1080,30,13,0.0001880787037037037
train,1920,1080,22,15,0.00015914351851851853
train,1920,1080,21,13,0.00013165509259259258
train,1920,1080,29,15,0.0002097800925925926
train,1920,1080,41,27,0.0005338541666666666
train,1920,1080,37,19,0.00033902391975308645
train,1920,1080,42,18,0.00036458333333333335
train,1920,1080,31,13,0.0001943479938271605
train,1920,1080,26,16,0.00020061728395061727
train,1920,1080,32,14,0.0002160493827160494
train,1920,1080,37,18,0.00032118055555555556
train,1920,1080,50,28,0.0006751543209876543
train,1920,1080,55,34,0.0009018132716049383
train,1920,1080,26,19,0.00023823302469135803
train,1920,1080,29,17,0.00023775077160493826
train,1920,1080,24,14,0.00016203703703703703
train,1920,1080,33,16,0.0002546296296296296
train,1920,1080,43,30,0.0006221064814814815
train,1920,1080,39,19,0.00035734953703703704
train,1920,1080,72,30,0.0010416666666666667
train,1920,1080,41,16,0.00031635802469135804
train,1920,1080,39,17,0.0003197337962962963
train,1920,1080,69,28,0.000931712962962963
train,1920,1080,31,18,0.0002690972222222222
train,1920,1080,64,34,0.0010493827160493827
train,1920,1080,33,21,0.00033420138888888887
train,1920,1080,31,16,0.00023919753086419754
train,1920,1080,44,24,0.0005092592592592592
train,1920,1080,103,50,0.0024836033950617286
train,1920,1080,34,14,0.00022955246913580247
train,1920,1080,50,23,0.000554591049382716
train,1920,1080,42,25,0.0005063657407407407
train,1920,1080,30,16,0.0002314814814814815
train,1920,1080,23,12,0.00013310185185185186
train,1920,1080,25,15,0.0001808449074074074
train,1920,1080,26,11,0.00013792438271604938
train,1920,1080,38,20,0.00036651234567901237
train,1920,1080,24,12,0.0001388888888888889
train,1920,1080,28,17,0.00022955246913580247
train,1920,1080,40,19,0.00036651234567901237
train,1920,1080,41,19,0.00037567515432098764
train,1920,1080,26,14,0.00017554012345679014
train,1920,1080,26,18,0.00022569444444444443
train,1920,1080,20,12,0.00011574074074074075
train,1920,1080,23,12,0.00013310185185185186
train,1920,1080,44,27,0.0005729166666666667
train,1920,1080,62,21,0.0006278935185185185
train,1920,1080,31,18,0.0002690972222222222
train,1920,1080,41,18,0.0003559027777777778
train,1920,1080,66,29,0.0009230324074074075
train,1920,1080,31,19,0.00028404706790123455
train,1920,1080,43,18,0.0003732638888888889
train,1920,1080,30,13,0.0001880787037037037
train,1920,1080,35,17,0.0002869405864197531
train,1920,1080,47,19,0.0004306520061728395
train,1920,1080,39,15,0.00028211805555555553
train,1920,1080,37,15,0.00026765046296296297
train,1920,1080,66,34,0.0010821759259259259
train,1920,1080,59,28,0.0007966820987654321
train,1920,1080,33,17,0.00027054398148148147
train,1920,1080,41,21,0.0004152199074074074
train,1920,1080,32,17,0.0002623456790123457
train,1920,1080,34,16,0.0002623456790123457
train,1920,1080,47,23,0.0005213155864197531
train,1920,1080,77,31,0.0011511381172839507
train,1920,1080,29,19,0.00026572145061728395
train,1920,1080,35,21,0.00035445601851851854
train,1920,1080,34,21,0.0003443287037037037
train,1920,1080,22,12,0.0001273148148148148
train,1920,1080,47,25,0.0005666473765432099
train,1920,1080,33,16,0.0002546296296296296
train,1920,1080,21,9,9.114583333333334e-05
train,1920,1080,25,12,0.00014467592592592592
train,1920,1080,24,13,0.00015046296296296297
train,1920,1080,20,11,0.00010609567901234568
train,1920,1080,24,13,0.00015046296296296297
train,1920,1080,25,14,0.00016878858024691357
train,1920,1080,23,8,8.873456790123456e-05
train,1920,1080,39,15,0.00028211805555555553
train,1920,1080,26,13,0.00016300154320987654
train,1920,1080,37,15,0.00026765046296296297
train,1920,1080,37,24,0.00042824074074074075
train,1920,1080,27,13,0.00016927083333333334
train,1920,1080,26,15,0.0001880787037037037
train,1920,1080,33,14,0.00022280092592592593
train,1920,1080,34,20,0.0003279320987654321
train,1920,1080,41,15,0.00029658564814814814
train,1920,1080,52,23,0.0005767746913580247
train,1920,1080,56,22,0.0005941358024691358
train,1920,1080,38,23,0.0004214891975308642
train,1920,1080,28,20,0.0002700617283950617
train,1920,1080,44,25,0.0005304783950617284
train,1920,1080,30,15,0.00021701388888888888
train,1920,1080,39,20,0.0003761574074074074
train,1920,1080,33,19,0.0003023726851851852
train,1920,1080,28,21,0.00028356481481481483
train,1920,1080,26,17,0.00021315586419753087
train,1920,1080,55,36,0.0009548611111111111
train,1920,1080,35,19,0.0003206983024691358
train,1920,1080,36,27,0.00046875
train,1920,1080,31,18,0.0002690972222222222
train,1920,1080,33,18,0.00028645833333333333
train,1920,1080,30,23,0.0003327546296296296
train,1920,1080,29,24,0.0003356481481481481
train,1920,1080,55,39,0.0010344328703703705
train,1920,1080,39,23,0.0004325810185185185
train,1920,1080,27,16,0.00020833333333333335
train,1920,1080,69,32,0.0010648148148148149
train,1920,1080,43,24,0.0004976851851851852
train,1920,1080,30,18,0.00026041666666666666
train,1920,1080,29,15,0.0002097800925925926
train,1920,1080,64,36,0.0011111111111111111
train,1920,1080,36,16,0.0002777777777777778
train,1920,1080,33,15,0.00023871527777777777
train,1920,1080,46,26,0.0005767746913580247
train,1920,1080,25,15,0.0001808449074074074
train,1920,1080,31,18,0.0002690972222222222
train,1920,1080,45,25,0.0005425347222222222
train,1920,1080,50,23,0.000554591049382716
train,1920,1080,35,23,0.00038821373456790123
train,1920,1080,42,16,0.00032407407407407406
train,1920,1080,46,18,0.0003993055555555556
train,1920,1080,34,21,0.0003443287037037037
train,1920,1080,56,35,0.000945216049382716
train,1920,1080,34,24,0.0003935185185185185
train,1920,1080,43,19,0.0003940007716049383
train,1920,1080,36,15,0.00026041666666666666
train,1920,1080,38,14,0.0002565586419753086
train,1920,1080,34,24,0.0003935185185185185
train,1920,1080,43,14,0.00029031635802469137
train,1920,1080,30,22,0.00031828703703703706
train,1920,1080,43,26,0.000539158950617284
train,1920,1080,32,15,0.0002314814814814815
train,1920,1080,36,19,0.0003298611111111111
train,1920,1080,34,14,0.00022955246913580247
train,1920,1080,38,17,0.00031153549382716047
train,1920,1080,46,22,0.0004880401234567901
train,1920,1080,39,15,0.00028211805555555553
train,1920,1080,30,18,0.00026041666666666666
train,1920,1080,44,21,0.00044560185185185187
train,1920,1080,28,16,0.0002160493827160494
train,1920,1080,27,10,0.00013020833333333333
train,1920,1080,28,18,0.00024305555555555555
train,1920,1080,21,9,9.114583333333334e-05
train,1920,1080,48,29,0.0006712962962962962
train,1920,1080,28,17,0.00022955246913580247
train,1920,1080,30,17,0.00024594907407407405
train,1920,1080,37,18,0.00032118055555555556
train,1920,1080,28,11,0.00014853395061728396
train,1920,1080,40,18,0.00034722222222222224
train,1920,1080,57,17,0.00046730324074074073
train,1920,1080,43,26,0.000539158950617284
train,1920,1080,46,18,0.0003993055555555556
train,1920,1080,22,12,0.0001273148148148148
train,1920,1080,21,14,0.00014178240740740742
train,1920,1080,47,19,0.0004306520061728395
train,1920,1080,43,23,0.0004769483024691358
train,1920,1080,59,19,0.0005406057098765432
train,1920,1080,129,55,0.003421585648148148
train,1920,1080,120,71,0.004108796296296296
train,1920,1080,113,87,0.004741030092592593
train,1920,1080,142,68,0.0046566358024691355
train,1920,1080,123,73,0.004330150462962963
train,1920,1080,143,60,0.004137731481481482
train,1920,1080,135,55,0.0035807291666666665
train,1920,1080,117,52,0.0029340277777777776
train,1920,1080,109,47,0.002470582561728395
train,1920,1080,99,70,0.0033420138888888887
train,1920,1080,71,29,0.0009929591049382717
train,1920,1080,57,21,0.0005772569444444445
train,1920,1080,64,26,0.0008024691358024691
train,1920,1080,49,25,0.0005907600308641976
train,1920,1080,52,25,0.000626929012345679
train,1920,1080,53,22,0.0005623070987654321
train,1920,1080,58,28,0.000783179012345679
train,1920,1080,51,19,0.00046730324074074073
train,1920,1080,58,20,0.0005594135802469136
train,1920,1080,62,18,0.0005381944444444444
train,1920,1080,64,25,0.0007716049382716049
train,1920,1080,35,15,0.00025318287037037036
train,1920,1080,35,13,0.00021942515432098766
train,1920,1080,36,15,0.00026041666666666666
train,1920,1080,33,14,0.00022280092592592593
train,1920,1080,38,16,0.0002932098765432099
train,1920,1080,39,12,0.00022569444444444443
train,1920,1080,89,23,0.0009871720679012345
train,1920,1080,56,26,0.0007021604938271605
train,1920,1080,53,19,0.0004856288580246914
train,1920,1080,41,16,0.00031635802469135804
train,1920,1080,31,11,0.0001644483024691358
train,1920,1080,42,20,0.0004050925925925926
train,1920,1080,48,19,0.0004398148148148148
train,1920,1080,34,11,0.00018036265432098766
train,1920,1080,24,8,9.259259259259259e-05
train,1920,1080,30,13,0.0001880787037037037
train,1920,1080,25,8,9.645061728395061e-05
train,1920,1080,23,10,0.00011091820987654321
train,1920,1080,22,14,0.00014853395061728396
train,1920,1080,18,8,6.944444444444444e-05
train,1920,1080,26,9,0.00011284722222222222
train,1920,1080,21,8,8.101851851851852e-05
train,1920,1080,32,14,0.0002160493827160494
train,1920,1080,36,13,0.00022569444444444443
train,1920,1080,47,25,0.0005666473765432099
train,1920,1080,40,24,0.000462962962962963
train,1920,1080,34,21,0.0003443287037037037
train,1920,1080,28,11,0.00014853395061728396
train,1920,1080,29,13,0.0001818094135802469
train,1920,1080,25,14,0.00016878858024691357
train,1920,1080,17,9,7.378472222222222e-05
train,1920,1080,17,9,7.378472222222222e-05
train,1920,1080,17,8,6.558641975308642e-05
train,1920,1080,15,9,6.510416666666667e-05
train,1920,1080,16,11,8.487654320987654e-05
train,1920,1080,16,8,6.17283950617284e-05
train,1920,1080,23,12,0.00013310185185185186
train,1920,1080,25,18,0.00021701388888888888
train,1920,1080,28,16,0.0002160493827160494
train,1920,1080,29,19,0.00026572145061728395
train,1920,1080,36,22,0.00038194444444444446
train,1920,1080,45,40,0.0008680555555555555
train,1920,1080,28,17,0.00022955246913580247
train,1920,1080,23,10,0.00011091820987654321
train,1920,1080,18,12,0.00010416666666666667
train,1920,1080,18,9,7.8125e-05
train,1920,1080,22,9,9.548611111111112e-05
train,1920,1080,23,14,0.0001552854938271605
train,1920,1080,23,19,0.0002107445987654321
train,1920,1080,22,9,9.548611111111112e-05
train,1920,1080,27,19,0.00024739583333333335
train,1920,1080,20,13,0.0001253858024691358
train,1920,1080,17,6,4.9189814814814815e-05
train,1920,1080,16,9,6.944444444444444e-05
train,1920,1080,28,12,0.00016203703703703703
train,1920,1080,29,18,0.0002517361111111111
train,1920,1080,120,76,0.004398148148148148
train,1920,1080,27,20,0.00026041666666666666
train,1920,1080,19,13,0.00011911651234567901
train,1920,1080,23,11,0.00012201003086419753
train,1920,1080,21,10,0.00010127314814814815
train,1920,1080,25,16,0.00019290123456790122
train,1920,1080,22,17,0.00018036265432098766
train,1920,1080,14,8,5.401234567901235e-05
train,1920,1080,17,8,6.558641975308642e-05
train,1920,1080,21,13,0.00013165509259259258
train,1920,1080,19,9,8.246527777777778e-05
train,1920,1080,25,15,0.0001808449074074074
train,1920,1080,31,13,0.0001943479938271605
train,1920,1080,26,15,0.0001880787037037037
train,1920,1080,31,13,0.0001943479938271605
train,1920,1080,30,14,0.0002025462962962963
train,1920,1080,32,20,0.00030864197530864197
train,1920,1080,31,20,0.00029899691358024693
train,1920,1080,27,14,0.00018229166666666667
train,1920,1080,18,8,6.944444444444444e-05
train,1920,1080,35,21,0.00035445601851851854
train,1920,1080,37,16,0.00028549382716049385
train,1920,1080,27,10,0.00013020833333333333
train,1920,1080,24,13,0.00015046296296296297
train,1920,1080,23,19,0.0002107445987654321
train,1920,1080,23,10,0.00011091820987654321
train,1920,1080,30,13,0.0001880787037037037
train,1920,1080,27,12,0.00015625
train,1920,1080,95,30,0.0013744212962962963
train,1920,1080,26,10,0.0001253858024691358
train,1920,1080,33,18,0.00028645833333333333
train,1920,1080,28,9,0.00012152777777777777
train,1920,1080,25,12,0.00014467592592592592
train,1920,1080,19,8,7.330246913580247e-05
train,1920,1080,19,14,0.0001282793209876543
train,1920,1080,24,17,0.00019675925925925926
train,1920,1080,18,8,6.944444444444444e-05
train,1920,1080,21,10,0.00010127314814814815
train,1920,1080,19,11,0.00010079089506172839
train,1920,1080,19,9,8.246527777777778e-05
train,1920,1080,24,14,0.00016203703703703703
train,1920,1080,29,24,0.0003356481481481481
train,1920,1080,16,9,6.944444444444444e-05
train,1920,1080,15,7,5.063657407407407e-05
train,1920,1080,17,9,7.378472222222222e-05
train,1920,1080,21,8,8.101851851851852e-05
train,1920,1080,12,8,4.6296296296296294e-05
train,1920,1080,13,6,3.7615740740740744e-05
train,1920,1080,18,8,6.944444444444444e-05
train,1920,1080,15,5,3.616898148148148e-05
train,1920,1080,17,6,4.9189814814814815e-05
train,1920,1080,21,9,9.114583333333334e-05
train,1920,1080,17,9,7.378472222222222e-05
train,1920,1080,16,8,6.17283950617284e-05
train,1920,1080,22,16,0.00016975308641975308
train,1920,1080,21,12,0.00012152777777777777
train,1920,1080,39,25,0.00047019675925925923
train,1920,1080,27,14,0.00018229166666666667
train,1920,1080,41,29,0.0005733989197530864
train,1920,1080,40,24,0.000462962962962963
train,1920,1080,30,13,0.0001880787037037037
train,1920,1080,56,27,0.0007291666666666667
train,1920,1080,50,30,0.0007233796296296296
train,1920,1080,29,13,0.0001818094135802469
train,1920,1080,29,18,0.0002517361111111111
train,1920,1080,29,10,0.0001398533950617284
train,1920,1080,30,12,0.00017361111111111112
train,1920,1080,48,28,0.0006481481481481481
train,1920,1080,27,19,0.00024739583333333335
train,1920,1080,29,9,0.00012586805555555555
train,1920,1080,48,16,0.00037037037037037035
train,1920,1080,33,18,0.00028645833333333333
train,1920,1080,53,25,0.0006389853395061729
train,1920,1080,54,32,0.0008333333333333334
train,1920,1080,35,21,0.00035445601851851854
train,1920,1080,36,22,0.00038194444444444446
train,1920,1080,48,27,0.000625
train,1920,1080,26,11,0.00013792438271604938
train,1920,1080,28,14,0.0001890432098765432
train,1920,1080,24,12,0.0001388888888888889
train,1920,1080,36,19,0.0003298611111111111
train,1920,1080,33,16,0.0002546296296296296
train,1920,1080,25,12,0.00014467592592592592
train,1920,1080,21,11,0.00011140046296296297
train,1920,1080,31,19,0.00028404706790123455
train,1920,1080,24,12,0.0001388888888888889
train,1920,1080,24,13,0.00015046296296296297
train,1920,1080,31,18,0.0002690972222222222
train,1920,1080,28,15,0.0002025462962962963
train,1920,1080,36,18,0.0003125
train,1920,1080,26,9,0.00011284722222222222
train,1920,1080,24,10,0.00011574074074074075
train,1920,1080,18,7,6.076388888888889e-05
train,1920,1080,22,8,8.487654320987654e-05
train,1920,1080,20,10,9.645061728395061e-05
train,1920,1080,28,14,0.0001890432098765432
train,1920,1080,19,9,8.246527777777778e-05
train,1920,1080,18,9,7.8125e-05
train,1920,1080,28,13,0.00017554012345679014
train,1920,1080,22,14,0.00014853395061728396
train,1920,1080,20,8,7.716049382716049e-05
train,1920,1080,20,14,0.00013503086419753085
train,1920,1080,26,13,0.00016300154320987654
train,1920,1080,16,7,5.401234567901235e-05
train,1920,1080,16,7,5.401234567901235e-05
train,1920,1080,16,6,4.6296296296296294e-05
train,1920,1080,28,12,0.00016203703703703703
train,1920,1080,31,17,0.0002541473765432099
train,1920,1080,41,18,0.0003559027777777778
train,1920,1080,36,24,0.0004166666666666667
train,1920,1080,17,10,8.198302469135803e-05
train,1920,1080,26,14,0.00017554012345679014
train,1920,1080,27,12,0.00015625
train,1920,1080,24,15,0.00017361111111111112
train,1920,1080,29,17,0.00023775077160493826
train,1920,1080,31,14,0.00020929783950617283
train,1920,1080,28,17,0.00022955246913580247
train,1920,1080,21,9,9.114583333333334e-05
train,1920,1080,26,11,0.00013792438271604938
train,1920,1080,25,12,0.00014467592592592592
train,1920,1080,37,19,0.00033902391975308645
train,1920,1080,54,20,0.0005208333333333333
train,1920,1080,147,70,0.004962384259259259
train,1920,1080,192,73,0.006759259259259259
train,1920,1080,65,27,0.0008463541666666667
train,1920,1080,69,27,0.0008984375
train,1920,1080,24,12,0.0001388888888888889
train,1920,1080,22,10,0.00010609567901234568
train,1920,1080,48,19,0.0004398148148148148
train,1920,1080,45,26,0.0005642361111111111
train,1920,1080,46,24,0.0005324074074074074
train,1920,1080,40,20,0.00038580246913580245
train,1920,1080,36,22,0.00038194444444444446
train,1920,1080,39,14,0.00026331018518518516
train,1920,1080,62,25,0.0007474922839506172
train,1920,1080,52,30,0.0007523148148148148
train,1920,1080,49,35,0.0008270640432098765
train,1920,1080,65,25,0.0007836612654320988
train,1920,1080,43,17,0.0003525270061728395
train,1920,1080,41,17,0.0003361304012345679
train,1920,1080,41,15,0.00029658564814814814
train,1920,1080,42,16,0.00032407407407407406
train,1920,1080,28,13,0.00017554012345679014
train,1920,1080,33,15,0.00023871527777777777
train,1920,1080,35,15,0.00025318287037037036
train,1920,1080,30,20,0.00028935185185185184
train,1920,1080,39,20,0.0003761574074074074
train,1920,1080,35,24,0.0004050925925925926
train,1920,1080,39,27,0.0005078125
train,1920,1080,31,18,0.0002690972222222222
train,1920,1080,57,33,0.0009071180555555555
train,1920,1080,48,16,0.00037037037037037035
train,1920,1080,27,14,0.00018229166666666667
train,1920,1080,41,13,0.0002570408950617284
train,1920,1080,39,15,0.00028211805555555553
train,1920,1080,34,14,0.00022955246913580247
train,1920,1080,42,21,0.0004253472222222222
train,1920,1080,46,23,0.0005102237654320988
train,1920,1080,30,20,0.00028935185185185184
train,1920,1080,31,12,0.00017939814814814815
train,1920,1080,48,19,0.0004398148148148148
train,1920,1080,48,26,0.0006018518518518519
train,1920,1080,65,34,0.0010657793209876544
train,1920,1080,116,61,0.003412422839506173
train,1920,1080,168,81,0.0065625
train,1920,1080,222,111,0.011883680555555555
train,1920,1080,73,41,0.001443383487654321
train,1920,1080,69,39,0.0012977430555555555
train,1920,1080,28,12,0.00016203703703703703
train,1920,1080,27,16,0.00020833333333333335
train,1920,1080,30,16,0.0002314814814814815
train,1920,1080,39,17,0.0003197337962962963
train,1920,1080,21,9,9.114583333333334e-05
train,1920,1080,33,15,0.00023871527777777777
train,1920,1080,21,12,0.00012152777777777777
train,1920,1080,23,11,0.00012201003086419753
train,1920,1080,21,11,0.00011140046296296297
train,1920,1080,21,10,0.00010127314814814815
train,1920,1080,23,11,0.00012201003086419753
train,1920,1080,24,12,0.0001388888888888889
train,1920,1080,24,11,0.0001273148148148148
train,1920,1080,23,9,9.98263888888889e-05
train,1920,1080,25,10,0.00012056327160493826
train,1920,1080,31,13,0.0001943479938271605
train,1920,1080,30,13,0.0001880787037037037
train,1920,1080,30,21,0.00030381944444444445
train,1920,1080,32,18,0.0002777777777777778
train,1920,1080,36,14,0.00024305555555555555
train,1920,1080,34,16,0.0002623456790123457
train,1920,1080,34,15,0.00024594907407407405
train,1920,1080,29,14,0.00019579475308641975
train,1920,1080,35,16,0.0002700617283950617
train,1920,1080,36,18,0.0003125
train,1920,1080,31,19,0.00028404706790123455
train,1920,1080,29,12,0.00016782407407407406
train,1920,1080,34,15,0.00024594907407407405
train,1920,1080,31,17,0.0002541473765432099
train,1920,1080,33,16,0.0002546296296296296
train,1920,1080,39,18,0.0003385416666666667
train,1920,1080,36,15,0.00026041666666666666
train,1920,1080,31,14,0.00020929783950617283
train,1920,1080,29,14,0.00019579475308641975
train,1920,1080,28,12,0.00016203703703703703
train,1920,1080,34,21,0.0003443287037037037
train,1920,1080,33,16,0.0002546296296296296
train,1920,1080,34,18,0.0002951388888888889
train,1920,1080,35,15,0.00025318287037037036
train,1920,1080,37,13,0.00023196373456790123
train,1920,1080,36,16,0.0002777777777777778
train,1920,1080,39,17,0.0003197337962962963
train,1920,1080,33,13,0.00020688657407407407
train,1920,1080,36,12,0.00020833333333333335
train,1920,1080,39,18,0.0003385416666666667
train,1920,1080,44,20,0.0004243827160493827
train,1920,1080,37,20,0.0003568672839506173
train,1920,1080,45,23,0.0004991319444444444
train,1920,1080,47,24,0.0005439814814814814
train,1920,1080,37,24,0.00042824074074074075
train,1920,1080,39,16,0.00030092592592592595
train,1920,1080,41,25,0.0004943094135802469
train,1920,1080,39,18,0.0003385416666666667
train,1920,1080,41,16,0.00031635802469135804
train,1920,1080,28,10,0.00013503086419753085
train,1920,1080,34,24,0.0003935185185185185
train,1920,1080,35,10,0.00016878858024691357
train,1920,1080,33,14,0.00022280092592592593
train,1920,1080,45,15,0.0003255208333333333
train,1920,1080,39,18,0.0003385416666666667
train,1920,1080,42,16,0.00032407407407407406
train,1920,1080,55,16,0.0004243827160493827
train,1920,1080,35,13,0.00021942515432098766
train,1920,1080,43,23,0.0004769483024691358
train,1920,1080,42,26,0.0005266203703703703
train,1920,1080,46,24,0.0005324074074074074
train,1920,1080,42,20,0.0004050925925925926
train,1920,1080,42,18,0.00036458333333333335
train,1920,1080,22,10,0.00010609567901234568
train,1920,1080,22,9,9.548611111111112e-05
train,1920,1080,26,11,0.00013792438271604938
train,1920,1080,20,9,8.680555555555556e-05
train,1920,1080,26,20,0.0002507716049382716
train,1920,1080,38,19,0.0003481867283950617
train,1920,1080,32,15,0.0002314814814814815
train,1920,1080,34,13,0.00021315586419753087
train,1920,1080,31,16,0.00023919753086419754
train,1920,1080,56,23,0.000621141975308642
train,1920,1080,36,14,0.00024305555555555555
train,1920,1080,43,20,0.0004147376543209877
train,1920,1080,40,14,0.0002700617283950617
train,1920,1080,77,38,0.0014110725308641976
train,1920,1080,55,44,0.0011670524691358025
train,1920,1080,60,34,0.0009837962962962962
train,1920,1080,38,19,0.0003481867283950617
train,1920,1080,36,24,0.0004166666666666667
train,1920,1080,37,22,0.000392554012345679
train,1920,1080,32,15,0.0002314814814814815
train,1920,1080,33,23,0.0003660300925925926
train,1920,1080,35,21,0.00035445601851851854
train,1920,1080,42,22,0.00044560185185185187
train,1920,1080,36,27,0.00046875
train,1920,1080,49,26,0.0006143904320987654
train,1920,1080,34,14,0.00022955246913580247
train,1920,1080,24,18,0.00020833333333333335
train,1920,1080,36,18,0.0003125
train,1920,1080,40,16,0.00030864197530864197
train,1920,1080,40,21,0.0004050925925925926
train,1920,1080,45,35,0.0007595486111111111
train,1920,1080,39,18,0.0003385416666666667
train,1920,1080,44,26,0.0005516975308641975
train,1920,1080,37,15,0.00026765046296296297
train,1920,1080,38,20,0.00036651234567901237
train,1920,1080,45,25,0.0005425347222222222
train,1920,1080,59,39,0.001109664351851852
train,1920,1080,51,24,0.0005902777777777778
train,1920,1080,48,23,0.0005324074074074074
train,1920,1080,40,19,0.00036651234567901237
train,1920,1080,52,29,0.0007272376543209876
train,1920,1080,45,24,0.0005208333333333333
train,1920,1080,48,32,0.0007407407407407407
train,1920,1080,53,30,0.0007667824074074074
train,1920,1080,42,21,0.0004253472222222222
train,1920,1080,44,23,0.0004880401234567901
train,1920,1080,46,26,0.0005767746913580247
train,1920,1080,44,24,0.0005092592592592592
train,1920,1080,37,18,0.00032118055555555556
train,1920,1080,29,20,0.0002797067901234568
train,1920,1080,36,20,0.00034722222222222224
train,1920,1080,42,25,0.0005063657407407407
train,1920,1080,43,21,0.00043547453703703706
train,1920,1080,49,24,0.0005671296296296297
train,1920,1080,57,27,0.0007421875
train,1920,1080,58,27,0.0007552083333333333
train,1920,1080,40,30,0.0005787037037037037
train,1920,1080,43,22,0.00045621141975308644
train,1920,1080,23,11,0.00012201003086419753
train,1920,1080,20,11,0.00010609567901234568
train,1920,1080,15,10,7.233796296296296e-05
train,1920,1080,17,10,8.198302469135803e-05
train,1920,1080,15,7,5.063657407407407e-05
train,1920,1080,17,10,8.198302469135803e-05
train,1920,1080,17,11,9.018132716049383e-05
train,1920,1080,15,8,5.787037037037037e-05
train,1920,1080,19,12,0.0001099537037037037
train,1920,1080,22,14,0.00014853395061728396
train,1920,1080,14,8,5.401234567901235e-05
train,1920,1080,16,13,0.00010030864197530864
train,1920,1080,25,15,0.0001808449074074074
train,1920,1080,17,8,6.558641975308642e-05
train,1920,1080,27,11,0.00014322916666666667
train,1920,1080,29,18,0.0002517361111111111
train,1920,1080,25,11,0.0001326195987654321
train,1920,1080,26,16,0.00020061728395061727
train,1920,1080,30,15,0.00021701388888888888
train,1920,1080,47,25,0.0005666473765432099
train,1920,1080,32,18,0.0002777777777777778
train,1920,1080,23,9,9.98263888888889e-05
train,1920,1080,41,29,0.0005733989197530864
train,1920,1080,50,38,0.0009162808641975308
train,1920,1080,24,12,0.0001388888888888889
train,1920,1080,18,8,6.944444444444444e-05
train,1920,1080,25,13,0.00015673225308641974
train,1920,1080,27,14,0.00018229166666666667
train,1920,1080,36,26,0.00045138888888888887
train,1920,1080,21,8,8.101851851851852e-05
train,1920,1080,31,11,0.0001644483024691358
train,1920,1080,47,23,0.0005213155864197531
train,1920,1080,33,13,0.00020688657407407407
train,1920,1080,19,13,0.00011911651234567901
train,1920,1080,17,8,6.558641975308642e-05
train,1920,1080,28,12,0.00016203703703703703
train,1920,1080,96,36,0.0016666666666666668
train,1920,1080,103,21,0.0010431134259259258
train,1920,1080,90,57,0.0024739583333333332
train,1920,1080,44,25,0.0005304783950617284
train,1920,1080,26,14,0.00017554012345679014
train,1920,1080,27,13,0.00016927083333333334
train,1920,1080,39,18,0.0003385416666666667
train,1920,1080,20,9,8.680555555555556e-05
train,1920,1080,26,10,0.0001253858024691358
train,1920,1080,35,11,0.00018566743827160494
train,1920,1080,34,11,0.00018036265432098766
train,1920,1080,60,32,0.000925925925925926
train,1920,1080,49,27,0.0006380208333333333
train,1920,1080,36,15,0.00026041666666666666
train,1920,1080,24,13,0.00015046296296296297
train,1920,1080,41,23,0.00045476466049382714
train,1920,1080,36,11,0.00019097222222222223
train,1920,1080,34,18,0.0002951388888888889
train,1920,1080,17,9,7.378472222222222e-05
train,1920,1080,25,10,0.00012056327160493826
train,1920,1080,20,12,0.00011574074074074075
train,1920,1080,34,12,0.00019675925925925926
train,1920,1080,52,19,0.00047646604938271606
train,1920,1080,30,12,0.00017361111111111112
train,1920,1080,32,15,0.0002314814814814815
train,1920,1080,37,16,0.00028549382716049385
train,1920,1080,30,15,0.00021701388888888888
train,1920,1080,62,20,0.0005979938271604939
train,1920,1080,45,18,0.000390625
train,1920,1080,44,33,0.0007002314814814815
train,1920,1080,30,16,0.0002314814814814815
train,1920,1080,35,22,0.0003713348765432099
train,1920,1080,36,17,0.0002951388888888889
train,1920,1080,35,13,0.00021942515432098766
train,1920,1080,19,8,7.330246913580247e-05
train,1920,1080,28,18,0.00024305555555555555
train,1920,1080,22,11,0.00011670524691358024
train,1920,1080,31,12,0.00017939814814814815
train,1920,1080,42,9,0.00018229166666666667
train,1920,1080,40,15,0.00028935185185185184
train,1920,1080,45,18,0.000390625
train,1920,1080,32,12,0.00018518518518518518
train,1920,1080,22,6,6.36574074074074e-05
train,1920,1080,18,12,0.00010416666666666667
train,1920,1080,39,20,0.0003761574074074074
train,1920,1080,26,10,0.0001253858024691358
train,1920,1080,36,13,0.00022569444444444443
train,1920,1080,31,18,0.0002690972222222222
train,1920,1080,23,13,0.00014419367283950618
train,1920,1080,62,15,0.00044849537037037037
train,1920,1080,20,12,0.00011574074074074075
train,1920,1080,24,13,0.00015046296296296297
train,1920,1080,26,11,0.00013792438271604938
train,1920,1080,26,10,0.0001253858024691358
train,1920,1080,26,9,0.00011284722222222222
train,1920,1080,35,12,0.0002025462962962963
train,1920,1080,66,32,0.0010185185185185184
train,1920,1080,56,22,0.0005941358024691358
train,1920,1080,48,29,0.0006712962962962962
train,1920,1080,43,29,0.0006013695987654321
train,1920,1080,26,11,0.00013792438271604938
train,1920,1080,38,23,0.0004214891975308642
train,1920,1080,23,12,0.00013310185185185186
train,1920,1080,32,16,0.0002469135802469136
train,1920,1080,36,15,0.00026041666666666666
train,1920,1080,44,19,0.00040316358024691356
train,1920,1080,51,37,0.000910011574074074
train,1920,1080,68,40,0.0013117283950617284
train,1920,1080,75,31,0.001121238425925926
train,1920,1080,66,36,0.0011458333333333333
train,1920,1080,53,31,0.0007923418209876543
train,1920,1080,45,23,0.0004991319444444444
train,1920,1080,50,32,0.0007716049382716049
train,1920,1080,59,24,0.0006828703703703704
train,1920,1080,66,24,0.0007638888888888889
train,1920,1080,59,34,0.0009673996913580247
train,1920,1080,50,22,0.0005304783950617284
train,1920,1080,70,42,0.0014178240740740742
train,1920,1080,37,29,0.0005174575617283951
train,1920,1080,55,33,0.0008752893518518518
train,1920,1080,45,19,0.0004123263888888889
train,1920,1080,44,21,0.00044560185185185187
train,1920,1080,48,27,0.000625
train,1920,1080,42,19,0.00038483796296296297
train,1920,1080,48,20,0.000462962962962963
train,1920,1080,51,28,0.0006886574074074074
train,1920,1080,46,29,0.0006433256172839507
train,1920,1080,46,17,0.0003771219135802469
train,1920,1080,54,19,0.0004947916666666667
train,1920,1080,54,30,0.00078125
train,1920,1080,55,26,0.0006896219135802469
train,1920,1080,48,35,0.0008101851851851852
train,1920,1080,50,33,0.0007957175925925925
train,1920,1080,41,29,0.0005733989197530864
train,1920,1080,49,34,0.0008034336419753086
train,1920,1080,52,26,0.0006520061728395062
train,1920,1080,53,15,0.0003833912037037037
train,1920,1080,36,14,0.00024305555555555555
train,1920,1080,67,36,0.0011631944444444443
train,1920,1080,47,19,0.0004306520061728395
train,1920,1080,47,16,0.00036265432098765433
train,1920,1080,95,56,0.0025655864197530864
train,1920,1080,182,86,0.007548225308641975
train,1920,1080,28,16,0.0002160493827160494
train,1920,1080,18,11,9.548611111111112e-05
train,1920,1080,16,8,6.17283950617284e-05
train,1920,1080,9,8,3.472222222222222e-05
train,1920,1080,8,5,1.9290123456790123e-05
train,1920,1080,13,9,5.642361111111111e-05
train,1920,1080,18,11,9.548611111111112e-05
train,1920,1080,30,18,0.00026041666666666666
train,1920,1080,50,27,0.0006510416666666666
train,1920,1080,50,34,0.0008198302469135802
train,1920,1080,44,27,0.0005729166666666667
train,1920,1080,54,34,0.0008854166666666666
train,1920,1080,25,12,0.00014467592592592592
train,1920,1080,42,30,0.0006076388888888889
train,1920,1080,41,19,0.00037567515432098764
train,1920,1080,55,23,0.0006100501543209876
train,1920,1080,56,39,0.0010532407407407407
train,1920,1080,55,36,0.0009548611111111111
train,1920,1080,48,23,0.0005324074074074074
train,1920,1080,39,26,0.0004890046296296296
train,1920,1080,28,16,0.0002160493827160494
train,1920,1080,19,9,8.246527777777778e-05
train,1920,1080,14,8,5.401234567901235e-05
train,1920,1080,22,11,0.00011670524691358024
train,1920,1080,27,17,0.00022135416666666666
train,1920,1080,11,6,3.18287037037037e-05
train,1920,1080,16,8,6.17283950617284e-05
train,1920,1080,31,17,0.0002541473765432099
train,1920,1080,42,30,0.0006076388888888889
train,1920,1080,42,33,0.0006684027777777777
train,1920,1080,62,30,0.0008969907407407407
train,1920,1080,95,42,0.0019241898148148148
train,1920,1080,106,47,0.0024025848765432097
train,1920,1080,24,14,0.00016203703703703703
train,1920,1080,21,11,0.00011140046296296297
train,1920,1080,38,21,0.00038483796296296297
train,1920,1080,85,44,0.0018036265432098766
train,1920,1080,46,33,0.0007320601851851852
train,1920,1080,51,21,0.0005164930555555555
train,1920,1080,35,20,0.00033757716049382714
train,1920,1080,56,31,0.0008371913580246913
train,1920,1080,39,12,0.00022569444444444443
train,1920,1080,44,12,0.0002546296296296296
train,1920,1080,42,18,0.00036458333333333335
train,1920,1080,29,16,0.00022376543209876544
train,1920,1080,38,28,0.0005131172839506173
train,1920,1080,66,21,0.0006684027777777777
train,1920,1080,45,17,0.0003689236111111111
train,1920,1080,49,23,0.0005434992283950617
train,1920,1080,54,30,0.00078125
train,1920,1080,49,18,0.0004253472222222222
train,1920,1080,34,22,0.0003607253086419753
train,1920,1080,63,22,0.0006684027777777777
train,1920,1080,16,7,5.401234567901235e-05
train,1920,1080,33,18,0.00028645833333333333
train,1920,1080,32,17,0.0002623456790123457
train,1920,1080,26,12,0.00015046296296296297
train,1920,1080,30,11,0.00015914351851851853
train,1920,1080,35,22,0.0003713348765432099
train,1920,1080,35,17,0.0002869405864197531
train,1920,1080,24,11,0.0001273148148148148
train,1920,1080,27,11,0.00014322916666666667
train,1920,1080,37,9,0.00016059027777777778
train,1920,1080,34,17,0.00027874228395061726
train,1920,1080,38,13,0.00023823302469135803
train,1920,1080,36,14,0.00024305555555555555
train,1920,1080,41,14,0.0002768132716049383
train,1920,1080,20,7,6.751543209876543e-05
train,1920,1080,25,18,0.00021701388888888888
train,1920,1080,31,12,0.00017939814814814815
train,1920,1080,54,18,0.00046875
train,1920,1080,34,21,0.0003443287037037037
train,1920,1080,38,19,0.0003481867283950617
train,1920,1080,62,15,0.00044849537037037037
train,1920,1080,21,26,0.00026331018518518516
train,1920,1080,51,14,0.0003443287037037037
train,1920,1080,45,29,0.0006293402777777778
train,1920,1080,31,19,0.00028404706790123455
train,1920,1080,27,26,0.0003385416666666667
train,1920,1080,25,12,0.00014467592592592592
train,1920,1080,40,21,0.0004050925925925926
train,1920,1080,50,23,0.000554591049382716
train,1920,1080,32,19,0.0002932098765432099
train,1920,1080,25,12,0.00014467592592592592
train,1920,1080,43,21,0.00043547453703703706
train,1920,1080,48,23,0.0005324074074074074
train,1920,1080,74,30,0.0010706018518518519
train,1920,1080,18,11,9.548611111111112e-05
train,1920,1080,40,21,0.0004050925925925926
train,1920,1080,55,23,0.0006100501543209876
train,1920,1080,52,20,0.0005015432098765432
train,1920,1080,43,12,0.0002488425925925926
train,1920,1080,37,25,0.0004460841049382716
train,1920,1080,69,17,0.0005656828703703704
train,1920,1080,30,11,0.00015914351851851853
train,1920,1080,41,29,0.0005733989197530864
train,1920,1080,33,10,0.00015914351851851853
train,1920,1080,23,9,9.98263888888889e-05
train,1920,1080,24,16,0.00018518518518518518
train,1920,1080,41,23,0.00045476466049382714
train,1920,1080,106,56,0.0028626543209876545
train,1920,1080,17,6,4.9189814814814815e-05
train,1920,1080,28,10,0.00013503086419753085
train,1920,1080,32,11,0.00016975308641975308
train,1920,1080,31,8,0.00011959876543209877
train,1920,1080,75,16,0.0005787037037037037
train,1920,1080,37,19,0.00033902391975308645
train,1920,1080,20,6,5.787037037037037e-05
train,1920,1080,16,8,6.17283950617284e-05
train,1920,1080,30,13,0.0001880787037037037
train,1920,1080,58,32,0.0008950617283950618
train,1920,1080,32,14,0.0002160493827160494
train,1920,1080,25,10,0.00012056327160493826
train,1920,1080,17,6,4.9189814814814815e-05
train,1920,1080,20,8,7.716049382716049e-05
train,1920,1080,25,11,0.0001326195987654321
train,1920,1080,21,9,9.114583333333334e-05
train,1920,1080,16,5,3.8580246913580246e-05
train,1920,1080,18,7,6.076388888888889e-05
train,1920,1080,27,10,0.00013020833333333333
train,1920,1080,38,14,0.0002565586419753086
train,1920,1080,23,8,8.873456790123456e-05
train,1920,1080,23,14,0.0001552854938271605
train,1920,1080,31,13,0.0001943479938271605
train,1920,1080,33,13,0.00020688657407407407
train,1920,1080,34,17,0.00027874228395061726
train,1920,1080,20,8,7.716049382716049e-05
train,1920,1080,31,8,0.00011959876543209877
train,1920,1080,53,26,0.0006645447530864197
train,1920,1080,41,16,0.00031635802469135804
train,1920,1080,42,20,0.0004050925925925926
train,1920,1080,23,13,0.00014419367283950618
train,1920,1080,30,11,0.00015914351851851853
train,1920,1080,30,11,0.00015914351851851853
train,1920,1080,29,8,0.00011188271604938272
train,1920,1080,44,21,0.00044560185185185187
train,1920,1080,26,7,8.777006172839507e-05
train,1920,1080,59,16,0.0004552469135802469
train,1920,1080,33,13,0.00020688657407407407
train,1920,1080,117,71,0.004006076388888889
train,1920,1080,33,9,0.00014322916666666667
train,1920,1080,29,9,0.00012586805555555555
train,1920,1080,36,15,0.00026041666666666666
train,1920,1080,22,9,9.548611111111112e-05
train,1920,1080,24,8,9.259259259259259e-05
train,1920,1080,51,23,0.0005656828703703704
train,1920,1080,51,24,0.0005902777777777778
train,1920,1080,20,12,0.00011574074074074075
train,1920,1080,17,6,4.9189814814814815e-05
train,1920,1080,19,10,9.162808641975309e-05
train,1920,1080,21,14,0.00014178240740740742
train,1920,1080,16,7,5.401234567901235e-05
train,1920,1080,14,9,6.076388888888889e-05
train,1920,1080,16,11,8.487654320987654e-05
train,1920,1080,16,11,8.487654320987654e-05
train,1920,1080,28,14,0.0001890432098765432
train,1920,1080,26,17,0.00021315586419753087
train,1920,1080,32,15,0.0002314814814814815
train,1920,1080,39,21,0.0003949652777777778
train,1920,1080,40,18,0.00034722222222222224
train,1920,1080,11,5,2.652391975308642e-05
train,1920,1080,32,18,0.0002777777777777778
train,1920,1080,19,15,0.00013744212962962964
train,1920,1080,15,9,6.510416666666667e-05
train,1920,1080,18,7,6.076388888888889e-05
train,1920,1080,23,16,0.00017746913580246913
train,1920,1080,32,12,0.00018518518518518518
train,1920,1080,67,24,0.0007754629629629629
train,1920,1080,81,30,0.001171875
train,1920,1080,14,11,7.426697530864198e-05
train,1920,1080,22,15,0.00015914351851851853
train,1920,1080,8,6,2.3148148148148147e-05
train,1920,1080,10,7,3.375771604938271e-05
train,1920,1080,24,12,0.0001388888888888889
train,1920,1080,22,15,0.00015914351851851853
train,1920,1080,26,11,0.00013792438271604938
train,1920,1080,25,18,0.00021701388888888888
train,1920,1080,28,12,0.00016203703703703703
train,1920,1080,22,11,0.00011670524691358024
train,1920,1080,33,18,0.00028645833333333333
train,1920,1080,37,24,0.00042824074074074075
train,1920,1080,34,12,0.00019675925925925926
train,1920,1080,36,14,0.00024305555555555555
train,1920,1080,24,12,0.0001388888888888889
train,1920,1080,23,15,0.0001663773148148148
train,1920,1080,40,24,0.000462962962962963
train,1920,1080,38,26,0.00047646604938271606
train,1920,1080,28,18,0.00024305555555555555
train,1920,1080,21,9,9.114583333333334e-05
train,1920,1080,22,15,0.00015914351851851853
train,1920,1080,17,8,6.558641975308642e-05
train,1920,1080,29,19,0.00026572145061728395
train,1920,1080,36,21,0.00036458333333333335
train,1920,1080,46,25,0.000554591049382716
train,1920,1080,17,12,9.837962962962963e-05
train,1920,1080,30,14,0.0002025462962962963
train,1920,1080,29,21,0.00029369212962962964
train,1920,1080,45,24,0.0005208333333333333
train,1920,1080,35,7,0.0001181520061728395
train,1920,1080,30,15,0.00021701388888888888
train,1920,1080,66,31,0.0009866898148148148
train,1920,1080,60,21,0.0006076388888888889
train,1920,1080,59,33,0.0009389467592592593
train,1920,1080,42,26,0.0005266203703703703
train,1920,1080,45,23,0.0004991319444444444
train,1920,1080,33,14,0.00022280092592592593
train,1920,1080,30,18,0.00026041666666666666
train,1920,1080,56,31,0.0008371913580246913
train,1920,1080,49,27,0.0006380208333333333
train,1920,1080,32,18,0.0002777777777777778
train,1920,1080,27,13,0.00016927083333333334
train,1920,1080,24,13,0.00015046296296296297
train,1920,1080,22,11,0.00011670524691358024
train,1920,1080,22,10,0.00010609567901234568
train,1920,1080,26,10,0.0001253858024691358
train,1920,1080,47,26,0.0005893132716049382
train,1920,1080,58,30,0.0008391203703703704
train,1920,1080,50,32,0.0007716049382716049
train,1920,1080,60,30,0.0008680555555555555
train,1920,1080,27,11,0.00014322916666666667
train,1920,1080,26,12,0.00015046296296296297
train,1920,1080,22,12,0.0001273148148148148
train,1920,1080,23,12,0.00013310185185185186
train,1920,1080,67,32,0.0010339506172839506
train,1920,1080,91,48,0.0021064814814814813
train,1920,1080,104,36,0.0018055555555555555
train,1920,1080,74,30,0.0010706018518518519
train,1920,1080,31,8,0.00011959876543209877
train,1920,1080,44,27,0.0005729166666666667
train,1920,1080,35,15,0.00025318287037037036
train,1920,1080,30,12,0.00017361111111111112
train,1920,1080,29,11,0.00015383873456790124
train,1920,1080,25,10,0.00012056327160493826
train,1920,1080,51,37,0.000910011574074074
train,1920,1080,59,40,0.0011381172839506173
train,1920,1080,29,15,0.0002097800925925926
train,1920,1080,24,14,0.00016203703703703703
train,1920,1080,22,11,0.00011670524691358024
train,1920,1080,30,14,0.0002025462962962963
train,1920,1080,26,11,0.00013792438271604938
train,1920,1080,36,17,0.0002951388888888889
train,1920,1080,42,15,0.00030381944444444445
train,1920,1080,37,9,0.00016059027777777778
train,1920,1080,32,21,0.00032407407407407406
train,1920,1080,30,14,0.0002025462962962963
train,1920,1080,38,17,0.00031153549382716047
train,1920,1080,31,16,0.00023919753086419754
train,1920,1080,47,16,0.00036265432098765433
train,1920,1080,41,9,0.0001779513888888889
train,1920,1080,39,12,0.00022569444444444443
train,1920,1080,55,21,0.0005570023148148149
train,1920,1080,40,11,0.00021219135802469136
train,1920,1080,42,11,0.00022280092592592593
train,1920,1080,37,14,0.0002498070987654321
train,1920,1080,47,15,0.00033998842592592593
train,1920,1080,49,13,0.0003071952160493827
train,1920,1080,37,12,0.00021412037037037038
train,1920,1080,48,10,0.0002314814814814815
train,1920,1080,41,10,0.00019772376543209877
train,1920,1080,39,9,0.00016927083333333334
train,1920,1080,47,12,0.0002719907407407407
train,1920,1080,55,20,0.0005304783950617284
train,1920,1080,62,14,0.00041859567901234566
train,1920,1080,48,16,0.00037037037037037035
train,1920,1080,45,15,0.0003255208333333333
train,1920,1080,32,17,0.0002623456790123457
train,1920,1080,44,9,0.00019097222222222223
train,1920,1080,48,12,0.0002777777777777778
train,1920,1080,45,13,0.00028211805555555553
train,1920,1080,48,11,0.0002546296296296296
train,1920,1080,51,23,0.0005656828703703704
train,1920,1080,45,19,0.0004123263888888889
train,1920,1080,56,26,0.0007021604938271605
train,1920,1080,57,15,0.0004123263888888889
train,1920,1080,44,18,0.00038194444444444446
train,1920,1080,51,34,0.0008362268518518519
train,1920,1080,44,20,0.0004243827160493827
train,1920,1080,49,14,0.0003308256172839506
train,1920,1080,22,7,7.426697530864198e-05
train,1920,1080,24,6,6.944444444444444e-05
train,1920,1080,34,13,0.00021315586419753087
train,1920,1080,23,10,0.00011091820987654321
train,1920,1080,25,11,0.0001326195987654321
train,1920,1080,14,8,5.401234567901235e-05
train,1920,1080,15,10,7.233796296296296e-05
train,1920,1080,20,9,8.680555555555556e-05
train,1920,1080,16,4,3.08641975308642e-05
train,1920,1080,9,9,3.90625e-05
train,1920,1080,17,6,4.9189814814814815e-05
train,1920,1080,33,13,0.00020688657407407407
train,1920,1080,30,12,0.00017361111111111112
train,1920,1080,45,21,0.0004557291666666667
train,1920,1080,17,9,7.378472222222222e-05
train,1920,1080,23,6,6.655092592592593e-05
train,1920,1080,25,7,8.439429012345679e-05
train,1920,1080,54,21,0.000546875
train,1920,1080,24,8,9.259259259259259e-05
train,1920,1080,33,10,0.00015914351851851853
train,1920,1080,19,7,6.413966049382716e-05
train,1920,1080,45,14,0.00030381944444444445
train,1920,1080,33,11,0.00017505787037037037
train,1920,1080,18,5,4.340277777777778e-05
train,1920,1080,19,12,0.0001099537037037037
train,1920,1080,30,10,0.00014467592592592592
train,1920,1080,88,32,0.0013580246913580246
train,1920,1080,56,29,0.000783179012345679
train,1920,1080,26,16,0.00020061728395061727
train,1920,1080,24,16,0.00018518518518518518
train,1920,1080,22,11,0.00011670524691358024
train,1920,1080,25,16,0.00019290123456790122
train,1920,1080,30,21,0.00030381944444444445
train,1920,1080,33,20,0.00031828703703703706
train,1920,1080,32,20,0.00030864197530864197
train,1920,1080,29,6,8.391203703703703e-05
train,1920,1080,17,10,8.198302469135803e-05
train,1920,1080,18,14,0.00012152777777777777
train,1920,1080,35,22,0.0003713348765432099
train,1920,1080,39,25,0.00047019675925925923
train,1920,1080,31,19,0.00028404706790123455
train,1920,1080,34,16,0.0002623456790123457
train,1920,1080,32,18,0.0002777777777777778
train,1920,1080,27,18,0.000234375
train,1920,1080,38,25,0.0004581404320987654
train,1920,1080,25,12,0.00014467592592592592
train,1920,1080,44,27,0.0005729166666666667
train,1920,1080,43,28,0.0005806327160493827
train,1920,1080,39,19,0.00035734953703703704
train,1920,1080,30,17,0.00024594907407407405
train,1920,1080,25,11,0.0001326195987654321
train,1920,1080,29,19,0.00026572145061728395
train,1920,1080,29,17,0.00023775077160493826
train,1920,1080,35,17,0.0002869405864197531
train,1920,1080,51,26,0.0006394675925925926
train,1920,1080,55,22,0.0005835262345679012
train,1920,1080,63,31,0.0009418402777777778
train,1920,1080,40,27,0.0005208333333333333
train,1920,1080,35,19,0.0003206983024691358
train,1920,1080,29,16,0.00022376543209876544
train,1920,1080,41,19,0.00037567515432098764
train,1920,1080,40,27,0.0005208333333333333
train,1920,1080,43,20,0.0004147376543209877
train,1920,1080,51,29,0.0007132523148148148
train,1920,1080,36,27,0.00046875
train,1920,1080,50,27,0.0006510416666666666
train,1920,1080,40,15,0.00028935185185185184
train,1920,1080,62,26,0.000777391975308642
train,1920,1080,69,25,0.0008318865740740741
train,1920,1080,30,12,0.00017361111111111112
train,1920,1080,33,23,0.0003660300925925926
train,1920,1080,30,16,0.0002314814814814815
train,1920,1080,30,19,0.0002748842592592593
train,1920,1080,47,30,0.0006799768518518519
train,1920,1080,16,12,9.259259259259259e-05
train,1920,1080,45,27,0.0005859375
train,1920,1080,31,17,0.0002541473765432099
train,1920,1080,31,16,0.00023919753086419754
train,1920,1080,28,15,0.0002025462962962963
train,1920,1080,58,31,0.0008670910493827161
train,1920,1080,21,14,0.00014178240740740742
train,1920,1080,26,21,0.00026331018518518516
train,1920,1080,24,17,0.00019675925925925926
train,1920,1080,27,15,0.0001953125
train,1920,1080,24,15,0.00017361111111111112
train,1920,1080,39,28,0.0005266203703703703
train,1920,1080,30,17,0.00024594907407407405
train,1920,1080,42,29,0.0005873842592592593
train,1920,1080,32,22,0.00033950617283950616
train,1920,1080,43,22,0.00045621141975308644
train,1920,1080,28,18,0.00024305555555555555
train,1920,1080,41,23,0.00045476466049382714
train,1920,1080,40,21,0.0004050925925925926
train,1920,1080,45,25,0.0005425347222222222
train,1920,1080,47,23,0.0005213155864197531
train,1920,1080,34,16,0.0002623456790123457
train,1920,1080,26,16,0.00020061728395061727
train,1920,1080,17,11,9.018132716049383e-05
train,1920,1080,23,18,0.0001996527777777778
train,1920,1080,19,10,9.162808641975309e-05
train,1920,1080,27,18,0.000234375
train,1920,1080,28,16,0.0002160493827160494
train,1920,1080,22,16,0.00016975308641975308
train,1920,1080,46,24,0.0005324074074074074
train,1920,1080,33,24,0.00038194444444444446
train,1920,1080,45,24,0.0005208333333333333
train,1920,1080,48,26,0.0006018518518518519
train,1920,1080,44,22,0.00046682098765432096
train,1920,1080,58,27,0.0007552083333333333
train,1920,1080,20,8,7.716049382716049e-05
train,1920,1080,25,6,7.233796296296296e-05
train,1920,1080,33,9,0.00014322916666666667
train,1920,1080,38,11,0.00020158179012345678
train,1920,1080,37,14,0.0002498070987654321
train,1920,1080,39,15,0.00028211805555555553
train,1920,1080,40,16,0.00030864197530864197
train,1920,1080,45,17,0.0003689236111111111
train,1920,1080,43,13,0.000269579475308642
train,1920,1080,42,11,0.00022280092592592593
train,1920,1080,35,13,0.00021942515432098766
train,1920,1080,46,12,0.0002662037037037037
train,1920,1080,40,12,0.0002314814814814815
train,1920,1080,43,20,0.0004147376543209877
train,1920,1080,38,11,0.00020158179012345678
train,1920,1080,63,25,0.0007595486111111111
train,1920,1080,56,20,0.0005401234567901234
train,1920,1080,43,14,0.00029031635802469137
train,1920,1080,53,18,0.0004600694444444444
train,1920,1080,43,18,0.0003732638888888889
train,1920,1080,43,12,0.0002488425925925926
train,1920,1080,41,15,0.00029658564814814814
train,1920,1080,33,12,0.00019097222222222223
train,1920,1080,37,15,0.00026765046296296297
train,1920,1080,49,13,0.0003071952160493827
train,1920,1080,45,22,0.00047743055555555554
train,1920,1080,50,14,0.00033757716049382714
train,1920,1080,47,19,0.0004306520061728395
train,1920,1080,65,19,0.000595582561728395
train,1920,1080,67,14,0.0004523533950617284
train,1920,1080,109,32,0.0016820987654320987
train,1920,1080,78,20,0.0007523148148148148
train,1920,1080,47,11,0.0002493248456790123
train,1920,1080,44,14,0.0002970679012345679
train,1920,1080,70,27,0.0009114583333333333
train,1920,1080,47,16,0.00036265432098765433
train,1920,1080,28,9,0.00012152777777777777
train,1920,1080,33,11,0.00017505787037037037
train,1920,1080,36,8,0.0001388888888888889
train,1920,1080,56,23,0.000621141975308642
train,1920,1080,38,15,0.0002748842592592593
train,1920,1080,30,12,0.00017361111111111112
train,1920,1080,28,10,0.00013503086419753085
train,1920,1080,29,7,9.789737654320988e-05
train,1920,1080,50,16,0.00038580246913580245
train,1920,1080,42,11,0.00022280092592592593
train,1920,1080,39,15,0.00028211805555555553
train,1920,1080,38,14,0.0002565586419753086
train,1920,1080,35,11,0.00018566743827160494
train,1920,1080,48,15,0.00034722222222222224
train,1920,1080,51,15,0.0003689236111111111
train,1920,1080,55,23,0.0006100501543209876
train,1920,1080,34,14,0.00022955246913580247
train,1920,1080,33,10,0.00015914351851851853
train,1920,1080,58,17,0.0004755015432098765
train,1920,1080,87,27,0.0011328125
train,1920,1080,44,20,0.0004243827160493827
train,1920,1080,39,11,0.00020688657407407407
train,1920,1080,45,16,0.00034722222222222224
train,1920,1080,56,14,0.0003780864197530864
train,1920,1080,53,21,0.0005367476851851851
train,1920,1080,42,10,0.0002025462962962963
train,1920,1080,37,14,0.0002498070987654321
train,1920,1080,41,15,0.00029658564814814814
train,1920,1080,36,11,0.00019097222222222223
train,1920,1080,40,17,0.0003279320987654321
train,1920,1080,40,12,0.0002314814814814815
train,1920,1080,29,7,9.789737654320988e-05
train,1920,1080,24,9,0.00010416666666666667
train,1920,1080,27,10,0.00013020833333333333
train,1920,1080,24,6,6.944444444444444e-05
train,1920,1080,28,8,0.0001080246913580247
train,1920,1080,30,11,0.00015914351851851853
train,1920,1080,32,14,0.0002160493827160494
train,1920,1080,27,9,0.0001171875
train,1920,1080,21,13,0.00013165509259259258
train,1920,1080,26,12,0.00015046296296296297
train,1920,1080,18,8,6.944444444444444e-05
train,1920,1080,23,9,9.98263888888889e-05
train,1920,1080,33,11,0.00017505787037037037
train,1920,1080,33,13,0.00020688657407407407
train,1920,1080,26,14,0.00017554012345679014
train,1920,1080,33,12,0.00019097222222222223
train,1920,1080,44,27,0.0005729166666666667
train,1920,1080,25,11,0.0001326195987654321
train,1920,1080,33,15,0.00023871527777777777
train,1920,1080,43,23,0.0004769483024691358
train,1920,1080,26,13,0.00016300154320987654
train,1920,1080,30,11,0.00015914351851851853
train,1920,1080,33,16,0.0002546296296296296
train,1920,1080,21,10,0.00010127314814814815
train,1920,1080,30,12,0.00017361111111111112
train,1920,1080,34,11,0.00018036265432098766
train,1920,1080,41,14,0.0002768132716049383
train,1920,1080,44,11,0.00023341049382716048
train,1920,1080,35,11,0.00018566743827160494
train,1920,1080,27,15,0.0001953125
train,1920,1080,25,10,0.00012056327160493826
train,1920,1080,24,9,0.00010416666666666667
train,1920,1080,26,10,0.0001253858024691358
train,1920,1080,33,12,0.00019097222222222223
train,1920,1080,25,8,9.645061728395061e-05
train,1920,1080,21,7,7.089120370370371e-05
train,1920,1080,26,8,0.00010030864197530864
train,1920,1080,22,8,8.487654320987654e-05
train,1920,1080,20,7,6.751543209876543e-05
train,1920,1080,51,12,0.0002951388888888889
train,1920,1080,44,15,0.00031828703703703706
train,1920,1080,44,28,0.0005941358024691358
train,1920,1080,31,20,0.00029899691358024693
train,1920,1080,30,12,0.00017361111111111112
train,1920,1080,42,18,0.00036458333333333335
train,1920,1080,44,18,0.00038194444444444446
train,1920,1080,37,14,0.0002498070987654321
train,1920,1080,38,22,0.00040316358024691356
train,1920,1080,26,12,0.00015046296296296297
train,1920,1080,44,24,0.0005092592592592592
train,1920,1080,46,41,0.0009095293209876543
train,1920,1080,51,25,0.0006148726851851852
train,1920,1080,57,26,0.0007146990740740741
train,1920,1080,64,43,0.0013271604938271606
train,1920,1080,39,17,0.0003197337962962963
train,1920,1080,80,57,0.002199074074074074
train,1920,1080,47,22,0.0004986496913580246
train,1920,1080,39,17,0.0003197337962962963
train,1920,1080,36,12,0.00020833333333333335
train,1920,1080,38,19,0.0003481867283950617
train,1920,1080,86,45,0.0018663194444444445
train,1920,1080,35,13,0.00021942515432098766
train,1920,1080,52,20,0.0005015432098765432
train,1920,1080,54,26,0.0006770833333333334
train,1920,1080,40,18,0.00034722222222222224
train,1920,1080,37,14,0.0002498070987654321
train,1920,1080,72,43,0.0014930555555555556
train,1920,1080,53,17,0.0004345100308641975
train,1920,1080,37,15,0.00026765046296296297
train,1920,1080,41,19,0.00037567515432098764
train,1920,1080,52,32,0.0008024691358024691
train,1920,1080,41,25,0.0004943094135802469
train,1920,1080,52,36,0.0009027777777777777
train,1920,1080,44,22,0.00046682098765432096
train,1920,1080,32,13,0.00020061728395061727
train,1920,1080,65,48,0.0015046296296296296
train,1920,1080,66,30,0.0009548611111111111
train,1920,1080,53,17,0.0004345100308641975
train,1920,1080,60,43,0.001244212962962963
train,1920,1080,55,22,0.0005835262345679012
train,1920,1080,21,16,0.00016203703703703703
train,1920,1080,58,30,0.0008391203703703704
train,1920,1080,38,20,0.00036651234567901237
train,1920,1080,91,47,0.002062596450617284
train,1920,1080,19,18,0.00016493055555555556
train,1920,1080,43,21,0.00043547453703703706
train,1920,1080,16,10,7.716049382716049e-05
train,1920,1080,32,12,0.00018518518518518518
train,1920,1080,51,33,0.0008116319444444445
train,1920,1080,56,30,0.0008101851851851852
train,1920,1080,24,16,0.00018518518518518518
train,1920,1080,33,25,0.0003978587962962963
train,1920,1080,40,19,0.00036651234567901237
train,1920,1080,24,16,0.00018518518518518518
train,1920,1080,70,45,0.0015190972222222222
train,1920,1080,26,26,0.0003260030864197531
train,1920,1080,25,13,0.00015673225308641974
train,1920,1080,69,35,0.0011646412037037038
train,1920,1080,56,28,0.0007561728395061729
train,1920,1080,38,23,0.0004214891975308642
train,1920,1080,21,12,0.00012152777777777777
train,1920,1080,34,16,0.0002623456790123457
train,1920,1080,44,17,0.0003607253086419753
train,1920,1080,67,31,0.001001639660493827
train,1920,1080,66,30,0.0009548611111111111
train,1920,1080,48,22,0.0005092592592592592
train,1920,1080,39,27,0.0005078125
train,1920,1080,46,24,0.0005324074074074074
train,1920,1080,38,22,0.00040316358024691356
train,1920,1080,49,32,0.0007561728395061729
train,1920,1080,31,15,0.00022424768518518518
train,1920,1080,44,24,0.0005092592592592592
train,1920,1080,39,26,0.0004890046296296296
train,1920,1080,67,23,0.0007431520061728395
train,1920,1080,65,29,0.0009090470679012346
train,1920,1080,57,25,0.0006872106481481482
train,1920,1080,67,36,0.0011631944444444443
train,1920,1080,60,32,0.000925925925925926
train,1920,1080,74,40,0.001427469135802469
train,1920,1080,102,47,0.0023119212962962963
train,1920,1080,72,39,0.0013541666666666667
train,1920,1080,51,28,0.0006886574074074074
train,1920,1080,58,31,0.0008670910493827161
train,1920,1080,58,21,0.0005873842592592593
train,1920,1080,68,25,0.0008198302469135802
train,1920,1080,54,18,0.00046875
train,1920,1080,40,28,0.0005401234567901234
train,1920,1080,88,37,0.001570216049382716
train,1920,1080,60,33,0.0009548611111111111
train,1920,1080,31,17,0.0002541473765432099
train,1920,1080,44,22,0.00046682098765432096
train,1920,1080,64,25,0.0007716049382716049
train,1920,1080,70,23,0.0007764274691358025
train,1920,1080,72,35,0.0012152777777777778
train,1920,1080,62,30,0.0008969907407407407
train,1920,1080,65,25,0.0007836612654320988
train,1920,1080,55,31,0.000822241512345679
train,1920,1080,83,28,0.0011207561728395063
train,1920,1080,48,23,0.0005324074074074074
train,1920,1080,53,26,0.0006645447530864197
train,1920,1080,55,24,0.0006365740740740741
train,1920,1080,54,21,0.000546875
train,1920,1080,37,17,0.0003033371913580247
train,1920,1080,27,19,0.00024739583333333335
train,1920,1080,28,17,0.00022955246913580247
train,1920,1080,32,22,0.00033950617283950616
train,1920,1080,37,22,0.000392554012345679
train,1920,1080,45,22,0.00047743055555555554
train,1920,1080,31,22,0.0003288966049382716
train,1920,1080,33,15,0.00023871527777777777
train,1920,1080,23,9,9.98263888888889e-05
train,1920,1080,39,22,0.00041377314814814814
train,1920,1080,40,28,0.0005401234567901234
train,1920,1080,25,13,0.00015673225308641974
train,1920,1080,29,14,0.00019579475308641975
train,1920,1080,30,15,0.00021701388888888888
train,1920,1080,42,32,0.0006481481481481481
train,1920,1080,31,20,0.00029899691358024693
train,1920,1080,27,12,0.00015625
train,1920,1080,36,17,0.0002951388888888889
train,1920,1080,26,14,0.00017554012345679014
train,1920,1080,38,17,0.00031153549382716047
train,1920,1080,34,17,0.00027874228395061726
train,1920,1080,44,19,0.00040316358024691356
train,1920,1080,41,18,0.0003559027777777778
train,1920,1080,26,11,0.00013792438271604938
train,1920,1080,34,16,0.0002623456790123457
train,1920,1080,27,18,0.000234375
train,1920,1080,32,22,0.00033950617283950616
train,1920,1080,46,17,0.0003771219135802469
train,1920,1080,50,26,0.000626929012345679
train,1920,1080,40,17,0.0003279320987654321
train,1920,1080,47,21,0.0004759837962962963
val,527,300,112,70,0.04958886780518659
val,500,281,327,140,0.32583629893238436
val,410,292,169,113,0.15951386568660206
val,1000,666,289,182,0.07897597597597597
val,640,384,70,54,0.015380859375
val,640,384,40,30,0.0048828125
val,640,384,44,33,0.005908203125
val,640,384,50,39,0.0079345703125
val,640,384,105,86,0.0367431640625
val,640,384,62,51,0.0128662109375
val,550,206,151,95,0.1266107678729038
val,500,281,328,142,0.3315017793594306
val,640,480,404,239,0.31430989583333335
val,640,425,322,193,0.22847794117647058
val,1000,667,524,443,0.348023988005997
val,736,552,256,139,0.08758664146187775
val,770,566,531,411,0.5007594878619613
val,640,426,201,174,0.12827904929577466
val,3000,2000,1744,903,0.262472
val,1000,750,371,284,0.14048533333333332
val,759,422,573,345,0.6171908660060319
val,830,788,507,426,0.330227509020855
val,714,470,242,228,0.16441981047738244
val,624,299,254,169,0.23007246376811594
val,642,401,344,262,0.35009050582267076
val,1024,683,307,284,0.1246625640556369
val,1000,541,764,475,0.6707948243992606
val,1600,1200,974,734,0.3723520833333333
val,4256,2832,1119,688,0.06387393271313878
val,1450,550,423,191,0.10130783699059562
val,700,525,284,219,0.16924081632653062
val,960,640,232,158,0.059661458333333334
val,615,409,372,216,0.3194465978889618
val,1920,1080,1259,991,0.6016922260802469
val,2048,1365,875,534,0.1671424278846154
val,1500,843,352,233,0.06486041913799921
val,620,465,464,298,0.47961151578217137
val,640,360,385,176,0.29409722222222223
val,662,443,421,220,0.3158224956183124
val,960,720,628,510,0.46336805555555555
val,1280,960,581,582,0.2751806640625
val,1200,721,648,542,0.40593619972260747
val,1200,795,917,250,0.24030398322851154
val,2048,1365,1370,1056,0.5175137362637363
val,2500,1668,1106,821,0.21775203836930457
val,1087,725,679,569,0.49024648669225646
val,2370,1770,1573,950,0.35623018427137715
val,1340,762,858,380,0.3193089669761429
val,4288,2848,2298,1447,0.2722850481615797
val,800,450,682,361,0.6838944444444445
val,2500,1667,1687,991,0.401155848830234
val,696,464,391,348,0.4213362068965517
val,620,387,388,293,0.4738017837792782
val,650,366,287,158,0.19060949978982766
val,700,467,163,90,0.04487610890180483
val,2000,1000,909,636,0.289062
val,634,392,232,175,0.1633618747183416
val,620,350,299,178,0.2452626728110599
val,320,213,113,35,0.05802523474178404
val,1536,1024,392,303,0.0755157470703125
val,620,290,297,176,0.2907230255839822
val,1180,842,632,503,0.31995651998872743
val,1024,742,626,258,0.21256422675202155
val,1216,811,187,143,0.027115849503536894
val,1190,595,262,194,0.071785890826919
val,1280,960,626,386,0.19664388020833334
val,1190,595,351,328,0.1625986865334369
val,640,428,202,130,0.09586740654205607
val,1000,664,147,108,0.023909638554216867
val,1024,768,402,382,0.1952667236328125
val,1448,967,760,471,0.2556462717180778
val,512,341,128,85,0.062316715542521994
val,640,426,115,74,0.031213321596244133
val,1100,1015,118,113,0.011942678011643528
val,593,343,117,76,0.04371702909060517
val,1100,734,233,237,0.06839360911567996
val,615,409,276,251,0.27541296439859264
val,926,617,562,211,0.2075499438164882
val,512,366,232,153,0.18942110655737704
val,580,386,238,156,0.16583884223691264
val,1000,664,166,136,0.034
val,1024,600,183,84,0.02501953125
val,1498,997,432,298,0.08619717630863218
val,960,540,124,67,0.016026234567901233
val,1200,880,523,326,0.1614564393939394
val,829,600,251,136,0.06862887012464818
val,1280,720,155,185,0.031114366319444444
val,1280,720,269,132,0.03852864583333333
val,1280,720,332,147,0.05295572916666667
val,1280,720,122,69,0.009134114583333333
val,1280,720,311,176,0.05939236111111111
val,1280,720,184,65,0.012977430555555556
val,1280,720,175,105,0.019938151041666668
val,1280,720,165,104,0.018619791666666666
val,1280,720,179,130,0.02524956597222222
val,1280,720,80,57,0.0049479166666666664
val,1280,720,143,126,0.01955078125
val,1280,720,79,56,0.004800347222222222
val,1280,720,112,65,0.007899305555555555
val,1280,720,92,73,0.007287326388888889
val,1280,720,105,54,0.00615234375
val,1280,720,44,33,0.0015755208333333333
val,1280,720,144,75,0.01171875
val,1280,720,240,177,0.04609375
val,1280,720,67,52,0.0037803819444444443
val,1280,720,94,79,0.008057725694444445
val,1280,720,345,118,0.044173177083333334
val,1280,720,176,127,0.02425347222222222
val,1280,720,346,290,0.10887586805555556
val,1280,720,90,74,0.0072265625
val,1280,720,237,226,0.058118489583333335
val,1280,720,131,48,0.006822916666666666
val,1280,720,197,87,0.018597005208333333
val,1280,720,511,170,0.09425998263888889
val,1280,720,67,35,0.0025444878472222223
val,1280,720,330,123,0.04404296875
val,1280,720,147,59,0.009410807291666667
val,1280,720,169,75,0.013753255208333334
val,1280,720,406,140,0.061675347222222225
val,1280,720,293,163,0.05182183159722222
val,1280,720,139,120,0.018098958333333335
val,1280,720,57,44,0.0027213541666666666
val,1280,720,50,26,0.0014105902777777778
val,1280,720,288,189,0.0590625
val,1280,720,78,51,0.00431640625
val,1280,720,65,75,0.005289713541666667
val,1280,720,134,60,0.008723958333333334
val,1280,720,417,323,0.14614908854166667
val,1280,720,195,119,0.025179036458333335
val,1280,720,398,164,0.07082465277777777
val,1280,720,673,289,0.21104275173611112
val,1280,720,156,88,0.014895833333333334
val,1280,720,238,131,0.03383029513888889
val,1280,720,153,87,0.014443359375
val,1280,720,88,38,0.003628472222222222
val,1280,720,331,154,0.05531032986111111
val,1280,720,225,132,0.0322265625
val,1280,720,242,49,0.012866753472222223
val,480,360,155,89,0.07983217592592592
val,480,360,145,68,0.057060185185185186
val,480,360,64,30,0.011111111111111112
val,480,360,72,34,0.014166666666666666
val,640,352,203,55,0.049560546875
val,1280,720,157,125,0.021294487847222224
val,1280,720,206,113,0.025258246527777778
val,1280,720,255,223,0.06170247395833333
val,1280,720,68,49,0.003615451388888889
val,1280,720,484,222,0.11658854166666667
val,1280,720,134,61,0.00886935763888889
val,1280,720,232,152,0.03826388888888889
val,1280,720,168,125,0.022786458333333332
val,1280,720,223,115,0.027826605902777777
val,1280,720,607,262,0.17256293402777778
val,1280,720,330,196,0.07018229166666666
val,1280,720,131,80,0.011371527777777777
val,1280,720,144,119,0.01859375
val,1280,720,238,165,0.04261067708333333
val,1280,720,75,61,0.004964192708333333
val,1280,720,228,188,0.046510416666666665
val,1280,720,263,127,0.03624240451388889
val,1280,720,163,146,0.02582248263888889
val,1280,720,367,192,0.07645833333333334
val,1280,720,329,194,0.0692556423611111
val,1280,720,181,60,0.011783854166666666
val,1280,720,229,80,0.01987847222222222
val,1280,720,995,285,0.3076985677083333
val,1280,720,228,102,0.025234375
val,1280,720,266,136,0.039253472222222224
val,1280,720,381,180,0.0744140625
val,1280,720,280,158,0.048003472222222225
val,1280,720,45,16,0.00078125
val,1280,720,180,94,0.018359375
val,1280,720,58,36,0.002265625
val,1280,720,144,103,0.01609375
val,1280,720,32,26,0.0009027777777777777
val,1280,720,195,84,0.0177734375
val,1280,720,196,104,0.022118055555555554
val,1280,720,271,166,0.048812934027777775
val,1280,720,158,112,0.01920138888888889
val,1280,720,171,100,0.0185546875
val,1280,720,383,296,0.12301215277777777
val,1280,720,78,29,0.002454427083333333
val,1280,720,181,85,0.01669379340277778
val,1280,720,86,32,0.0029861111111111113
val,1280,720,100,73,0.007921006944444444
val,1280,720,457,282,0.13983723958333333
val,1280,720,29,20,0.0006293402777777778
val,1280,720,166,81,0.01458984375
val,1280,720,29,14,0.00044053819444444446
val,1280,720,73,53,0.004198133680555555
val,1280,720,176,54,0.0103125
val,1280,720,977,412,0.43676649305555554
val,1280,720,376,119,0.04855034722222222
val,1280,720,170,212,0.03910590277777778
val,1280,720,254,99,0.02728515625
val,1280,720,119,54,0.00697265625
val,1280,720,272,129,0.038072916666666665
val,1280,720,26,14,0.0003949652777777778
val,1280,720,58,23,0.001447482638888889
val,1280,720,117,63,0.007998046875
val,1280,720,143,70,0.010861545138888888
val,1280,720,162,159,0.02794921875
val,1280,720,426,135,0.06240234375
val,1280,720,384,192,0.08
val,1280,720,139,39,0.005882161458333333
val,1280,720,179,67,0.013013237847222222
val,1280,720,263,121,0.03453016493055556
val,1280,720,132,46,0.006588541666666667
val,1280,720,166,56,0.010086805555555555
val,1280,720,69,32,0.002395833333333333
val,1280,720,166,70,0.012608506944444445
val,1280,720,852,346,0.3198697916666667
val,1280,720,130,64,0.009027777777777777
val,1280,720,53,28,0.0016102430555555555
val,1280,720,325,170,0.05995008680555555
val,1280,720,72,44,0.0034375
val,1280,720,257,187,0.05214735243055556
val,1280,720,195,120,0.025390625
val,1280,720,40,20,0.0008680555555555555
val,1280,720,213,91,0.021031901041666665
val,1280,720,180,81,0.0158203125
val,1280,720,105,61,0.006949869791666666
val,1280,720,208,97,0.021892361111111112
val,1280,720,98,61,0.006486545138888889
val,1280,720,292,95,0.03009982638888889
val,1280,720,124,47,0.006323784722222222
val,1280,720,133,46,0.0066384548611111115
val,1280,720,161,58,0.010132378472222222
val,1280,720,81,30,0.00263671875
val,1280,720,99,41,0.004404296875
val,1280,720,383,117,0.048623046875
val,1280,720,326,99,0.03501953125
val,1280,720,464,170,0.08559027777777778
val,1280,720,453,175,0.08601888020833333
val,1280,720,382,87,0.03606119791666667
val,1280,720,678,215,0.15817057291666667
val,1280,720,170,125,0.023057725694444444
val,1280,720,95,73,0.007524956597222222
val,1280,720,104,85,0.00959201388888889
val,1280,720,129,61,0.008538411458333334
val,1280,720,161,55,0.009608289930555555
val,1280,720,164,85,0.015125868055555556
val,1280,720,124,61,0.008207465277777777
val,1280,720,150,89,0.014485677083333334
val,1280,720,156,54,0.009140625
val,1280,720,446,216,0.10453125
val,1280,720,424,199,0.09155381944444445
val,1280,720,117,63,0.007998046875
val,1280,720,82,77,0.006851128472222222
val,1280,720,160,147,0.025520833333333333
val,1280,720,556,312,0.18822916666666667
val,1280,720,841,385,0.35132921006944445
val,1280,720,391,118,0.050062934027777777
val,1280,720,382,119,0.04932508680555556
val,1280,720,252,148,0.04046875
val,1280,720,182,93,0.01836588541666667
val,1280,720,860,403,0.37606336805555557
val,1280,720,202,153,0.03353515625
val,1280,720,140,81,0.0123046875
val,1280,720,180,121,0.0236328125
val,1280,720,75,43,0.0034993489583333335
val,1280,720,188,103,0.02101128472222222
val,1280,720,81,44,0.0038671875
val,1280,720,530,260,0.14952256944444445
val,1280,720,200,109,0.023654513888888888
val,1280,720,236,68,0.017413194444444443
val,1280,720,567,210,0.12919921875
val,1280,720,250,182,0.049370659722222224
val,1280,720,351,146,0.05560546875
val,1280,720,87,61,0.0057584635416666665
val,1280,720,112,80,0.009722222222222222
val,1280,720,343,327,0.12170247395833333
val,1280,720,457,378,0.18744140625
val,1280,720,63,60,0.0041015625
val,1280,720,17,12,0.00022135416666666666
val,1280,720,477,246,0.12732421875
val,1280,720,83,77,0.006934678819444444
val,1280,720,168,52,0.009479166666666667
val,1280,720,286,119,0.03692925347222222
val,1280,720,264,126,0.03609375
val,1280,720,239,155,0.040196397569444445
val,1280,720,454,105,0.05172526041666667
val,1280,720,203,70,0.015418836805555556
val,1280,720,143,92,0.014275173611111112
val,1280,720,337,273,0.09982747395833333
val,1280,720,254,141,0.038860677083333336
val,1280,720,104,35,0.003949652777777778
val,1280,720,81,50,0.00439453125
val,1280,720,117,48,0.00609375
val,1280,720,110,63,0.00751953125
val,1280,720,84,46,0.004192708333333333
val,1280,720,222,133,0.032037760416666665
val,1280,720,98,56,0.005954861111111111
val,1280,720,295,118,0.03777126736111111
val,1280,720,162,98,0.0172265625
val,640,360,104,72,0.0325
val,640,360,48,28,0.005833333333333334
val,1280,720,76,39,0.0032161458333333334
val,1280,720,222,153,0.03685546875
val,1280,720,82,53,0.0047157118055555555
val,1280,720,288,281,0.0878125
val,1280,720,198,122,0.0262109375
val,1280,720,258,125,0.034993489583333336
val,1280,720,60,39,0.0025390625
val,1280,720,45,33,0.001611328125
val,1280,720,50,36,0.001953125
val,1280,720,56,51,0.0030989583333333333
val,1280,720,22,20,0.00047743055555555554
val,1280,720,101,64,0.007013888888888889
val,1280,720,98,61,0.006486545138888889
val,1280,720,103,60,0.006705729166666666
val,1280,720,193,117,0.024501953125
val,1280,720,194,119,0.025049913194444443
val,1280,720,72,40,0.003125
val,1280,720,785,222,0.18909505208333333
val,1280,720,392,123,0.05231770833333333
val,1280,720,450,225,0.10986328125
val,1280,720,113,34,0.004168836805555556
val,1280,720,377,380,0.1554470486111111
val,1280,720,103,73,0.008158637152777778
val,1280,720,134,68,0.009887152777777778
val,1280,720,180,86,0.016796875
val,1280,720,150,81,0.01318359375
val,1280,720,103,47,0.005252821180555555
val,1280,720,80,75,0.006510416666666667
val,1280,720,99,82,0.00880859375
val,1280,720,70,37,0.002810329861111111
val,1280,720,77,59,0.0049294704861111115
val,1280,720,56,33,0.0020052083333333332
val,960,720,33,34,0.001623263888888889
val,960,720,135,63,0.0123046875
val,1280,720,334,117,0.04240234375
val,1280,720,77,62,0.005180121527777777
val,1280,720,157,66,0.011243489583333334
val,1280,720,146,46,0.007287326388888889
val,1280,720,301,223,0.07283311631944445
val,1280,720,86,41,0.003825954861111111
val,1280,720,38,20,0.0008246527777777778
val,1280,720,98,34,0.003615451388888889
val,1280,720,91,52,0.005134548611111111
val,1280,720,95,51,0.005257161458333334
val,1280,720,56,24,0.0014583333333333334
val,1280,720,32,22,0.0007638888888888889
val,1280,720,91,43,0.004245876736111111
val,1280,720,128,101,0.014027777777777778
val,1280,720,603,157,0.102724609375
val,1280,720,179,50,0.009711371527777778
val,1280,720,569,612,0.3778515625
val,1280,720,217,49,0.011537543402777777
val,1280,720,392,200,0.08506944444444445
val,1280,720,54,41,0.00240234375
val,1280,720,30,24,0.00078125
val,1280,720,114,96,0.011875
val,1280,720,87,78,0.00736328125
val,1280,720,131,103,0.01464084201388889
val,1280,720,150,90,0.0146484375
val,1280,720,577,226,0.14149522569444445
val,1280,720,246,160,0.042708333333333334
val,1280,720,695,333,0.251123046875
val,1280,720,303,91,0.029918619791666667
val,1280,720,82,53,0.0047157118055555555
val,1280,720,670,236,0.17157118055555556
val,1280,720,376,149,0.06078993055555556
val,1280,720,350,98,0.03721788194444445
val,1280,720,399,168,0.072734375
val,1280,720,766,293,0.24353081597222223
val,1280,720,284,157,0.04838107638888889
val,1280,720,1021,556,0.6159678819444444
val,1280,720,539,270,0.15791015625
val,1280,720,125,33,0.004475911458333333
val,1280,720,263,146,0.041664496527777775
val,1280,720,410,142,0.06317274305555555
val,1280,720,289,119,0.03731662326388889
val,1280,720,177,77,0.014788411458333333
val,1280,720,167,62,0.011234809027777778
val,1280,720,283,131,0.04022677951388889
val,1280,720,63,31,0.002119140625
val,1280,720,87,46,0.004342447916666666
val,1280,720,284,117,0.0360546875
val,1280,720,320,222,0.07708333333333334
val,1280,720,53,55,0.0031629774305555556
val,1280,720,68,48,0.0035416666666666665
val,1280,720,182,97,0.019155815972222223
val,1280,720,225,136,0.033203125
val,1280,720,290,172,0.05412326388888889
val,1280,720,140,123,0.018684895833333333
val,1280,720,49,43,0.0022862413194444445
val,1280,720,304,196,0.06465277777777778
val,1280,720,383,310,0.12883029513888888
val,1280,720,29,23,0.0007237413194444445
val,1280,720,691,402,0.30141276041666665
val,1280,720,36,39,0.0015234375
val,1280,720,40,30,0.0013020833333333333
val,1280,720,114,63,0.00779296875
val,1280,720,247,130,0.03484157986111111
val,1280,720,248,129,0.03471354166666667
val,1280,720,226,136,0.03335069444444445
val,1280,720,32,21,0.0007291666666666667
val,1280,720,319,270,0.09345703125
val,1280,720,75,41,0.0033365885416666665
val,1280,720,150,97,0.015787760416666668
val,1280,720,124,63,0.0084765625
val,1280,720,222,168,0.04046875
val,1280,720,101,68,0.0074522569444444445
val,1280,720,104,126,0.01421875
val,1280,720,59,56,0.0035850694444444445
val,1280,720,220,210,0.050130208333333336
val,1280,720,188,98,0.019991319444444444
val,1280,720,59,26,0.0016644965277777778
val,1280,720,78,67,0.005670572916666667
val,1280,720,101,88,0.009644097222222222
val,1280,720,260,196,0.05529513888888889
val,1280,720,487,299,0.1580002170138889
val,1280,720,251,208,0.05664930555555556
val,1280,720,220,114,0.027213541666666667
val,1280,720,106,40,0.004600694444444445
val,1280,720,588,415,0.2647786458333333
val,1280,720,149,123,0.019886067708333333
val,1280,720,243,199,0.052470703125
val,1280,720,88,55,0.0052517361111111115
val,1280,720,277,171,0.051396484375
val,1280,720,88,95,0.009071180555555556
val,1280,720,370,316,0.12686631944444443
val,1280,720,388,193,0.08125434027777778
val,1280,720,545,343,0.20283745659722222
val,1920,1080,209,98,0.009877507716049382
val,1920,1080,138,63,0.004192708333333333
val,1920,1080,152,61,0.004471450617283951
val,1920,1080,116,44,0.00246141975308642
val,1920,1080,158,71,0.00540991512345679
val,1920,1080,134,76,0.004911265432098765
val,1920,1080,136,65,0.004263117283950618
val,1920,1080,124,54,0.0032291666666666666
val,1920,1080,136,56,0.0036728395061728395
val,1920,1080,142,62,0.004245756172839506
val,1920,1080,173,65,0.005422935956790123
val,1920,1080,153,60,0.004427083333333333
val,1920,1080,211,79,0.008038676697530864
val,1920,1080,139,62,0.004156057098765432
val,1920,1080,123,58,0.0034403935185185184
val,1920,1080,166,68,0.005443672839506173
val,1920,1080,120,64,0.003703703703703704
val,1920,1080,53,22,0.0005623070987654321
val,1920,1080,41,25,0.0004943094135802469
val,1920,1080,78,41,0.0015422453703703705
val,1920,1080,150,67,0.004846643518518518
val,1920,1080,210,87,0.008810763888888889
val,1920,1080,143,86,0.0059307484567901235
val,1920,1080,224,104,0.011234567901234569
val,1920,1080,217,107,0.011197434413580247
val,1920,1080,178,79,0.006781442901234568
val,1920,1080,180,69,0.005989583333333334
val,1920,1080,102,49,0.002410300925925926
val,1920,1080,184,92,0.00816358024691358
val,1920,1080,301,119,0.017273823302469137
val,1920,1080,138,57,0.003793402777777778
val,1920,1080,153,68,0.005017361111111111
val,1920,1080,214,96,0.009907407407407408
val,1920,1080,157,73,0.00552710262345679
val,1920,1080,116,50,0.0027970679012345677
val,1920,1080,209,97,0.009776716820987654
val,1920,1080,169,76,0.0061940586419753085
val,1920,1080,176,71,0.006026234567901235
val,1920,1080,39,20,0.0003761574074074074
val,1920,1080,55,26,0.0006896219135802469
val,1920,1080,137,61,0.004030189043209877
val,1920,1080,138,55,0.003660300925925926
val,1920,1080,134,53,0.0034249614197530863
val,1920,1080,128,54,0.0033333333333333335
val,1920,1080,126,56,0.0034027777777777776
val,1920,1080,180,61,0.005295138888888889
val,1920,1080,149,61,0.004383198302469136
val,1920,1080,208,76,0.007623456790123457
val,1920,1080,196,77,0.007278163580246914
val,1920,1080,152,51,0.003738425925925926
val,1920,1080,110,51,0.0027054398148148146
val,1920,1080,61,26,0.0007648533950617284
val,1920,1080,52,22,0.0005516975308641975
val,1920,1080,141,62,0.004215856481481482
val,1920,1080,75,33,0.001193576388888889
val,1920,1080,68,43,0.001410108024691358
val,1920,1080,48,19,0.0004398148148148148
val,1920,1080,74,36,0.0012847222222222223
val,1920,1080,58,33,0.0009230324074074075
val,1920,1080,85,34,0.0013937114197530864
val,1920,1080,77,29,0.0010768711419753085
val,1920,1080,107,33,0.0017028356481481482
val,1920,1080,90,38,0.0016493055555555556
val,1920,1080,124,47,0.002810570987654321
val,1920,1080,120,49,0.0028356481481481483
val,1920,1080,115,46,0.002551118827160494
val,1920,1080,54,20,0.0005208333333333333
val,1920,1080,54,25,0.0006510416666666666
val,1920,1080,61,23,0.0006766010802469136
val,1920,1080,54,22,0.0005729166666666667
val,1920,1080,36,16,0.0002777777777777778
val,1920,1080,50,24,0.0005787037037037037
val,1920,1080,43,18,0.0003732638888888889
val,1920,1080,43,16,0.00033179012345679014
val,1920,1080,54,20,0.0005208333333333333
val,1920,1080,52,27,0.0006770833333333334
val,1920,1080,52,19,0.00047646604938271606
val,1920,1080,63,27,0.0008203125
val,1920,1080,27,16,0.00020833333333333335
val,1920,1080,43,18,0.0003732638888888889
val,1920,1080,37,17,0.0003033371913580247
val,1920,1080,76,39,0.0014293981481481482
val,1920,1080,43,22,0.00045621141975308644
val,1920,1080,36,17,0.0002951388888888889
val,1920,1080,37,18,0.00032118055555555556
val,1920,1080,35,16,0.0002700617283950617
val,1920,1080,31,18,0.0002690972222222222
val,1920,1080,47,22,0.0004986496913580246
val,1920,1080,42,16,0.00032407407407407406
val,1920,1080,41,18,0.0003559027777777778
val,1920,1080,51,22,0.0005410879629629629
val,1920,1080,60,24,0.0006944444444444445
val,1920,1080,62,28,0.0008371913580246913
val,1920,1080,65,30,0.0009403935185185185
val,1920,1080,43,20,0.0004147376543209877
val,1920,1080,53,23,0.000587866512345679
val,1920,1080,43,20,0.0004147376543209877
val,1920,1080,27,17,0.00022135416666666666
val,1920,1080,74,42,0.0014988425925925926
val,1920,1080,59,27,0.0007682291666666666
val,1920,1080,74,32,0.0011419753086419754
val,1920,1080,66,30,0.0009548611111111111
val,1920,1080,69,40,0.0013310185185185185
val,1920,1080,79,37,0.0014096257716049382
val,1920,1080,68,31,0.0010165895061728396
val,1920,1080,99,49,0.0023394097222222223
val,1920,1080,78,31,0.001166087962962963
val,1920,1080,45,25,0.0005425347222222222
val,1920,1080,61,37,0.0010884452160493828
val,1920,1080,88,48,0.002037037037037037
val,1920,1080,75,34,0.0012297453703703704
val,1920,1080,77,30,0.0011140046296296297
val,1920,1080,65,26,0.0008150077160493827
val,1920,1080,87,33,0.0013845486111111111
val,1920,1080,75,32,0.0011574074074074073
val,1920,1080,80,34,0.0013117283950617284
val,1920,1080,78,33,0.0012413194444444444
val,1920,1080,77,39,0.0014482060185185186
val,1920,1080,137,59,0.0038980516975308643
val,1920,1080,174,70,0.005873842592592593
val,1920,1080,124,52,0.003109567901234568
val,1920,1080,44,22,0.00046682098765432096
val,1920,1080,39,19,0.00035734953703703704
val,1920,1080,46,21,0.0004658564814814815
val,1920,1080,44,19,0.00040316358024691356
val,1920,1080,55,26,0.0006896219135802469
val,1920,1080,59,42,0.0011950231481481482
val,1920,1080,86,43,0.001783371913580247
val,1920,1080,72,38,0.0013194444444444445
val,1920,1080,96,36,0.0016666666666666668
val,1920,1080,139,46,0.003083526234567901
val,1920,1080,141,49,0.003331886574074074
val,1920,1080,118,45,0.002560763888888889
val,1920,1080,111,46,0.002462384259259259
val,1920,1080,64,26,0.0008024691358024691
val,1920,1080,59,23,0.0006544174382716049
val,1920,1080,65,31,0.0009717399691358024
val,1920,1080,62,24,0.0007175925925925926
val,1920,1080,38,22,0.00040316358024691356
val,1920,1080,47,19,0.0004306520061728395
val,1920,1080,170,75,0.006148726851851852
val,1920,1080,121,55,0.003209394290123457
val,1920,1080,48,23,0.0005324074074074074
val,1920,1080,66,32,0.0010185185185185184
val,1920,1080,100,46,0.002218364197530864
val,1920,1080,76,43,0.0015760030864197532
val,1920,1080,67,31,0.001001639660493827
val,1920,1080,152,69,0.0050578703703703706
val,1920,1080,132,61,0.003883101851851852
val,1920,1080,102,42,0.002065972222222222
val,1920,1080,91,37,0.0016237461419753086
val,1920,1080,61,24,0.0007060185185185185
val,1920,1080,92,46,0.002040895061728395
val,1920,1080,87,37,0.0015523726851851853
val,1920,1080,76,41,0.0015027006172839506
val,1920,1080,185,80,0.007137345679012345
val,1920,1080,100,44,0.0021219135802469135
val,1920,1080,74,34,0.0012133487654320987
val,1920,1080,77,34,0.0012625385802469136
val,1920,1080,125,65,0.003918306327160494
val,1920,1080,81,37,0.0014453125
val,1920,1080,59,33,0.0009389467592592593
val,1920,1080,90,41,0.0017795138888888889
val,1920,1080,96,56,0.0025925925925925925
val,1920,1080,51,26,0.0006394675925925926
val,1920,1080,43,19,0.0003940007716049383
val,1920,1080,33,16,0.0002546296296296296
val,1920,1080,54,30,0.00078125
val,1920,1080,67,34,0.0010985725308641976
val,1920,1080,64,37,0.0011419753086419754
val,1920,1080,67,28,0.0009047067901234568
val,1920,1080,104,59,0.002959104938271605
val,1920,1080,94,50,0.0022665895061728396
val,1920,1080,69,34,0.0011313657407407407
val,1920,1080,41,19,0.00037567515432098764
val,1920,1080,113,59,0.0032151813271604937
val,1920,1080,126,54,0.00328125
val,1920,1080,84,38,0.0015393518518518519
val,1920,1080,89,48,0.0020601851851851853
val,1920,1080,65,29,0.0009090470679012346
val,1920,1080,41,21,0.0004152199074074074
val,1920,1080,65,27,0.0008463541666666667
val,1920,1080,86,53,0.0021981095679012345
val,1920,1080,111,55,0.0029441550925925924
val,1920,1080,90,37,0.0016059027777777777
val,1920,1080,141,59,0.004011863425925926
val,1920,1080,57,25,0.0006872106481481482
val,1920,1080,40,19,0.00036651234567901237
val,1920,1080,70,32,0.0010802469135802468
val,1920,1080,74,39,0.0013917824074074073
val,1920,1080,108,51,0.00265625
val,1920,1080,107,52,0.0026832561728395063
val,1920,1080,83,45,0.0018012152777777779
val,1920,1080,79,39,0.0014858217592592592
val,1920,1080,97,53,0.0024792631172839506
val,1920,1080,105,48,0.0024305555555555556
val,1920,1080,105,56,0.0028356481481481483
val,1920,1080,33,9,0.00014322916666666667
val,1920,1080,42,19,0.00038483796296296297
val,1920,1080,29,16,0.00022376543209876544
val,1920,1080,81,34,0.001328125
val,1920,1080,78,35,0.0013165509259259259
val,1920,1080,78,30,0.0011284722222222221
val,1920,1080,78,28,0.0010532407407407407
val,1920,1080,48,24,0.0005555555555555556
val,1920,1080,67,27,0.0008723958333333333
val,1920,1080,79,29,0.0011048418209876542
val,1920,1080,65,31,0.0009717399691358024
val,1920,1080,81,32,0.00125
val,1920,1080,90,35,0.0015190972222222222
val,1920,1080,90,37,0.0016059027777777777
val,1920,1080,99,41,0.0019574652777777776
val,1920,1080,59,21,0.0005975115740740741
val,1920,1080,56,27,0.0007291666666666667
val,1920,1080,48,17,0.0003935185185185185
val,1920,1080,50,33,0.0007957175925925925
val,1920,1080,71,31,0.0010614390432098766
val,1920,1080,80,39,0.0015046296296296296
val,1920,1080,105,51,0.0025824652777777777
val,1920,1080,161,95,0.007376060956790123
val,1920,1080,37,14,0.0002498070987654321
val,1920,1080,28,13,0.00017554012345679014
val,1920,1080,37,17,0.0003033371913580247
val,1920,1080,50,20,0.00048225308641975306
val,1920,1080,40,21,0.0004050925925925926
val,1920,1080,51,23,0.0005656828703703704
val,1920,1080,135,63,0.0041015625
val,1920,1080,104,53,0.002658179012345679
val,1920,1080,174,73,0.006125578703703703
val,1920,1080,65,27,0.0008463541666666667
val,1920,1080,60,24,0.0006944444444444445
val,1920,1080,77,30,0.0011140046296296297
val,1920,1080,72,35,0.0012152777777777778
val,1920,1080,78,28,0.0010532407407407407
val,1920,1080,78,31,0.001166087962962963
val,1920,1080,86,26,0.001078317901234568
val,1920,1080,150,51,0.003689236111111111
val,1920,1080,283,103,0.014057195216049383
val,1920,1080,118,42,0.0023900462962962964
val,1920,1080,54,26,0.0006770833333333334
val,1920,1080,46,20,0.00044367283950617285
val,1920,1080,48,20,0.000462962962962963
val,1920,1080,56,34,0.0009182098765432099
val,1920,1080,53,24,0.0006134259259259259
val,1920,1080,51,31,0.0007624421296296296
val,1920,1080,35,18,0.00030381944444444445
val,1920,1080,37,19,0.00033902391975308645
val,1920,1080,50,20,0.00048225308641975306
val,1920,1080,36,16,0.0002777777777777778
val,1920,1080,38,22,0.00040316358024691356
val,1920,1080,20,17,0.00016396604938271605
val,1920,1080,58,20,0.0005594135802469136
val,1920,1080,75,31,0.001121238425925926
val,1920,1080,36,16,0.0002777777777777778
val,1920,1080,38,21,0.00038483796296296297
val,1920,1080,82,31,0.0012258873456790123
val,1920,1080,60,25,0.0007233796296296296
val,1920,1080,54,33,0.000859375
val,1920,1080,43,27,0.0005598958333333334
val,1920,1080,39,17,0.0003197337962962963
val,1920,1080,39,17,0.0003197337962962963
val,1920,1080,47,21,0.0004759837962962963
val,1920,1080,63,28,0.0008506944444444444
val,1920,1080,72,37,0.0012847222222222223
val,1920,1080,77,34,0.0012625385802469136
val,1920,1080,51,25,0.0006148726851851852
val,1920,1080,54,25,0.0006510416666666666
val,1920,1080,65,33,0.0010344328703703705
val,1920,1080,59,30,0.000853587962962963
val,1920,1080,52,22,0.0005516975308641975
val,1920,1080,57,27,0.0007421875
val,1920,1080,58,30,0.0008391203703703704
val,1920,1080,73,28,0.0009857253086419753
val,1920,1080,87,44,0.001846064814814815
val,1920,1080,68,32,0.0010493827160493827
val,1920,1080,97,38,0.0017775848765432098
val,1920,1080,198,92,0.008784722222222222
val,1920,1080,114,58,0.0031886574074074074
val,1920,1080,70,45,0.0015190972222222222
val,1920,1080,85,51,0.0020905671296296297
val,1920,1080,68,40,0.0013117283950617284
val,1920,1080,71,37,0.0012668788580246914
val,1920,1080,98,46,0.0021739969135802467
val,1920,1080,18,12,0.00010416666666666667
val,1920,1080,27,15,0.0001953125
val,1920,1080,28,17,0.00022955246913580247
val,1920,1080,25,10,0.00012056327160493826
val,1920,1080,24,10,0.00011574074074074075
val,1920,1080,30,10,0.00014467592592592592
val,1920,1080,36,14,0.00024305555555555555
val,1920,1080,40,16,0.00030864197530864197
val,1920,1080,42,16,0.00032407407407407406
val,1920,1080,41,17,0.0003361304012345679
val,1920,1080,71,50,0.0017119984567901235
val,1920,1080,24,11,0.0001273148148148148
val,1920,1080,24,10,0.00011574074074074075
val,1920,1080,26,10,0.0001253858024691358
val,1920,1080,29,12,0.00016782407407407406
val,1920,1080,26,11,0.00013792438271604938
val,1920,1080,28,17,0.00022955246913580247
val,1920,1080,29,11,0.00015383873456790124
val,1920,1080,33,16,0.0002546296296296296
val,1920,1080,24,12,0.0001388888888888889
val,1920,1080,29,13,0.0001818094135802469
val,1920,1080,30,11,0.00015914351851851853
val,1920,1080,20,10,9.645061728395061e-05
val,1920,1080,22,10,0.00010609567901234568
val,1920,1080,20,12,0.00011574074074074075
val,1920,1080,35,20,0.00033757716049382714
val,1920,1080,42,24,0.0004861111111111111
val,1920,1080,32,17,0.0002623456790123457
val,1920,1080,37,17,0.0003033371913580247
val,1920,1080,38,25,0.0004581404320987654
val,1920,1080,38,23,0.0004214891975308642
val,1920,1080,30,15,0.00021701388888888888
val,1920,1080,56,27,0.0007291666666666667
val,1920,1080,71,42,0.0014380787037037038
val,1920,1080,34,16,0.0002623456790123457
val,1920,1080,36,21,0.00036458333333333335
val,1920,1080,31,17,0.0002541473765432099
val,1920,1080,31,20,0.00029899691358024693
val,1920,1080,30,16,0.0002314814814814815
val,1920,1080,49,22,0.0005198688271604938
val,1920,1080,38,21,0.00038483796296296297
val,1920,1080,26,14,0.00017554012345679014
val,1920,1080,36,15,0.00026041666666666666
val,1920,1080,16,8,6.17283950617284e-05
val,1920,1080,19,9,8.246527777777778e-05
val,1920,1080,27,14,0.00018229166666666667
val,1920,1080,17,9,7.378472222222222e-05
val,1920,1080,19,10,9.162808641975309e-05
val,1920,1080,19,11,0.00010079089506172839
val,1920,1080,21,12,0.00012152777777777777
val,1920,1080,16,9,6.944444444444444e-05
val,1920,1080,17,9,7.378472222222222e-05
val,1920,1080,19,12,0.0001099537037037037
val,1920,1080,24,12,0.0001388888888888889
val,1920,1080,23,12,0.00013310185185185186
val,1920,1080,23,13,0.00014419367283950618
val,1920,1080,29,13,0.0001818094135802469
val,1920,1080,25,13,0.00015673225308641974
val,1920,1080,35,20,0.00033757716049382714
val,1920,1080,16,8,6.17283950617284e-05
val,1920,1080,24,16,0.00018518518518518518
val,1920,1080,30,15,0.00021701388888888888
val,1920,1080,24,20,0.0002314814814814815
val,1920,1080,23,15,0.0001663773148148148
val,1920,1080,53,29,0.0007412229938271605
val,1920,1080,34,16,0.0002623456790123457
val,1920,1080,29,14,0.00019579475308641975
val,1920,1080,34,13,0.00021315586419753087
val,1920,1080,28,11,0.00014853395061728396
val,1920,1080,29,15,0.0002097800925925926
val,1920,1080,23,13,0.00014419367283950618
val,1920,1080,19,9,8.246527777777778e-05
val,1920,1080,17,12,9.837962962962963e-05
val,1920,1080,44,24,0.0005092592592592592
val,1920,1080,39,18,0.0003385416666666667
val,1920,1080,44,23,0.0004880401234567901
val,1920,1080,40,17,0.0003279320987654321
val,1920,1080,32,15,0.0002314814814814815
val,1920,1080,38,14,0.0002565586419753086
val,1920,1080,45,18,0.000390625
val,1920,1080,45,18,0.000390625
val,1920,1080,44,18,0.00038194444444444446
val,1920,1080,47,20,0.0004533179012345679
val,1920,1080,27,20,0.00026041666666666666
val,1920,1080,24,18,0.00020833333333333335
val,1920,1080,57,20,0.0005497685185185186
val,1920,1080,48,21,0.0004861111111111111
val,1920,1080,53,21,0.0005367476851851851
val,1920,1080,40,18,0.00034722222222222224
val,1920,1080,46,24,0.0005324074074074074
val,1920,1080,44,19,0.00040316358024691356
val,1920,1080,54,19,0.0004947916666666667
val,1920,1080,56,23,0.000621141975308642
val,1920,1080,44,22,0.00046682098765432096
val,1920,1080,43,19,0.0003940007716049383
val,1920,1080,57,20,0.0005497685185185186
val,1920,1080,50,26,0.000626929012345679
val,1920,1080,53,19,0.0004856288580246914
val,1920,1080,51,22,0.0005410879629629629
val,1920,1080,42,21,0.0004253472222222222
val,1920,1080,18,9,7.8125e-05
val,1920,1080,11,6,3.18287037037037e-05
val,1920,1080,21,9,9.114583333333334e-05
val,1920,1080,17,8,6.558641975308642e-05
val,1920,1080,13,9,5.642361111111111e-05
val,1920,1080,17,8,6.558641975308642e-05
val,1920,1080,22,10,0.00010609567901234568
val,1920,1080,18,5,4.340277777777778e-05
val,1920,1080,18,13,0.00011284722222222222
val,1920,1080,24,10,0.00011574074074074075
val,1920,1080,16,11,8.487654320987654e-05
val,1920,1080,21,11,0.00011140046296296297
val,1920,1080,32,17,0.0002623456790123457
val,1920,1080,14,9,6.076388888888889e-05
val,1920,1080,14,8,5.401234567901235e-05
val,1920,1080,15,7,5.063657407407407e-05
val,1920,1080,21,8,8.101851851851852e-05
val,1920,1080,19,7,6.413966049382716e-05
val,1920,1080,20,10,9.645061728395061e-05
val,1920,1080,12,7,4.050925925925926e-05
val,1920,1080,24,11,0.0001273148148148148
val,1920,1080,44,26,0.0005516975308641975
val,1920,1080,32,15,0.0002314814814814815
val,1920,1080,38,30,0.0005497685185185186
val,1920,1080,34,16,0.0002623456790123457
val,1920,1080,32,15,0.0002314814814814815
val,1920,1080,38,23,0.0004214891975308642
val,1920,1080,28,21,0.00028356481481481483
val,1920,1080,25,12,0.00014467592592592592
val,1920,1080,37,20,0.0003568672839506173
val,1920,1080,58,31,0.0008670910493827161
val,1920,1080,25,12,0.00014467592592592592
val,1920,1080,16,11,8.487654320987654e-05
val,1920,1080,17,11,9.018132716049383e-05
val,1920,1080,28,11,0.00014853395061728396
val,1920,1080,28,15,0.0002025462962962963
val,1920,1080,27,15,0.0001953125
val,1920,1080,28,13,0.00017554012345679014
val,1920,1080,36,15,0.00026041666666666666
val,1920,1080,33,14,0.00022280092592592593
val,1920,1080,39,19,0.00035734953703703704
val,1920,1080,63,27,0.0008203125
val,1920,1080,42,18,0.00036458333333333335
val,1920,1080,52,22,0.0005516975308641975
val,1920,1080,78,32,0.0012037037037037038
val,1920,1080,54,21,0.000546875
val,1920,1080,50,21,0.0005063657407407407
val,1920,1080,57,22,0.0006047453703703704
val,1920,1080,45,28,0.0006076388888888889
val,1920,1080,68,20,0.0006558641975308642
val,1920,1080,56,26,0.0007021604938271605
val,1920,1080,55,23,0.0006100501543209876
val,1920,1080,60,22,0.0006365740740740741
val,1920,1080,95,45,0.0020616319444444445
val,1920,1080,67,24,0.0007754629629629629
val,1920,1080,55,28,0.0007426697530864198
val,1920,1080,70,24,0.0008101851851851852
val,1920,1080,68,27,0.0008854166666666666
val,1920,1080,72,30,0.0010416666666666667
val,1920,1080,56,23,0.000621141975308642
val,1920,1080,50,20,0.00048225308641975306
val,1920,1080,79,38,0.0014477237654320987
val,1920,1080,23,12,0.00013310185185185186
val,1920,1080,22,10,0.00010609567901234568
val,1920,1080,22,11,0.00011670524691358024
val,1920,1080,37,19,0.00033902391975308645
val,1920,1080,29,14,0.00019579475308641975
val,1920,1080,30,14,0.0002025462962962963
val,1920,1080,18,11,9.548611111111112e-05
val,1920,1080,36,16,0.0002777777777777778
val,1920,1080,43,22,0.00045621141975308644
val,1920,1080,43,20,0.0004147376543209877
val,1920,1080,41,20,0.00039544753086419754
val,1920,1080,41,20,0.00039544753086419754
val,1920,1080,41,25,0.0004943094135802469
val,1920,1080,44,21,0.00044560185185185187
val,1920,1080,44,18,0.00038194444444444446
val,1920,1080,53,28,0.0007156635802469136
val,1920,1080,47,27,0.0006119791666666667
val,1920,1080,57,30,0.0008246527777777778
val,1920,1080,34,25,0.0004099151234567901
val,1920,1080,20,10,9.645061728395061e-05
val,1920,1080,20,11,0.00010609567901234568
val,1920,1080,20,13,0.0001253858024691358
val,1920,1080,40,26,0.0005015432098765432
val,1920,1080,28,16,0.0002160493827160494
val,1920,1080,37,20,0.0003568672839506173
val,1920,1080,45,18,0.000390625
val,1920,1080,38,13,0.00023823302469135803
val,1920,1080,29,10,0.0001398533950617284
val,1920,1080,32,18,0.0002777777777777778
val,1920,1080,24,12,0.0001388888888888889
val,1920,1080,39,21,0.0003949652777777778
val,1920,1080,46,19,0.0004214891975308642
val,1920,1080,51,19,0.00046730324074074073
val,1920,1080,52,20,0.0005015432098765432
val,1920,1080,62,29,0.0008670910493827161
val,1920,1080,60,29,0.0008391203703703704
val,1920,1080,42,24,0.0004861111111111111
val,1920,1080,34,17,0.00027874228395061726
val,1920,1080,34,17,0.00027874228395061726
val,1920,1080,36,16,0.0002777777777777778
val,1920,1080,48,21,0.0004861111111111111
val,1920,1080,51,21,0.0005164930555555555
val,1920,1080,44,20,0.0004243827160493827
val,1920,1080,47,19,0.0004306520061728395
val,1920,1080,43,25,0.0005184220679012346
val,1920,1080,49,22,0.0005198688271604938
val,1920,1080,69,30,0.0009982638888888888
val,1920,1080,43,23,0.0004769483024691358
val,1920,1080,49,19,0.00044897762345679014
val,1920,1080,48,23,0.0005324074074074074
val,1920,1080,38,18,0.0003298611111111111
val,1920,1080,36,18,0.0003125
val,1920,1080,38,18,0.0003298611111111111
val,1920,1080,41,19,0.00037567515432098764
val,1920,1080,33,16,0.0002546296296296296
val,1920,1080,16,9,6.944444444444444e-05
val,1920,1080,31,16,0.00023919753086419754
val,1920,1080,30,17,0.00024594907407407405
val,1920,1080,59,24,0.0006828703703703704
val,1920,1080,27,13,0.00016927083333333334
val,1920,1080,25,15,0.0001808449074074074
val,1920,1080,26,14,0.00017554012345679014
val,1920,1080,31,19,0.00028404706790123455
val,1920,1080,30,15,0.00021701388888888888
val,1920,1080,31,16,0.00023919753086419754
val,1920,1080,32,19,0.0002932098765432099
val,1920,1080,23,12,0.00013310185185185186
val,1920,1080,35,17,0.0002869405864197531
val,1920,1080,62,39,0.001166087962962963
val,1920,1080,93,46,0.0020630787037037037
val,1920,1080,106,78,0.0039872685185185185
val,1920,1080,42,25,0.0005063657407407407
val,1920,1080,41,20,0.00039544753086419754
val,1920,1080,31,16,0.00023919753086419754
val,1920,1080,28,16,0.0002160493827160494
val,1920,1080,31,14,0.00020929783950617283
val,1920,1080,42,16,0.00032407407407407406
val,1920,1080,47,20,0.0004533179012345679
val,1920,1080,44,21,0.00044560185185185187
val,1920,1080,47,19,0.0004306520061728395
val,1920,1080,41,21,0.0004152199074074074
val,1920,1080,38,19,0.0003481867283950617
val,1920,1080,30,16,0.0002314814814814815
val,1920,1080,41,22,0.0004349922839506173
val,1920,1080,62,27,0.0008072916666666667
val,1920,1080,41,19,0.00037567515432098764
val,1920,1080,47,22,0.0004986496913580246
val,1920,1080,66,25,0.0007957175925925925
val,1920,1080,49,17,0.0004017168209876543
val,1920,1080,58,26,0.0007272376543209876
val,1920,1080,93,47,0.002107928240740741
val,1920,1080,117,47,0.002651909722222222
val,1920,1080,73,30,0.0010561342592592593
val,1920,1080,80,32,0.0012345679012345679
val,1920,1080,58,27,0.0007552083333333333
val,1920,1080,56,23,0.000621141975308642
val,1920,1080,32,22,0.00033950617283950616
val,1920,1080,35,19,0.0003206983024691358
val,1920,1080,51,23,0.0005656828703703704
val,1920,1080,59,27,0.0007682291666666666
val,1920,1080,44,20,0.0004243827160493827
val,1920,1080,50,20,0.00048225308641975306
val,1920,1080,42,21,0.0004253472222222222
val,1920,1080,37,22,0.000392554012345679
val,1920,1080,39,24,0.00045138888888888887
val,1920,1080,41,29,0.0005733989197530864
val,1920,1080,39,24,0.00045138888888888887
val,1920,1080,30,26,0.0003761574074074074
val,1920,1080,56,26,0.0007021604938271605
val,1920,1080,120,49,0.0028356481481481483
val,1920,1080,131,49,0.003095582561728395
val,1920,1080,134,56,0.0036188271604938272
val,1920,1080,131,51,0.0032219328703703702
val,1920,1080,73,37,0.0013025655864197531
val,1920,1080,75,27,0.0009765625
val,1920,1080,74,31,0.0011062885802469136
val,1920,1080,85,38,0.0015576774691358024
val,1920,1080,72,34,0.0011805555555555556
val,1920,1080,71,34,0.0011641589506172839
val,1920,1080,51,27,0.0006640625
val,1920,1080,50,23,0.000554591049382716
val,1920,1080,59,35,0.00099585262345679
val,1920,1080,59,32,0.0009104938271604938
val,1920,1080,65,29,0.0009090470679012346
val,1920,1080,42,28,0.0005671296296296297
val,1920,1080,42,24,0.0004861111111111111
val,1920,1080,42,25,0.0005063657407407407
val,1920,1080,50,42,0.0010127314814814814
val,1920,1080,57,32,0.0008796296296296296
val,1920,1080,58,29,0.0008111496913580247
val,1920,1080,62,31,0.0009268904320987654
val,1920,1080,73,34,0.0011969521604938273
val,1920,1080,64,23,0.0007098765432098765
val,1920,1080,66,32,0.0010185185185185184
val,1920,1080,73,26,0.0009153163580246914
val,1920,1080,49,20,0.000472608024691358
val,1920,1080,54,21,0.000546875
val,1920,1080,58,21,0.0005873842592592593
val,1920,1080,32,15,0.0002314814814814815
val,1920,1080,40,21,0.0004050925925925926
val,1920,1080,3,0,0.0
val,1920,1080,42,17,0.0003443287037037037
val,1920,1080,36,16,0.0002777777777777778
val,1920,1080,47,15,0.00033998842592592593
val,1920,1080,35,19,0.0003206983024691358
val,1920,1080,36,14,0.00024305555555555555
val,1920,1080,50,31,0.0007474922839506172
val,1920,1080,86,45,0.0018663194444444445
val,1920,1080,145,56,0.003915895061728395
val,1920,1080,138,50,0.0033275462962962963
val,1920,1080,122,75,0.00441261574074074
val,1920,1080,76,45,0.0016493055555555556
val,1920,1080,46,22,0.0004880401234567901
val,1920,1080,74,32,0.0011419753086419754
val,1920,1080,53,30,0.0007667824074074074
val,1920,1080,56,23,0.000621141975308642
val,1920,1080,53,25,0.0006389853395061729
val,1920,1080,52,26,0.0006520061728395062
val,1920,1080,38,19,0.0003481867283950617
val,1920,1080,43,25,0.0005184220679012346
val,1920,1080,45,18,0.000390625
val,1920,1080,44,23,0.0004880401234567901
val,1920,1080,47,19,0.0004306520061728395
val,1920,1080,35,21,0.00035445601851851854
val,1920,1080,41,25,0.0004943094135802469
val,1920,1080,60,24,0.0006944444444444445
val,1920,1080,52,22,0.0005516975308641975
val,1920,1080,33,11,0.00017505787037037037
val,1920,1080,32,16,0.0002469135802469136
val,1920,1080,49,24,0.0005671296296296297
val,1920,1080,32,14,0.0002160493827160494
val,1920,1080,34,12,0.00019675925925925926
val,1920,1080,29,19,0.00026572145061728395
val,1920,1080,49,29,0.0006852816358024691
val,1920,1080,25,16,0.00019290123456790122
val,1920,1080,46,19,0.0004214891975308642
val,1920,1080,34,20,0.0003279320987654321
val,1920,1080,37,15,0.00026765046296296297
val,1920,1080,32,26,0.00040123456790123454
val,1920,1080,34,19,0.00031153549382716047
val,1920,1080,30,14,0.0002025462962962963
val,1920,1080,27,14,0.00018229166666666667
val,1920,1080,29,15,0.0002097800925925926
val,1920,1080,29,15,0.0002097800925925926
val,1920,1080,23,13,0.00014419367283950618
val,1920,1080,33,10,0.00015914351851851853
val,1920,1080,42,20,0.0004050925925925926
val,1920,1080,37,17,0.0003033371913580247
val,1920,1080,26,11,0.00013792438271604938
val,1920,1080,31,19,0.00028404706790123455
val,1920,1080,34,19,0.00031153549382716047
val,1920,1080,126,65,0.003949652777777778
val,1920,1080,38,19,0.0003481867283950617
val,1920,1080,22,15,0.00015914351851851853
val,1920,1080,20,12,0.00011574074074074075
val,1920,1080,33,14,0.00022280092592592593
val,1920,1080,19,9,8.246527777777778e-05
val,1920,1080,25,15,0.0001808449074074074
val,1920,1080,23,12,0.00013310185185185186
val,1920,1080,50,31,0.0007474922839506172
val,1920,1080,78,39,0.0014670138888888888
val,1920,1080,48,29,0.0006712962962962962
val,1920,1080,38,25,0.0004581404320987654
val,1920,1080,46,26,0.0005767746913580247
val,1920,1080,41,32,0.0006327160493827161
val,1920,1080,39,30,0.0005642361111111111
val,1920,1080,40,25,0.00048225308641975306
val,1920,1080,31,23,0.00034384645061728397
val,1920,1080,37,26,0.00046392746913580246
val,1920,1080,30,25,0.0003616898148148148
val,1920,1080,39,18,0.0003385416666666667
val,1920,1080,46,32,0.0007098765432098765
val,1920,1080,29,18,0.0002517361111111111
val,1920,1080,26,14,0.00017554012345679014
val,1920,1080,33,17,0.00027054398148148147
val,1920,1080,35,28,0.000472608024691358
val,1920,1080,68,54,0.0017708333333333332
val,1920,1080,53,36,0.0009201388888888889
val,1920,1080,62,56,0.0016743827160493826
val,1920,1080,52,27,0.0006770833333333334
val,1920,1080,50,28,0.0006751543209876543
val,1920,1080,46,27,0.0005989583333333333
val,1920,1080,34,19,0.00031153549382716047
val,1920,1080,41,25,0.0004943094135802469
val,1920,1080,28,21,0.00028356481481481483
val,1920,1080,73,34,0.0011969521604938273
val,1920,1080,40,23,0.00044367283950617285
val,1920,1080,52,28,0.0007021604938271605
val,1920,1080,38,29,0.0005314429012345679
val,1920,1080,31,20,0.00029899691358024693
val,1920,1080,42,22,0.00044560185185185187
val,1920,1080,39,19,0.00035734953703703704
val,1920,1080,33,22,0.00035011574074074074
val,1920,1080,38,23,0.0004214891975308642
val,1920,1080,30,24,0.00034722222222222224
val,1920,1080,33,29,0.00046151620370370373
val,1920,1080,25,13,0.00015673225308641974
val,1920,1080,24,12,0.0001388888888888889
val,1920,1080,41,27,0.0005338541666666666
val,1920,1080,49,24,0.0005671296296296297
val,1920,1080,30,22,0.00031828703703703706
val,1920,1080,44,20,0.0004243827160493827
val,1920,1080,181,77,0.006721161265432099
val,1920,1080,131,61,0.003853684413580247
val,1920,1080,75,42,0.0015190972222222222
val,1920,1080,51,32,0.000787037037037037
val,1920,1080,54,27,0.000703125
val,1920,1080,87,48,0.002013888888888889
val,1920,1080,87,50,0.002097800925925926
val,1920,1080,61,40,0.0011766975308641976
val,1920,1080,97,37,0.0017308063271604939
val,1920,1080,47,28,0.000634645061728395
val,1920,1080,20,11,0.00010609567901234568
val,1920,1080,30,11,0.00015914351851851853
val,1920,1080,41,23,0.00045476466049382714
val,1920,1080,26,16,0.00020061728395061727
val,1920,1080,18,15,0.00013020833333333333
val,1920,1080,75,56,0.002025462962962963
val,1920,1080,60,37,0.0010706018518518519
val,1920,1080,65,36,0.0011284722222222221
val,1920,1080,23,13,0.00014419367283950618
val,1920,1080,21,15,0.00015190972222222222
val,1920,1080,63,22,0.0006684027777777777
val,1920,1080,83,36,0.0014409722222222222
val,1920,1080,71,20,0.0006847993827160494
val,1920,1080,126,45,0.002734375
val,1920,1080,34,20,0.0003279320987654321
val,1920,1080,39,17,0.0003197337962962963
val,1920,1080,34,25,0.0004099151234567901
val,1920,1080,43,18,0.0003732638888888889
val,1920,1080,47,20,0.0004533179012345679
val,1920,1080,47,26,0.0005893132716049382
val,1920,1080,46,22,0.0004880401234567901
val,1920,1080,48,20,0.000462962962962963
val,1920,1080,39,24,0.00045138888888888887
val,1920,1080,47,32,0.0007253086419753087
val,1920,1080,72,37,0.0012847222222222223
val,1920,1080,73,36,0.001267361111111111
val,1920,1080,94,47,0.002130594135802469
val,1920,1080,60,40,0.0011574074074074073
val,1920,1080,84,41,0.0016608796296296296
val,1920,1080,63,46,0.0013975694444444443
val,1920,1080,60,24,0.0006944444444444445
val,1920,1080,63,25,0.0007595486111111111
val,1920,1080,68,32,0.0010493827160493827
val,1920,1080,65,25,0.0007836612654320988
val,1920,1080,43,23,0.0004769483024691358
val,1920,1080,30,20,0.00028935185185185184
val,1920,1080,33,17,0.00027054398148148147
val,1920,1080,38,24,0.0004398148148148148
val,1920,1080,40,15,0.00028935185185185184
val,1920,1080,41,16,0.00031635802469135804
val,1920,1080,47,21,0.0004759837962962963
val,1920,1080,45,18,0.000390625
val,1920,1080,35,18,0.00030381944444444445
val,1920,1080,48,22,0.0005092592592592592
val,1920,1080,32,20,0.00030864197530864197
val,1920,1080,40,18,0.00034722222222222224
val,1920,1080,31,16,0.00023919753086419754
val,1920,1080,35,21,0.00035445601851851854
val,1920,1080,37,13,0.00023196373456790123
val,1920,1080,35,13,0.00021942515432098766
val,1920,1080,42,28,0.0005671296296296297
val,1920,1080,58,23,0.0006433256172839507
val,1920,1080,58,39,0.0010908564814814815
val,1920,1080,29,15,0.0002097800925925926
val,1920,1080,42,19,0.00038483796296296297
val,1920,1080,41,22,0.0004349922839506173
val,1920,1080,52,23,0.0005767746913580247
val,1920,1080,46,26,0.0005767746913580247
val,1920,1080,46,21,0.0004658564814814815
val,1920,1080,18,14,0.00012152777777777777
val,1920,1080,24,12,0.0001388888888888889
val,1920,1080,22,18,0.00019097222222222223
val,1920,1080,25,14,0.00016878858024691357
val,1920,1080,22,16,0.00016975308641975308
val,1920,1080,22,16,0.00016975308641975308
val,1920,1080,19,15,0.00013744212962962964
val,1920,1080,19,12,0.0001099537037037037
val,1920,1080,47,32,0.0007253086419753087
val,1920,1080,22,16,0.00016975308641975308
val,1920,1080,20,14,0.00013503086419753085
val,1920,1080,39,23,0.0004325810185185185
val,1920,1080,44,23,0.0004880401234567901
val,1920,1080,31,20,0.00029899691358024693
val,1920,1080,35,21,0.00035445601851851854
val,1920,1080,56,28,0.0007561728395061729
val,1920,1080,89,48,0.0020601851851851853
val,1920,1080,51,24,0.0005902777777777778
val,1920,1080,50,23,0.000554591049382716
val,1920,1080,43,31,0.0006428433641975309
val,1920,1080,34,24,0.0003935185185185185
val,1920,1080,30,20,0.00028935185185185184
val,1920,1080,42,30,0.0006076388888888889
val,1920,1080,24,21,0.00024305555555555555
val,1920,1080,27,20,0.00026041666666666666
val,1920,1080,31,27,0.00040364583333333333
val,1920,1080,27,18,0.000234375
val,1920,1080,37,15,0.00026765046296296297
val,1920,1080,27,20,0.00026041666666666666
val,1920,1080,35,29,0.0004894868827160494
val,1920,1080,41,19,0.00037567515432098764
val,1920,1080,35,20,0.00033757716049382714
val,1920,1080,31,16,0.00023919753086419754
val,1920,1080,53,23,0.000587866512345679
val,1920,1080,26,16,0.00020061728395061727
val,1920,1080,23,13,0.00014419367283950618
val,1920,1080,23,12,0.00013310185185185186
val,1920,1080,13,8,5.015432098765432e-05
val,1920,1080,28,17,0.00022955246913580247
val,1920,1080,16,10,7.716049382716049e-05
val,1920,1080,26,21,0.00026331018518518516
val,1920,1080,23,15,0.0001663773148148148
val,1920,1080,27,16,0.00020833333333333335
val,1920,1080,19,15,0.00013744212962962964
val,1920,1080,31,15,0.00022424768518518518
val,1920,1080,16,11,8.487654320987654e-05
val,1920,1080,32,20,0.00030864197530864197
val,1920,1080,33,19,0.0003023726851851852
val,1920,1080,29,23,0.00032166280864197533
val,1920,1080,26,18,0.00022569444444444443
val,1920,1080,27,16,0.00020833333333333335
val,1920,1080,36,22,0.00038194444444444446
val,1920,1080,25,19,0.0002290702160493827
val,1920,1080,23,18,0.0001996527777777778
val,1920,1080,33,18,0.00028645833333333333
val,1920,1080,33,17,0.00027054398148148147
val,1920,1080,26,16,0.00020061728395061727
val,1920,1080,23,16,0.00017746913580246913
val,1920,1080,29,22,0.0003076774691358025
val,1920,1080,32,17,0.0002623456790123457
val,1920,1080,32,19,0.0002932098765432099
val,1920,1080,27,19,0.00024739583333333335
val,1920,1080,36,21,0.00036458333333333335
val,1920,1080,26,18,0.00022569444444444443
val,1920,1080,34,21,0.0003443287037037037
val,1920,1080,27,19,0.00024739583333333335
val,1920,1080,19,10,9.162808641975309e-05
val,1920,1080,18,9,7.8125e-05
val,1920,1080,22,14,0.00014853395061728396
val,1920,1080,14,6,4.050925925925926e-05
val,1920,1080,38,23,0.0004214891975308642
val,1920,1080,23,16,0.00017746913580246913
val,1920,1080,30,17,0.00024594907407407405
val,1920,1080,20,10,9.645061728395061e-05
val,1920,1080,24,26,0.00030092592592592595
val,1920,1080,28,20,0.0002700617283950617
val,1920,1080,33,13,0.00020688657407407407
val,1920,1080,183,85,0.007501446759259259
val,1920,1080,50,28,0.0006751543209876543
val,1920,1080,27,17,0.00022135416666666666
val,1920,1080,19,18,0.00016493055555555556
val,1920,1080,30,19,0.0002748842592592593
val,1920,1080,24,14,0.00016203703703703703
val,1920,1080,15,8,5.787037037037037e-05
val,1920,1080,18,12,0.00010416666666666667
val,1920,1080,19,14,0.0001282793209876543
val,1920,1080,20,15,0.00014467592592592592
val,1920,1080,26,17,0.00021315586419753087
val,1920,1080,49,36,0.0008506944444444444
val,1920,1080,38,35,0.0006413966049382716
val,1920,1080,29,19,0.00026572145061728395
val,1920,1080,65,36,0.0011284722222222221
val,1920,1080,72,31,0.0010763888888888889
val,1920,1080,33,22,0.00035011574074074074
val,1920,1080,65,36,0.0011284722222222221
val,1920,1080,33,27,0.0004296875
val,1920,1080,36,17,0.0002951388888888889
val,1920,1080,29,13,0.0001818094135802469
val,1920,1080,32,19,0.0002932098765432099
val,1920,1080,20,15,0.00014467592592592592
val,1920,1080,16,13,0.00010030864197530864
val,1920,1080,19,16,0.00014660493827160494
val,1920,1080,27,22,0.00028645833333333333
val,1920,1080,26,16,0.00020061728395061727
val,1920,1080,33,19,0.0003023726851851852
val,1920,1080,42,22,0.00044560185185185187
val,1920,1080,49,24,0.0005671296296296297
val,1920,1080,30,21,0.00030381944444444445
val,1920,1080,24,20,0.0002314814814814815
val,1920,1080,43,22,0.00045621141975308644
val,1920,1080,23,12,0.00013310185185185186
val,1920,1080,24,14,0.00016203703703703703
val,1920,1080,22,14,0.00014853395061728396
val,1920,1080,27,17,0.00022135416666666666
val,1920,1080,35,20,0.00033757716049382714
val,1920,1080,28,18,0.00024305555555555555
val,1920,1080,30,21,0.00030381944444444445
val,1920,1080,39,23,0.0004325810185185185
val,1920,1080,38,33,0.0006047453703703704
val,1920,1080,26,16,0.00020061728395061727
val,1920,1080,26,19,0.00023823302469135803
val,1920,1080,25,23,0.000277295524691358
val,1920,1080,21,17,0.00017216435185185184
val,1920,1080,24,12,0.0001388888888888889
val,1920,1080,62,36,0.0010763888888888889
val,1920,1080,55,38,0.001007908950617284
val,1920,1080,43,26,0.000539158950617284
val,1920,1080,40,27,0.0005208333333333333
val,1920,1080,43,22,0.00045621141975308644
val,1920,1080,57,27,0.0007421875
val,1920,1080,72,36,0.00125
val,1920,1080,59,30,0.000853587962962963
val,1920,1080,46,23,0.0005102237654320988
val,1920,1080,54,27,0.000703125
val,1920,1080,43,23,0.0004769483024691358
val,1920,1080,45,30,0.0006510416666666666
val,1920,1080,43,20,0.0004147376543209877
val,1920,1080,42,23,0.0004658564814814815
val,1920,1080,40,17,0.0003279320987654321
val,1920,1080,41,21,0.0004152199074074074
val,1920,1080,37,13,0.00023196373456790123
val,1920,1080,110,58,0.0030767746913580247
val,1920,1080,65,44,0.0013792438271604938
val,1920,1080,34,28,0.00045910493827160494
val,1920,1080,34,19,0.00031153549382716047
val,1920,1080,59,34,0.0009673996913580247
val,1920,1080,30,18,0.00026041666666666666
val,1920,1080,32,14,0.0002160493827160494
val,1920,1080,27,13,0.00016927083333333334
val,1920,1080,38,18,0.0003298611111111111
val,1920,1080,30,15,0.00021701388888888888
val,1920,1080,32,16,0.0002469135802469136
val,1920,1080,23,15,0.0001663773148148148
val,1920,1080,24,17,0.00019675925925925926
val,1920,1080,25,15,0.0001808449074074074
val,1920,1080,36,18,0.0003125
val,1920,1080,51,22,0.0005410879629629629
val,1920,1080,34,21,0.0003443287037037037
val,1920,1080,26,12,0.00015046296296296297
val,1920,1080,28,18,0.00024305555555555555
val,1920,1080,43,24,0.0004976851851851852
val,1920,1080,41,21,0.0004152199074074074
val,1920,1080,30,20,0.00028935185185185184
val,1920,1080,22,11,0.00011670524691358024
val,1920,1080,31,17,0.0002541473765432099
val,1920,1080,30,22,0.00031828703703703706
val,1920,1080,102,54,0.00265625
val,1920,1080,35,20,0.00033757716049382714
val,1920,1080,49,22,0.0005198688271604938
val,1920,1080,31,30,0.00044849537037037037
val,1920,1080,40,22,0.0004243827160493827
val,1920,1080,38,15,0.0002748842592592593
val,1920,1080,42,20,0.0004050925925925926
val,1920,1080,28,19,0.0002565586419753086
val,1920,1080,21,16,0.00016203703703703703
val,1920,1080,61,35,0.0010296103395061728
val,1920,1080,32,19,0.0002932098765432099
val,1920,1080,72,38,0.0013194444444444445
val,1920,1080,52,23,0.0005767746913580247
val,1920,1080,30,14,0.0002025462962962963
val,1920,1080,31,20,0.00029899691358024693
val,1920,1080,37,16,0.00028549382716049385
val,1920,1080,27,18,0.000234375
val,1920,1080,29,21,0.00029369212962962964
val,1920,1080,28,10,0.00013503086419753085
val,1920,1080,80,51,0.0019675925925925924
val,1920,1080,42,24,0.0004861111111111111
val,1920,1080,22,16,0.00016975308641975308
val,1920,1080,35,14,0.000236304012345679
val,1920,1080,22,17,0.00018036265432098766
val,1920,1080,78,38,0.0014293981481481482
val,1920,1080,72,25,0.0008680555555555555
val,1920,1080,74,29,0.0010349151234567901
val,1920,1080,46,26,0.0005767746913580247
val,1920,1080,28,22,0.0002970679012345679
val,1920,1080,42,22,0.00044560185185185187
val,1920,1080,22,12,0.0001273148148148148
val,1920,1080,23,18,0.0001996527777777778
val,1920,1080,28,21,0.00028356481481481483
val,1920,1080,27,16,0.00020833333333333335
val,1920,1080,38,25,0.0004581404320987654
val,1920,1080,44,27,0.0005729166666666667
val,1920,1080,33,21,0.00033420138888888887
val,1920,1080,45,21,0.0004557291666666667
val,1920,1080,55,30,0.0007957175925925925
val,1920,1080,52,27,0.0006770833333333334
val,1920,1080,39,27,0.0005078125
val,1920,1080,31,20,0.00029899691358024693
val,1920,1080,63,35,0.0010633680555555555
val,1920,1080,35,19,0.0003206983024691358
val,1920,1080,40,25,0.00048225308641975306
val,1920,1080,32,17,0.0002623456790123457
val,1920,1080,50,20,0.00048225308641975306
val,1920,1080,97,62,0.002900270061728395
val,1920,1080,28,26,0.0003510802469135803
val,1920,1080,38,15,0.0002748842592592593
val,1920,1080,32,20,0.00030864197530864197
val,1920,1080,34,16,0.0002623456790123457
val,1920,1080,36,17,0.0002951388888888889
val,1920,1080,36,27,0.00046875
val,1920,1080,32,27,0.0004166666666666667
val,1920,1080,33,12,0.00019097222222222223
val,1920,1080,39,10,0.0001880787037037037
val,1920,1080,38,20,0.00036651234567901237
val,1920,1080,41,21,0.0004152199074074074
val,1920,1080,26,15,0.0001880787037037037
val,1920,1080,45,20,0.00043402777777777775
val,1920,1080,29,16,0.00022376543209876544
val,1920,1080,30,17,0.00024594907407407405
val,1920,1080,31,18,0.0002690972222222222
val,1920,1080,27,13,0.00016927083333333334
val,1920,1080,31,19,0.00028404706790123455
val,1920,1080,45,22,0.00047743055555555554
val,1920,1080,35,23,0.00038821373456790123
val,1920,1080,32,16,0.0002469135802469136
val,1920,1080,40,11,0.00021219135802469136
val,1920,1080,30,17,0.00024594907407407405
val,1920,1080,33,19,0.0003023726851851852
val,1920,1080,30,15,0.00021701388888888888
val,1920,1080,33,19,0.0003023726851851852
val,1920,1080,34,26,0.00042631172839506173
val,1920,1080,83,47,0.0018812692901234568
val,1920,1080,28,23,0.000310570987654321
val,1920,1080,23,13,0.00014419367283950618
val,1920,1080,36,20,0.00034722222222222224
val,1920,1080,37,22,0.000392554012345679
val,1920,1080,59,51,0.001451099537037037
val,1920,1080,43,19,0.0003940007716049383
val,1920,1080,43,27,0.0005598958333333334
val,1920,1080,65,36,0.0011284722222222221
val,1920,1080,40,22,0.0004243827160493827
val,1920,1080,39,21,0.0003949652777777778
val,1920,1080,35,20,0.00033757716049382714
val,1920,1080,74,40,0.001427469135802469
val,1920,1080,52,31,0.000777391975308642
val,1920,1080,47,22,0.0004986496913580246
val,1920,1080,51,24,0.0005902777777777778
val,1920,1080,41,33,0.0006524884259259259
val,1920,1080,42,17,0.0003443287037037037
val,1920,1080,49,28,0.0006616512345679012
val,1920,1080,78,31,0.001166087962962963
val,1920,1080,53,45,0.0011501736111111111
val,1920,1080,68,27,0.0008854166666666666
val,1920,1080,49,42,0.0009924768518518518
val,1920,1080,167,131,0.010550250771604939
val,1920,1080,47,36,0.0008159722222222223
val,1920,1080,72,28,0.0009722222222222222
val,1920,1080,58,32,0.0008950617283950618
val,1920,1080,39,26,0.0004890046296296296
val,1920,1080,61,47,0.001382619598765432
val,1920,1080,80,34,0.0013117283950617284
val,1920,1080,41,25,0.0004943094135802469
val,1920,1080,46,32,0.0007098765432098765
val,1920,1080,42,25,0.0005063657407407407
val,1920,1080,56,47,0.00126929012345679
val,1920,1080,41,20,0.00039544753086419754
val,1920,1080,49,35,0.0008270640432098765
val,1920,1080,75,31,0.001121238425925926
val,1920,1080,48,38,0.0008796296296296296
val,1920,1080,55,38,0.001007908950617284
val,1920,1080,46,36,0.0007986111111111112
val,1920,1080,63,47,0.001427951388888889
val,1920,1080,47,25,0.0005666473765432099
val,1920,1080,33,30,0.00047743055555555554
val,1920,1080,36,33,0.0005729166666666667
val,1920,1080,39,28,0.0005266203703703703
val,1920,1080,39,34,0.0006394675925925926
val,1920,1080,20,15,0.00014467592592592592
val,1920,1080,34,28,0.00045910493827160494
val,1920,1080,44,38,0.0008063271604938271
val,1920,1080,56,37,0.0009992283950617283
val,1920,1080,51,38,0.0009346064814814815
val,1920,1080,37,33,0.0005888310185185185
val,1920,1080,74,45,0.0016059027777777777
val,1920,1080,36,26,0.00045138888888888887
val,1920,1080,61,50,0.001470871913580247
val,1920,1080,41,27,0.0005338541666666666
val,1920,1080,36,34,0.0005902777777777778
val,1920,1080,45,27,0.0005859375
val,1920,1080,48,33,0.0007638888888888889
val,1920,1080,48,34,0.000787037037037037
val,1920,1080,41,33,0.0006524884259259259
val,1920,1080,52,36,0.0009027777777777777
val,1920,1080,39,29,0.0005454282407407407
val,1920,1080,39,26,0.0004890046296296296
val,1920,1080,37,31,0.0005531442901234568
val,1920,1080,64,41,0.0012654320987654322
val,1920,1080,66,62,0.0019733796296296296
val,1920,1080,51,37,0.000910011574074074
val,1920,1080,70,61,0.0020592206790123455
val,1920,1080,44,37,0.000785108024691358
val,1920,1080,45,27,0.0005859375
val,1920,1080,47,29,0.0006573109567901235
val,1920,1080,42,36,0.0007291666666666667
val,1920,1080,53,42,0.0010734953703703703
val,1920,1080,33,28,0.00044560185185185187
val,1920,1080,35,32,0.0005401234567901234
val,1920,1080,41,31,0.0006129436728395061
val,1920,1080,32,17,0.0002623456790123457
val,1920,1080,49,26,0.0006143904320987654
val,1920,1080,44,31,0.0006577932098765432
val,1920,1080,47,32,0.0007253086419753087
val,1920,1080,76,61,0.0022357253086419753
val,1920,1080,44,38,0.0008063271604938271
val,1920,1080,35,19,0.0003206983024691358
val,1920,1080,32,28,0.0004320987654320988
val,1920,1080,40,29,0.0005594135802469136
val,1920,1080,90,47,0.0020399305555555557
val,1920,1080,32,27,0.0004166666666666667
val,1920,1080,30,28,0.0004050925925925926
val,1920,1080,45,35,0.0007595486111111111
val,1920,1080,37,22,0.000392554012345679
val,1920,1080,42,35,0.0007089120370370371
val,1920,1080,23,20,0.00022183641975308642
val,1920,1080,33,17,0.00027054398148148147
val,1920,1080,53,35,0.000894579475308642
val,1920,1080,66,48,0.0015277777777777779
val,1920,1080,40,36,0.0006944444444444445
val,1920,1080,37,35,0.0006245177469135802
val,1920,1080,38,30,0.0005497685185185186
val,1920,1080,38,36,0.0006597222222222222
val,1920,1080,131,69,0.004359085648148148
val,1920,1080,33,34,0.0005410879629629629
val,1920,1080,33,30,0.00047743055555555554
val,1920,1080,27,16,0.00020833333333333335
val,1920,1080,29,15,0.0002097800925925926
val,1920,1080,27,21,0.0002734375
val,1920,1080,20,20,0.00019290123456790122
val,1920,1080,24,20,0.0002314814814814815
val,1920,1080,26,22,0.00027584876543209876
val,1920,1080,26,21,0.00026331018518518516
val,1920,1080,36,33,0.0005729166666666667
val,1920,1080,32,26,0.00040123456790123454
val,1920,1080,32,25,0.00038580246913580245
val,1920,1080,25,16,0.00019290123456790122
val,1920,1080,35,28,0.000472608024691358
val,1920,1080,36,24,0.0004166666666666667
val,1920,1080,27,32,0.0004166666666666667
val,1920,1080,21,16,0.00016203703703703703
val,1920,1080,27,16,0.00020833333333333335
val,1920,1080,35,20,0.00033757716049382714
val,1920,1080,42,29,0.0005873842592592593
val,1920,1080,22,15,0.00015914351851851853
val,1920,1080,21,17,0.00017216435185185184
val,1920,1080,31,16,0.00023919753086419754
val,1920,1080,67,40,0.0012924382716049383
val,1920,1080,55,43,0.001140528549382716
val,1920,1080,34,24,0.0003935185185185185
val,1920,1080,37,24,0.00042824074074074075
val,1920,1080,44,36,0.0007638888888888889
val,1920,1080,47,40,0.0009066358024691358
val,1920,1080,37,31,0.0005531442901234568
val,1920,1080,43,39,0.000808738425925926
val,1920,1080,66,54,0.00171875
val,1920,1080,48,33,0.0007638888888888889
val,1920,1080,61,45,0.0013237847222222223
val,1920,1080,51,34,0.0008362268518518519
val,1920,1080,44,28,0.0005941358024691358
val,1920,1080,66,33,0.0010503472222222223
val,1920,1080,93,65,0.0029152199074074076
val,1920,1080,38,23,0.0004214891975308642
val,1920,1080,44,33,0.0007002314814814815
val,1920,1080,37,29,0.0005174575617283951
val,1920,1080,36,22,0.00038194444444444446
val,1920,1080,45,38,0.0008246527777777778
val,1920,1080,49,23,0.0005434992283950617
val,1920,1080,88,61,0.0025887345679012344
val,1920,1080,38,30,0.0005497685185185186
val,1920,1080,39,28,0.0005266203703703703
val,1920,1080,35,24,0.0004050925925925926
val,1920,1080,46,35,0.0007764274691358025
val,1920,1080,31,22,0.0003288966049382716
val,1920,1080,38,29,0.0005314429012345679
val,1920,1080,28,18,0.00024305555555555555
val,1920,1080,28,23,0.000310570987654321
val,1920,1080,30,23,0.0003327546296296296
val,1920,1080,27,25,0.0003255208333333333
val,1920,1080,25,15,0.0001808449074074074
val,1920,1080,26,18,0.00022569444444444443
val,1920,1080,31,25,0.0003737461419753086
val,1920,1080,31,25,0.0003737461419753086
val,1920,1080,32,21,0.00032407407407407406
val,1920,1080,28,28,0.0003780864197530864
val,1920,1080,35,23,0.00038821373456790123
val,1920,1080,33,25,0.0003978587962962963
val,1920,1080,32,22,0.00033950617283950616
val,1920,1080,35,28,0.000472608024691358
val,1920,1080,27,20,0.00026041666666666666
val,1920,1080,25,20,0.00024112654320987653
val,1920,1080,36,30,0.0005208333333333333
val,1920,1080,41,27,0.0005338541666666666
val,1920,1080,38,28,0.0005131172839506173
val,1920,1080,33,29,0.00046151620370370373
val,1920,1080,44,43,0.0009124228395061729
val,1920,1080,40,31,0.0005979938271604939
val,1920,1080,41,30,0.0005931712962962963
val,1920,1080,43,36,0.0007465277777777778
val,1920,1080,33,29,0.00046151620370370373
val,1920,1080,31,20,0.00029899691358024693
val,1920,1080,46,32,0.0007098765432098765
val,1920,1080,40,31,0.0005979938271604939
val,1920,1080,58,27,0.0007552083333333333
val,1920,1080,44,33,0.0007002314814814815
val,1920,1080,35,19,0.0003206983024691358
val,1920,1080,79,57,0.002171585648148148
val,1920,1080,24,16,0.00018518518518518518
val,1920,1080,31,20,0.00029899691358024693
val,1920,1080,18,16,0.0001388888888888889
val,1920,1080,36,30,0.0005208333333333333
val,1920,1080,28,18,0.00024305555555555555
val,1920,1080,24,18,0.00020833333333333335
val,1920,1080,24,18,0.00020833333333333335
val,1920,1080,29,28,0.0003915895061728395
val,1920,1080,20,20,0.00019290123456790122
val,1920,1080,23,18,0.0001996527777777778
val,1920,1080,30,25,0.0003616898148148148
val,1920,1080,23,14,0.0001552854938271605
val,1920,1080,30,22,0.00031828703703703706
val,1920,1080,27,24,0.0003125
val,1920,1080,27,20,0.00026041666666666666
val,1920,1080,28,23,0.000310570987654321
val,1920,1080,20,15,0.00014467592592592592
val,1920,1080,33,27,0.0004296875
val,1920,1080,32,24,0.00037037037037037035
val,1920,1080,34,21,0.0003443287037037037
val,1920,1080,34,20,0.0003279320987654321
val,1920,1080,34,25,0.0004099151234567901
val,1920,1080,31,17,0.0002541473765432099
val,1920,1080,23,12,0.00013310185185185186
val,1920,1080,24,21,0.00024305555555555555
val,1920,1080,21,15,0.00015190972222222222
val,1920,1080,19,14,0.0001282793209876543
val,1920,1080,23,22,0.00024402006172839506
val,1920,1080,30,19,0.0002748842592592593
val,1920,1080,26,22,0.00027584876543209876
val,1920,1080,36,15,0.00026041666666666666
val,1920,1080,27,14,0.00018229166666666667
val,1920,1080,31,18,0.0002690972222222222
val,1920,1080,34,23,0.0003771219135802469
val,1920,1080,20,17,0.00016396604938271605
val,1920,1080,21,13,0.00013165509259259258
val,1920,1080,25,15,0.0001808449074074074
val,1920,1080,18,14,0.00012152777777777777
val,1920,1080,30,19,0.0002748842592592593
val,1920,1080,25,24,0.00028935185185185184
val,1920,1080,23,17,0.00018856095679012345
val,1920,1080,47,28,0.000634645061728395
val,1920,1080,44,30,0.0006365740740740741
val,1920,1080,22,19,0.00020158179012345678
val,1920,1080,26,13,0.00016300154320987654
val,1920,1080,33,26,0.00041377314814814814
val,1920,1080,34,29,0.0004755015432098765
val,1920,1080,36,26,0.00045138888888888887
val,1920,1080,52,43,0.001078317901234568
val,1920,1080,45,23,0.0004991319444444444
val,1920,1080,37,22,0.000392554012345679
val,1920,1080,44,33,0.0007002314814814815
val,1920,1080,37,31,0.0005531442901234568
val,1920,1080,40,32,0.0006172839506172839
val,1920,1080,41,34,0.0006722608024691358
val,1920,1080,63,49,0.0014887152777777778
val,1920,1080,48,30,0.0006944444444444445
val,1920,1080,67,30,0.0009693287037037037
val,1920,1080,58,38,0.0010628858024691358
val,1920,1080,32,16,0.0002469135802469136
val,1920,1080,23,15,0.0001663773148148148
val,1920,1080,26,18,0.00022569444444444443
val,1920,1080,27,20,0.00026041666666666666
val,1920,1080,32,27,0.0004166666666666667
val,1920,1080,32,25,0.00038580246913580245
val,1920,1080,23,18,0.0001996527777777778
val,1920,1080,31,27,0.00040364583333333333
val,1920,1080,34,28,0.00045910493827160494
val,1920,1080,38,24,0.0004398148148148148
val,1920,1080,24,22,0.0002546296296296296
val,1920,1080,31,19,0.00028404706790123455
val,1920,1080,49,23,0.0005434992283950617
val,1920,1080,39,31,0.0005830439814814815
val,1920,1080,34,27,0.0004427083333333333
val,1920,1080,31,22,0.0003288966049382716
val,1920,1080,49,35,0.0008270640432098765
val,1920,1080,35,26,0.00043885030864197533
val,1920,1080,70,54,0.0018229166666666667
val,1920,1080,48,36,0.0008333333333333334
val,1920,1080,25,21,0.00025318287037037036
val,1920,1080,32,16,0.0002469135802469136
val,1920,1080,36,29,0.0005034722222222222
val,1920,1080,29,18,0.0002517361111111111
val,1920,1080,44,37,0.000785108024691358
val,1920,1080,49,42,0.0009924768518518518
val,1920,1080,36,23,0.0003993055555555556
val,1920,1080,53,42,0.0010734953703703703
val,1920,1080,59,34,0.0009673996913580247
val,1920,1080,58,33,0.0009230324074074075
val,1920,1080,46,41,0.0009095293209876543
val,1920,1080,45,25,0.0005425347222222222
val,1920,1080,69,52,0.001730324074074074
val,1920,1080,52,38,0.0009529320987654321
val,1920,1080,44,29,0.000615354938271605
val,1920,1080,43,40,0.0008294753086419753
val,1920,1080,81,39,0.0015234375
val,1920,1080,109,84,0.00441550925925926
val,1920,1080,47,27,0.0006119791666666667
val,1920,1080,37,27,0.00048177083333333335
val,1920,1080,42,27,0.000546875
val,1920,1080,46,25,0.000554591049382716
val,1920,1080,36,19,0.0003298611111111111
val,1920,1080,38,22,0.00040316358024691356
val,1920,1080,35,24,0.0004050925925925926
val,1920,1080,45,32,0.0006944444444444445
val,1920,1080,38,13,0.00023823302469135803
val,1920,1080,51,30,0.0007378472222222222
val,1920,1080,55,33,0.0008752893518518518
val,1920,1080,35,24,0.0004050925925925926
val,1920,1080,39,33,0.0006206597222222222
val,1920,1080,60,31,0.0008969907407407407
val,1920,1080,65,28,0.0008777006172839507
val,1920,1080,33,28,0.00044560185185185187
val,1920,1080,52,33,0.0008275462962962963
val,1920,1080,46,18,0.0003993055555555556
val,1920,1080,48,21,0.0004861111111111111
val,1920,1080,46,25,0.000554591049382716
val,1920,1080,33,26,0.00041377314814814814
val,1920,1080,32,17,0.0002623456790123457
val,1920,1080,42,26,0.0005266203703703703
val,1920,1080,42,23,0.0004658564814814815
val,1920,1080,52,41,0.0010281635802469136
val,1920,1080,39,21,0.0003949652777777778
val,1920,1080,31,22,0.0003288966049382716
val,1920,1080,25,13,0.00015673225308641974
val,1920,1080,35,28,0.000472608024691358
val,1920,1080,42,22,0.00044560185185185187
val,1920,1080,32,22,0.00033950617283950616
val,1920,1080,31,18,0.0002690972222222222
val,1920,1080,30,26,0.0003761574074074074
val,1920,1080,40,32,0.0006172839506172839
val,1920,1080,33,23,0.0003660300925925926
val,1920,1080,50,14,0.00033757716049382714
val,1920,1080,35,21,0.00035445601851851854
val,1920,1080,39,22,0.00041377314814814814
val,1920,1080,50,30,0.0007233796296296296
val,1920,1080,32,23,0.00035493827160493826
val,1920,1080,30,19,0.0002748842592592593
val,1920,1080,34,25,0.0004099151234567901
val,1920,1080,41,35,0.0006920331790123456
val,1920,1080,29,16,0.00022376543209876544
val,1920,1080,28,23,0.000310570987654321
val,1920,1080,27,23,0.00029947916666666664
val,1920,1080,30,26,0.0003761574074074074
val,1920,1080,23,20,0.00022183641975308642
val,1920,1080,24,15,0.00017361111111111112
val,1920,1080,23,21,0.00023292824074074074
val,1920,1080,36,21,0.00036458333333333335
val,1920,1080,38,16,0.0002932098765432099
val,1920,1080,32,27,0.0004166666666666667
val,1920,1080,25,19,0.0002290702160493827
val,1920,1080,28,21,0.00028356481481481483
val,1920,1080,27,24,0.0003125
val,1920,1080,35,23,0.00038821373456790123
val,1920,1080,30,20,0.00028935185185185184
val,1920,1080,24,19,0.0002199074074074074
val,1920,1080,27,21,0.0002734375
val,1920,1080,31,25,0.0003737461419753086
val,1920,1080,31,21,0.00031394675925925926
val,1920,1080,24,20,0.0002314814814814815
val,1920,1080,34,23,0.0003771219135802469
val,1920,1080,30,24,0.00034722222222222224
val,1920,1080,82,54,0.0021354166666666665
val,1920,1080,53,30,0.0007667824074074074
val,1920,1080,54,25,0.0006510416666666666
val,1920,1080,48,30,0.0006944444444444445
val,1920,1080,68,39,0.0012789351851851853
val,1920,1080,55,39,0.0010344328703703705
val,1920,1080,53,34,0.000869020061728395
val,1920,1080,53,32,0.0008179012345679012
val,1920,1080,72,31,0.0010763888888888889
val,1920,1080,67,26,0.0008400848765432099
val,1920,1080,101,71,0.0034582368827160495
val,1920,1080,102,47,0.0023119212962962963
val,1920,1080,103,45,0.0022352430555555554
val,1920,1080,85,39,0.0015986689814814815
val,1920,1080,89,39,0.001673900462962963
val,1920,1080,92,43,0.0019077932098765433
val,1920,1080,48,29,0.0006712962962962962
val,1920,1080,60,34,0.0009837962962962962
val,1920,1080,36,22,0.00038194444444444446
val,1920,1080,31,16,0.00023919753086419754
val,1920,1080,44,17,0.0003607253086419753
val,1920,1080,34,13,0.00021315586419753087
val,1920,1080,25,13,0.00015673225308641974
val,1920,1080,18,10,8.680555555555556e-05
val,1920,1080,18,10,8.680555555555556e-05
val,1920,1080,35,26,0.00043885030864197533
val,1920,1080,25,13,0.00015673225308641974
val,1920,1080,23,14,0.0001552854938271605
val,1920,1080,24,10,0.00011574074074074075
val,1920,1080,25,13,0.00015673225308641974
val,1920,1080,94,49,0.002221257716049383
val,1920,1080,32,21,0.00032407407407407406
val,1920,1080,23,16,0.00017746913580246913
val,1920,1080,22,14,0.00014853395061728396
val,1920,1080,24,14,0.00016203703703703703
val,1920,1080,24,19,0.0002199074074074074
val,1920,1080,32,16,0.0002469135802469136
val,1920,1080,34,20,0.0003279320987654321
val,1920,1080,20,10,9.645061728395061e-05
val,1920,1080,23,14,0.0001552854938271605
val,1920,1080,25,14,0.00016878858024691357
val,1920,1080,98,42,0.0019849537037037036
val,1920,1080,59,36,0.0010243055555555556
val,1920,1080,49,30,0.0007089120370370371
val,1920,1080,52,34,0.0008526234567901235
val,1920,1080,46,26,0.0005767746913580247
val,1920,1080,44,31,0.0006577932098765432
val,1920,1080,55,32,0.0008487654320987654
val,1920,1080,49,38,0.0008979552469135803
val,1920,1080,46,34,0.0007542438271604938
val,1920,1080,50,25,0.0006028163580246913
val,1920,1080,52,22,0.0005516975308641975
val,1920,1080,53,32,0.0008179012345679012
val,1920,1080,97,72,0.0033680555555555556
val,1920,1080,35,25,0.00042197145061728393
val,1920,1080,37,21,0.00037471064814814816
val,1920,1080,35,15,0.00025318287037037036
val,1920,1080,31,10,0.00014949845679012346
val,1920,1080,38,29,0.0005314429012345679
val,1920,1080,33,23,0.0003660300925925926
val,1920,1080,31,23,0.00034384645061728397
val,1920,1080,36,29,0.0005034722222222222
val,1920,1080,39,25,0.00047019675925925923
val,1920,1080,28,27,0.00036458333333333335
val,1920,1080,39,24,0.00045138888888888887
val,1920,1080,33,22,0.00035011574074074074
val,1920,1080,26,20,0.0002507716049382716
val,1920,1080,30,21,0.00030381944444444445
val,1920,1080,27,20,0.00026041666666666666
val,1920,1080,31,14,0.00020929783950617283
val,1920,1080,29,18,0.0002517361111111111
val,1920,1080,28,16,0.0002160493827160494
val,1920,1080,33,18,0.00028645833333333333
val,1920,1080,25,11,0.0001326195987654321
val,1920,1080,30,20,0.00028935185185185184
val,1920,1080,24,9,0.00010416666666666667
val,1920,1080,26,14,0.00017554012345679014
val,1920,1080,22,12,0.0001273148148148148
val,1920,1080,32,19,0.0002932098765432099
val,1920,1080,27,20,0.00026041666666666666
val,1920,1080,27,18,0.000234375
val,1920,1080,43,27,0.0005598958333333334
val,1920,1080,38,16,0.0002932098765432099
val,1920,1080,34,22,0.0003607253086419753
val,1920,1080,38,19,0.0003481867283950617
val,1920,1080,31,17,0.0002541473765432099
val,1920,1080,32,16,0.0002469135802469136
val,1920,1080,31,16,0.00023919753086419754
val,1920,1080,37,27,0.00048177083333333335
val,1920,1080,30,19,0.0002748842592592593
val,1920,1080,41,26,0.0005140817901234568
val,1920,1080,47,19,0.0004306520061728395
val,1920,1080,28,22,0.0002970679012345679
val,1920,1080,50,13,0.0003134645061728395
val,1920,1080,64,26,0.0008024691358024691
val,1920,1080,42,20,0.0004050925925925926
val,1920,1080,50,30,0.0007233796296296296
val,1920,1080,46,19,0.0004214891975308642
val,1920,1080,45,24,0.0005208333333333333
val,1920,1080,40,24,0.000462962962962963
val,1920,1080,28,24,0.00032407407407407406
val,1920,1080,49,30,0.0007089120370370371
val,1920,1080,29,17,0.00023775077160493826
val,1920,1080,31,27,0.00040364583333333333
val,1920,1080,39,5,9.403935185185185e-05
val,1920,1080,41,20,0.00039544753086419754
val,1920,1080,42,19,0.00038483796296296297
val,1920,1080,44,17,0.0003607253086419753
val,1920,1080,42,24,0.0004861111111111111
val,1920,1080,28,16,0.0002160493827160494
val,1920,1080,25,11,0.0001326195987654321
val,1920,1080,26,15,0.0001880787037037037
val,1920,1080,33,18,0.00028645833333333333
val,1920,1080,26,14,0.00017554012345679014
val,1920,1080,26,17,0.00021315586419753087
val,1920,1080,27,21,0.0002734375
val,1920,1080,27,19,0.00024739583333333335
val,1920,1080,35,17,0.0002869405864197531
val,1920,1080,25,16,0.00019290123456790122
val,1920,1080,25,11,0.0001326195987654321
val,1920,1080,34,19,0.00031153549382716047
val,1920,1080,32,14,0.0002160493827160494
val,1920,1080,64,28,0.0008641975308641976
val,1920,1080,37,16,0.00028549382716049385
val,1920,1080,37,15,0.00026765046296296297
val,1920,1080,48,32,0.0007407407407407407
val,1920,1080,32,20,0.00030864197530864197
val,1920,1080,36,19,0.0003298611111111111
val,1920,1080,40,17,0.0003279320987654321
val,1920,1080,33,23,0.0003660300925925926
val,1920,1080,25,20,0.00024112654320987653
val,1920,1080,31,18,0.0002690972222222222
val,1920,1080,35,21,0.00035445601851851854
val,1920,1080,32,23,0.00035493827160493826
val,1920,1080,39,13,0.0002445023148148148
val,1920,1080,35,18,0.00030381944444444445
val,1920,1080,29,16,0.00022376543209876544
val,1920,1080,36,23,0.0003993055555555556
val,1920,1080,36,24,0.0004166666666666667
val,1920,1080,37,18,0.00032118055555555556
val,1920,1080,47,17,0.00038532021604938273
val,1920,1080,47,18,0.00040798611111111114
val,1920,1080,40,26,0.0005015432098765432
val,1920,1080,39,25,0.00047019675925925923
val,1920,1080,33,19,0.0003023726851851852
val,1920,1080,45,25,0.0005425347222222222
val,1920,1080,38,19,0.0003481867283950617
val,1920,1080,54,25,0.0006510416666666666
val,1920,1080,51,28,0.0006886574074074074
val,1920,1080,39,16,0.00030092592592592595
val,1920,1080,38,26,0.00047646604938271606
val,1920,1080,45,22,0.00047743055555555554
val,1920,1080,39,20,0.0003761574074074074
val,1920,1080,43,24,0.0004976851851851852
val,1920,1080,78,32,0.0012037037037037038
val,1920,1080,39,22,0.00041377314814814814
val,1920,1080,26,17,0.00021315586419753087
val,1920,1080,30,19,0.0002748842592592593
val,1920,1080,37,24,0.00042824074074074075
val,1920,1080,37,28,0.0004996141975308642
val,1920,1080,28,18,0.00024305555555555555
val,1920,1080,32,23,0.00035493827160493826
val,1920,1080,27,16,0.00020833333333333335
val,1920,1080,60,29,0.0008391203703703704
val,1920,1080,45,24,0.0005208333333333333
val,1920,1080,34,20,0.0003279320987654321
val,1920,1080,51,31,0.0007624421296296296
val,1920,1080,36,19,0.0003298611111111111
val,1920,1080,31,22,0.0003288966049382716
val,1920,1080,30,16,0.0002314814814814815
val,1920,1080,31,16,0.00023919753086419754
val,1920,1080,25,15,0.0001808449074074074
val,1920,1080,48,18,0.0004166666666666667
val,1920,1080,51,23,0.0005656828703703704
val,1920,1080,201,99,0.009596354166666666
val,1920,1080,65,48,0.0015046296296296296
val,1920,1080,35,20,0.00033757716049382714
val,1920,1080,57,22,0.0006047453703703704
val,1920,1080,42,18,0.00036458333333333335
val,1920,1080,33,24,0.00038194444444444446
val,1920,1080,25,16,0.00019290123456790122
val,1920,1080,17,9,7.378472222222222e-05
val,1920,1080,24,12,0.0001388888888888889
val,1920,1080,25,14,0.00016878858024691357
val,1920,1080,28,13,0.00017554012345679014
val,1920,1080,30,18,0.00026041666666666666
val,1920,1080,30,21,0.00030381944444444445
val,1920,1080,27,17,0.00022135416666666666
val,1920,1080,28,12,0.00016203703703703703
val,1920,1080,38,22,0.00040316358024691356
val,1920,1080,27,17,0.00022135416666666666
val,1920,1080,31,23,0.00034384645061728397
val,1920,1080,38,25,0.0004581404320987654
val,1920,1080,28,19,0.0002565586419753086
val,1920,1080,71,34,0.0011641589506172839
val,1920,1080,43,20,0.0004147376543209877
val,1920,1080,32,20,0.00030864197530864197
val,1920,1080,43,15,0.00031105324074074076
val,1920,1080,37,22,0.000392554012345679
val,1920,1080,32,17,0.0002623456790123457
val,1920,1080,35,22,0.0003713348765432099
val,1920,1080,31,15,0.00022424768518518518
val,1920,1080,33,21,0.00033420138888888887
val,1920,1080,39,20,0.0003761574074074074
val,1920,1080,32,15,0.0002314814814814815
val,1920,1080,27,16,0.00020833333333333335
val,1920,1080,33,18,0.00028645833333333333
val,1920,1080,28,13,0.00017554012345679014
val,1920,1080,36,24,0.0004166666666666667
val,1920,1080,34,24,0.0003935185185185185
val,1920,1080,25,14,0.00016878858024691357
val,1920,1080,44,25,0.0005304783950617284
val,1920,1080,26,16,0.00020061728395061727
val,1920,1080,26,13,0.00016300154320987654
val,1920,1080,50,22,0.0005304783950617284
val,1920,1080,46,19,0.0004214891975308642
val,1920,1080,32,13,0.00020061728395061727
val,1920,1080,53,26,0.0006645447530864197
val,1920,1080,42,16,0.00032407407407407406
val,1920,1080,31,23,0.00034384645061728397
val,1920,1080,32,17,0.0002623456790123457
val,1920,1080,44,20,0.0004243827160493827
val,1920,1080,24,15,0.00017361111111111112
val,1920,1080,21,12,0.00012152777777777777
val,1920,1080,48,31,0.0007175925925925926
val,1920,1080,44,20,0.0004243827160493827
val,1920,1080,26,18,0.00022569444444444443
val,1920,1080,23,12,0.00013310185185185186
val,1920,1080,37,22,0.000392554012345679
val,1920,1080,40,18,0.00034722222222222224
val,1920,1080,66,32,0.0010185185185185184
val,1920,1080,61,25,0.0007354359567901235
val,1920,1080,34,17,0.00027874228395061726
val,1920,1080,45,19,0.0004123263888888889
val,1920,1080,37,20,0.0003568672839506173
val,1920,1080,29,12,0.00016782407407407406
val,1920,1080,40,23,0.00044367283950617285
val,1920,1080,33,17,0.00027054398148148147
val,1920,1080,35,20,0.00033757716049382714
val,1920,1080,28,17,0.00022955246913580247
val,1920,1080,22,11,0.00011670524691358024
val,1920,1080,22,12,0.0001273148148148148
val,1920,1080,27,13,0.00016927083333333334
val,1920,1080,31,20,0.00029899691358024693
val,1920,1080,23,11,0.00012201003086419753
val,1920,1080,28,14,0.0001890432098765432
val,1920,1080,25,11,0.0001326195987654321
val,1920,1080,28,20,0.0002700617283950617
val,1920,1080,35,22,0.0003713348765432099
val,1920,1080,37,18,0.00032118055555555556
val,1920,1080,58,42,0.0011747685185185186
val,1920,1080,34,19,0.00031153549382716047
val,1920,1080,30,17,0.00024594907407407405
val,1920,1080,33,19,0.0003023726851851852
val,1920,1080,45,17,0.0003689236111111111
val,1920,1080,28,17,0.00022955246913580247
val,1920,1080,32,14,0.0002160493827160494
val,1920,1080,30,15,0.00021701388888888888
val,1920,1080,35,23,0.00038821373456790123
val,1920,1080,30,15,0.00021701388888888888
val,1920,1080,26,15,0.0001880787037037037
val,1920,1080,34,11,0.00018036265432098766
val,1920,1080,34,18,0.0002951388888888889
val,1920,1080,32,19,0.0002932098765432099
val,1920,1080,31,13,0.0001943479938271605
val,1920,1080,93,37,0.0016594328703703704
val,1920,1080,58,31,0.0008670910493827161
val,1920,1080,37,16,0.00028549382716049385
val,1920,1080,44,18,0.00038194444444444446
val,1920,1080,40,22,0.0004243827160493827
val,1920,1080,62,25,0.0007474922839506172
val,1920,1080,42,21,0.0004253472222222222
val,1920,1080,45,24,0.0005208333333333333
val,1920,1080,63,35,0.0010633680555555555
val,1920,1080,25,20,0.00024112654320987653
val,1920,1080,38,19,0.0003481867283950617
val,1920,1080,30,20,0.00028935185185185184
val,1920,1080,16,12,9.259259259259259e-05
val,1920,1080,25,13,0.00015673225308641974
val,1920,1080,30,14,0.0002025462962962963
val,1920,1080,28,17,0.00022955246913580247
val,1920,1080,61,27,0.0007942708333333334
val,1920,1080,26,14,0.00017554012345679014
val,1920,1080,33,23,0.0003660300925925926
val,1920,1080,41,16,0.00031635802469135804
val,1920,1080,141,88,0.005983796296296296
val,1920,1080,154,72,0.005347222222222222
val,1920,1080,163,64,0.005030864197530864
val,1920,1080,130,47,0.0029465663580246913
val,1920,1080,114,63,0.003463541666666667
val,1920,1080,65,34,0.0010657793209876544
val,1920,1080,55,26,0.0006896219135802469
val,1920,1080,51,19,0.00046730324074074073
val,1920,1080,52,19,0.00047646604938271606
val,1920,1080,61,19,0.0005589313271604938
val,1920,1080,58,20,0.0005594135802469136
val,1920,1080,36,17,0.0002951388888888889
val,1920,1080,36,18,0.0003125
val,1920,1080,108,39,0.00203125
val,1920,1080,57,20,0.0005497685185185186
val,1920,1080,33,11,0.00017505787037037037
val,1920,1080,132,61,0.003883101851851852
val,1920,1080,28,8,0.0001080246913580247
val,1920,1080,29,11,0.00015383873456790124
val,1920,1080,23,9,9.98263888888889e-05
val,1920,1080,20,8,7.716049382716049e-05
val,1920,1080,26,7,8.777006172839507e-05
val,1920,1080,23,12,0.00013310185185185186
val,1920,1080,41,26,0.0005140817901234568
val,1920,1080,31,12,0.00017939814814814815
val,1920,1080,23,12,0.00013310185185185186
val,1920,1080,19,9,8.246527777777778e-05
val,1920,1080,16,7,5.401234567901235e-05
val,1920,1080,23,12,0.00013310185185185186
val,1920,1080,29,25,0.00034963348765432097
val,1920,1080,30,19,0.0002748842592592593
val,1920,1080,44,33,0.0007002314814814815
val,1920,1080,35,29,0.0004894868827160494
val,1920,1080,25,15,0.0001808449074074074
val,1920,1080,23,12,0.00013310185185185186
val,1920,1080,23,14,0.0001552854938271605
val,1920,1080,29,18,0.0002517361111111111
val,1920,1080,21,11,0.00011140046296296297
val,1920,1080,112,51,0.0027546296296296294
val,1920,1080,31,18,0.0002690972222222222
val,1920,1080,16,8,6.17283950617284e-05
val,1920,1080,24,15,0.00017361111111111112
val,1920,1080,14,8,5.401234567901235e-05
val,1920,1080,18,12,0.00010416666666666667
val,1920,1080,34,17,0.00027874228395061726
val,1920,1080,31,15,0.00022424768518518518
val,1920,1080,22,12,0.0001273148148148148
val,1920,1080,32,13,0.00020061728395061727
val,1920,1080,28,17,0.00022955246913580247
val,1920,1080,33,13,0.00020688657407407407
val,1920,1080,15,7,5.063657407407407e-05
val,1920,1080,25,13,0.00015673225308641974
val,1920,1080,22,9,9.548611111111112e-05
val,1920,1080,22,9,9.548611111111112e-05
val,1920,1080,22,13,0.00013792438271604938
val,1920,1080,21,10,0.00010127314814814815
val,1920,1080,16,6,4.6296296296296294e-05
val,1920,1080,19,8,7.330246913580247e-05
val,1920,1080,23,11,0.00012201003086419753
val,1920,1080,20,13,0.0001253858024691358
val,1920,1080,17,10,8.198302469135803e-05
val,1920,1080,19,7,6.413966049382716e-05
val,1920,1080,19,9,8.246527777777778e-05
val,1920,1080,17,6,4.9189814814814815e-05
val,1920,1080,18,8,6.944444444444444e-05
val,1920,1080,20,11,0.00010609567901234568
val,1920,1080,37,16,0.00028549382716049385
val,1920,1080,26,11,0.00013792438271604938
val,1920,1080,31,13,0.0001943479938271605
val,1920,1080,41,17,0.0003361304012345679
val,1920,1080,39,20,0.0003761574074074074
val,1920,1080,31,13,0.0001943479938271605
val,1920,1080,45,27,0.0005859375
val,1920,1080,33,24,0.00038194444444444446
val,1920,1080,21,8,8.101851851851852e-05
val,1920,1080,54,29,0.0007552083333333333
val,1920,1080,41,18,0.0003559027777777778
val,1920,1080,26,11,0.00013792438271604938
val,1920,1080,40,16,0.00030864197530864197
val,1920,1080,32,19,0.0002932098765432099
val,1920,1080,35,22,0.0003713348765432099
val,1920,1080,28,16,0.0002160493827160494
val,1920,1080,30,13,0.0001880787037037037
val,1920,1080,23,15,0.0001663773148148148
val,1920,1080,23,9,9.98263888888889e-05
val,1920,1080,21,8,8.101851851851852e-05
val,1920,1080,18,7,6.076388888888889e-05
val,1920,1080,20,13,0.0001253858024691358
val,1920,1080,30,12,0.00017361111111111112
val,1920,1080,19,9,8.246527777777778e-05
val,1920,1080,23,11,0.00012201003086419753
val,1920,1080,26,14,0.00017554012345679014
val,1920,1080,30,21,0.00030381944444444445
val,1920,1080,28,10,0.00013503086419753085
val,1920,1080,28,15,0.0002025462962962963
val,1920,1080,25,13,0.00015673225308641974
val,1920,1080,27,13,0.00016927083333333334
val,1920,1080,25,10,0.00012056327160493826
val,1920,1080,27,8,0.00010416666666666667
val,1920,1080,76,24,0.0008796296296296296
val,1920,1080,160,78,0.0060185185185185185
val,1920,1080,37,19,0.00033902391975308645
val,1920,1080,51,20,0.0004918981481481481
val,1920,1080,42,24,0.0004861111111111111
val,1920,1080,25,12,0.00014467592592592592
val,1920,1080,64,24,0.0007407407407407407
val,1920,1080,57,29,0.0007971643518518519
val,1920,1080,65,27,0.0008463541666666667
val,1920,1080,28,12,0.00016203703703703703
val,1920,1080,39,17,0.0003197337962962963
val,1920,1080,36,13,0.00022569444444444443
val,1920,1080,33,19,0.0003023726851851852
val,1920,1080,46,23,0.0005102237654320988
val,1920,1080,37,19,0.00033902391975308645
val,1920,1080,31,11,0.0001644483024691358
val,1920,1080,36,15,0.00026041666666666666
val,1920,1080,29,13,0.0001818094135802469
val,1920,1080,29,18,0.0002517361111111111
val,1920,1080,95,51,0.0023365162037037035
val,1920,1080,62,28,0.0008371913580246913
val,1920,1080,133,72,0.004618055555555556
val,1920,1080,272,109,0.01429783950617284
val,1920,1080,39,28,0.0005266203703703703
val,1920,1080,31,15,0.00022424768518518518
val,1920,1080,29,20,0.0002797067901234568
val,1920,1080,24,11,0.0001273148148148148
val,1920,1080,23,10,0.00011091820987654321
val,1920,1080,22,12,0.0001273148148148148
val,1920,1080,24,13,0.00015046296296296297
val,1920,1080,18,10,8.680555555555556e-05
val,1920,1080,29,18,0.0002517361111111111
val,1920,1080,32,13,0.00020061728395061727
val,1920,1080,33,17,0.00027054398148148147
val,1920,1080,31,12,0.00017939814814814815
val,1920,1080,38,14,0.0002565586419753086
val,1920,1080,28,12,0.00016203703703703703
val,1920,1080,33,14,0.00022280092592592593
val,1920,1080,36,19,0.0003298611111111111
val,1920,1080,32,12,0.00018518518518518518
val,1920,1080,28,15,0.0002025462962962963
val,1920,1080,29,17,0.00023775077160493826
val,1920,1080,39,19,0.00035734953703703704
val,1920,1080,38,16,0.0002932098765432099
val,1920,1080,40,14,0.0002700617283950617
val,1920,1080,34,12,0.00019675925925925926
val,1920,1080,41,22,0.0004349922839506173
val,1920,1080,42,18,0.00036458333333333335
val,1920,1080,47,21,0.0004759837962962963
val,1920,1080,38,15,0.0002748842592592593
val,1920,1080,39,10,0.0001880787037037037
val,1920,1080,36,14,0.00024305555555555555
val,1920,1080,39,11,0.00020688657407407407
val,1920,1080,39,20,0.0003761574074074074
val,1920,1080,40,22,0.0004243827160493827
val,1920,1080,45,17,0.0003689236111111111
val,1920,1080,45,25,0.0005425347222222222
val,1920,1080,26,18,0.00022569444444444443
val,1920,1080,23,10,0.00011091820987654321
val,1920,1080,21,9,9.114583333333334e-05
val,1920,1080,31,11,0.0001644483024691358
val,1920,1080,38,12,0.0002199074074074074
val,1920,1080,54,28,0.0007291666666666667
val,1920,1080,37,11,0.0001962770061728395
val,1920,1080,78,46,0.001730324074074074
val,1920,1080,46,21,0.0004658564814814815
val,1920,1080,36,18,0.0003125
val,1920,1080,36,19,0.0003298611111111111
val,1920,1080,44,21,0.00044560185185185187
val,1920,1080,48,35,0.0008101851851851852
val,1920,1080,34,28,0.00045910493827160494
val,1920,1080,36,18,0.0003125
val,1920,1080,45,25,0.0005425347222222222
val,1920,1080,42,26,0.0005266203703703703
val,1920,1080,44,36,0.0007638888888888889
val,1920,1080,37,17,0.0003033371913580247
val,1920,1080,34,27,0.0004427083333333333
val,1920,1080,50,24,0.0005787037037037037
val,1920,1080,43,37,0.0007672646604938272
val,1920,1080,52,25,0.000626929012345679
val,1920,1080,42,28,0.0005671296296296297
val,1920,1080,41,30,0.0005931712962962963
val,1920,1080,26,10,0.0001253858024691358
val,1920,1080,43,24,0.0004976851851851852
val,1920,1080,57,30,0.0008246527777777778
val,1920,1080,36,24,0.0004166666666666667
val,1920,1080,31,22,0.0003288966049382716
val,1920,1080,17,11,9.018132716049383e-05
val,1920,1080,14,7,4.72608024691358e-05
val,1920,1080,15,8,5.787037037037037e-05
val,1920,1080,23,11,0.00012201003086419753
val,1920,1080,20,13,0.0001253858024691358
val,1920,1080,22,12,0.0001273148148148148
val,1920,1080,20,8,7.716049382716049e-05
val,1920,1080,25,8,9.645061728395061e-05
val,1920,1080,19,9,8.246527777777778e-05
val,1920,1080,21,9,9.114583333333334e-05
val,1920,1080,43,17,0.0003525270061728395
val,1920,1080,27,11,0.00014322916666666667
val,1920,1080,17,7,5.738811728395062e-05
val,1920,1080,38,19,0.0003481867283950617
val,1920,1080,26,16,0.00020061728395061727
val,1920,1080,37,16,0.00028549382716049385
val,1920,1080,32,18,0.0002777777777777778
val,1920,1080,47,27,0.0006119791666666667
val,1920,1080,91,28,0.0012287808641975309
val,1920,1080,38,18,0.0003298611111111111
val,1920,1080,30,11,0.00015914351851851853
val,1920,1080,15,9,6.510416666666667e-05
val,1920,1080,26,10,0.0001253858024691358
val,1920,1080,25,12,0.00014467592592592592
val,1920,1080,25,13,0.00015673225308641974
val,1920,1080,46,16,0.00035493827160493826
val,1920,1080,35,15,0.00025318287037037036
val,1920,1080,18,7,6.076388888888889e-05
val,1920,1080,55,16,0.0004243827160493827
val,1920,1080,28,12,0.00016203703703703703
val,1920,1080,31,15,0.00022424768518518518
val,1920,1080,73,59,0.0020770640432098766
val,1920,1080,33,14,0.00022280092592592593
val,1920,1080,27,17,0.00022135416666666666
val,1920,1080,32,15,0.0002314814814814815
val,1920,1080,39,11,0.00020688657407407407
val,1920,1080,22,11,0.00011670524691358024
val,1920,1080,24,9,0.00010416666666666667
val,1920,1080,22,11,0.00011670524691358024
val,1920,1080,45,6,0.00013020833333333333
val,1920,1080,31,13,0.0001943479938271605
val,1920,1080,18,19,0.00016493055555555556
val,1920,1080,41,15,0.00029658564814814814
val,1920,1080,33,16,0.0002546296296296296
val,1920,1080,35,11,0.00018566743827160494
val,1920,1080,64,19,0.0005864197530864197
val,1920,1080,50,15,0.0003616898148148148
val,1920,1080,38,22,0.00040316358024691356
val,1920,1080,32,19,0.0002932098765432099
val,1920,1080,31,15,0.00022424768518518518
val,1920,1080,47,21,0.0004759837962962963
val,1920,1080,52,21,0.0005266203703703703
val,1920,1080,54,21,0.000546875
val,1920,1080,61,31,0.0009119405864197531
val,1920,1080,75,38,0.0013744212962962963
val,1920,1080,69,38,0.0012644675925925926
val,1920,1080,71,41,0.0014038387345679012
val,1920,1080,83,28,0.0011207561728395063
val,1920,1080,36,16,0.0002777777777777778
val,1920,1080,34,13,0.00021315586419753087
val,1920,1080,40,24,0.000462962962962963
val,1920,1080,53,28,0.0007156635802469136
val,1920,1080,52,32,0.0008024691358024691
val,1920,1080,54,28,0.0007291666666666667
val,1920,1080,50,22,0.0005304783950617284
val,1920,1080,54,21,0.000546875
val,1920,1080,47,19,0.0004306520061728395
val,1920,1080,47,28,0.000634645061728395
val,1920,1080,147,63,0.004466145833333333
val,1920,1080,17,9,7.378472222222222e-05
val,1920,1080,11,9,4.774305555555556e-05
val,1920,1080,10,7,3.375771604938271e-05
val,1920,1080,33,22,0.00035011574074074074
val,1920,1080,53,31,0.0007923418209876543
val,1920,1080,64,39,0.0012037037037037038
val,1920,1080,22,10,0.00010609567901234568
val,1920,1080,47,31,0.0007026427469135802
val,1920,1080,51,33,0.0008116319444444445
val,1920,1080,42,27,0.000546875
val,1920,1080,27,19,0.00024739583333333335
val,1920,1080,22,13,0.00013792438271604938
val,1920,1080,15,10,7.233796296296296e-05
val,1920,1080,24,14,0.00016203703703703703
val,1920,1080,43,22,0.00045621141975308644
val,1920,1080,110,52,0.0027584876543209876
val,1920,1080,60,26,0.0007523148148148148
val,1920,1080,33,18,0.00028645833333333333
val,1920,1080,71,36,0.0012326388888888888
val,1920,1080,32,21,0.00032407407407407406
val,1920,1080,59,17,0.00048369984567901236
val,1920,1080,29,17,0.00023775077160493826
val,1920,1080,30,15,0.00021701388888888888
val,1920,1080,42,13,0.00026331018518518516
val,1920,1080,54,18,0.00046875
val,1920,1080,65,28,0.0008777006172839507
val,1920,1080,52,24,0.0006018518518518519
val,1920,1080,27,11,0.00014322916666666667
val,1920,1080,23,12,0.00013310185185185186
val,1920,1080,26,8,0.00010030864197530864
val,1920,1080,34,17,0.00027874228395061726
val,1920,1080,30,19,0.0002748842592592593
val,1920,1080,43,20,0.0004147376543209877
val,1920,1080,19,6,5.497685185185185e-05
val,1920,1080,28,14,0.0001890432098765432
val,1920,1080,34,15,0.00024594907407407405
val,1920,1080,50,26,0.000626929012345679
val,1920,1080,39,18,0.0003385416666666667
val,1920,1080,47,19,0.0004306520061728395
val,1920,1080,32,11,0.00016975308641975308
val,1920,1080,61,44,0.0012943672839506172
val,1920,1080,41,28,0.0005536265432098766
val,1920,1080,58,29,0.0008111496913580247
val,1920,1080,46,18,0.0003993055555555556
val,1920,1080,50,24,0.0005787037037037037
val,1920,1080,29,17,0.00023775077160493826
val,1920,1080,37,15,0.00026765046296296297
val,1920,1080,53,28,0.0007156635802469136
val,1920,1080,37,21,0.00037471064814814816
val,1920,1080,27,6,7.8125e-05
val,1920,1080,16,6,4.6296296296296294e-05
val,1920,1080,37,13,0.00023196373456790123
val,1920,1080,65,23,0.0007209683641975309
val,1920,1080,26,10,0.0001253858024691358
val,1920,1080,33,21,0.00033420138888888887
val,1920,1080,56,24,0.0006481481481481481
val,1920,1080,30,11,0.00015914351851851853
val,1920,1080,20,8,7.716049382716049e-05
val,1920,1080,16,7,5.401234567901235e-05
val,1920,1080,17,6,4.9189814814814815e-05
val,1920,1080,30,8,0.00011574074074074075
val,1920,1080,23,6,6.655092592592593e-05
val,1920,1080,26,10,0.0001253858024691358
val,1920,1080,40,16,0.00030864197530864197
val,1920,1080,40,15,0.00028935185185185184
val,1920,1080,32,14,0.0002160493827160494
val,1920,1080,35,16,0.0002700617283950617
val,1920,1080,43,24,0.0004976851851851852
val,1920,1080,33,11,0.00017505787037037037
val,1920,1080,28,9,0.00012152777777777777
val,1920,1080,24,8,9.259259259259259e-05
val,1920,1080,37,20,0.0003568672839506173
val,1920,1080,48,20,0.000462962962962963
val,1920,1080,22,12,0.0001273148148148148
val,1920,1080,15,11,7.957175925925927e-05
val,1920,1080,23,14,0.0001552854938271605
val,1920,1080,24,11,0.0001273148148148148
val,1920,1080,28,13,0.00017554012345679014
val,1920,1080,34,15,0.00024594907407407405
val,1920,1080,28,22,0.0002970679012345679
val,1920,1080,22,12,0.0001273148148148148
val,1920,1080,13,6,3.7615740740740744e-05
val,1920,1080,23,13,0.00014419367283950618
val,1920,1080,57,20,0.0005497685185185186
val,1920,1080,19,11,0.00010079089506172839
val,1920,1080,12,8,4.6296296296296294e-05
val,1920,1080,19,13,0.00011911651234567901
val,1920,1080,40,22,0.0004243827160493827
val,1920,1080,30,16,0.0002314814814814815
val,1920,1080,24,15,0.00017361111111111112
val,1920,1080,24,9,0.00010416666666666667
val,1920,1080,28,18,0.00024305555555555555
val,1920,1080,37,16,0.00028549382716049385
val,1920,1080,31,20,0.00029899691358024693
val,1920,1080,35,19,0.0003206983024691358
val,1920,1080,31,17,0.0002541473765432099
val,1920,1080,24,15,0.00017361111111111112
val,1920,1080,26,7,8.777006172839507e-05
val,1920,1080,33,20,0.00031828703703703706
val,1920,1080,33,19,0.0003023726851851852
val,1920,1080,78,36,0.0013541666666666667
val,1920,1080,49,22,0.0005198688271604938
val,1920,1080,34,19,0.00031153549382716047
val,1920,1080,31,17,0.0002541473765432099
val,1920,1080,42,23,0.0004658564814814815
val,1920,1080,19,7,6.413966049382716e-05
val,1920,1080,25,11,0.0001326195987654321
val,1920,1080,44,22,0.00046682098765432096
val,1920,1080,40,23,0.00044367283950617285
val,1920,1080,18,5,4.340277777777778e-05
val,1920,1080,18,8,6.944444444444444e-05
val,1920,1080,51,25,0.0006148726851851852
val,1920,1080,134,76,0.004911265432098765
val,1920,1080,27,13,0.00016927083333333334
val,1920,1080,49,26,0.0006143904320987654
val,1920,1080,26,10,0.0001253858024691358
val,1920,1080,28,17,0.00022955246913580247
val,1920,1080,45,20,0.00043402777777777775
val,1920,1080,27,14,0.00018229166666666667
val,1920,1080,19,12,0.0001099537037037037
val,1920,1080,36,10,0.00017361111111111112
val,1920,1080,28,11,0.00014853395061728396
val,1920,1080,34,12,0.00019675925925925926
val,1920,1080,30,10,0.00014467592592592592
val,1920,1080,33,11,0.00017505787037037037
val,1920,1080,53,28,0.0007156635802469136
val,1920,1080,47,23,0.0005213155864197531
val,1920,1080,27,11,0.00014322916666666667
val,1920,1080,35,11,0.00018566743827160494
val,1920,1080,38,20,0.00036651234567901237
val,1920,1080,30,14,0.0002025462962962963
val,1920,1080,49,12,0.00028356481481481483
val,1920,1080,56,12,0.00032407407407407406
val,1920,1080,39,14,0.00026331018518518516
val,1920,1080,39,17,0.0003197337962962963
val,1920,1080,45,12,0.00026041666666666666
val,1920,1080,52,22,0.0005516975308641975
val,1920,1080,33,12,0.00019097222222222223
val,1920,1080,42,12,0.00024305555555555555
val,1920,1080,24,9,0.00010416666666666667
val,1920,1080,19,12,0.0001099537037037037
val,1920,1080,27,11,0.00014322916666666667
val,1920,1080,12,9,5.208333333333334e-05
val,1920,1080,25,11,0.0001326195987654321
val,1920,1080,16,6,4.6296296296296294e-05
val,1920,1080,50,14,0.00033757716049382714
val,1920,1080,15,7,5.063657407407407e-05
val,1920,1080,23,6,6.655092592592593e-05
val,1920,1080,16,6,4.6296296296296294e-05
val,1920,1080,32,10,0.00015432098765432098
val,1920,1080,43,14,0.00029031635802469137
val,1920,1080,17,6,4.9189814814814815e-05
val,1920,1080,108,56,0.002916666666666667
val,1920,1080,20,13,0.0001253858024691358
val,1920,1080,23,16,0.00017746913580246913
val,1920,1080,19,10,9.162808641975309e-05
val,1920,1080,36,26,0.00045138888888888887
val,1920,1080,11,7,3.713348765432099e-05
val,1920,1080,31,9,0.0001345486111111111
val,1920,1080,24,17,0.00019675925925925926
val,1920,1080,39,28,0.0005266203703703703
val,1920,1080,37,26,0.00046392746913580246
val,1920,1080,37,20,0.0003568672839506173
val,1920,1080,34,20,0.0003279320987654321
val,1920,1080,29,18,0.0002517361111111111
val,1920,1080,23,20,0.00022183641975308642
val,1920,1080,49,28,0.0006616512345679012
val,1920,1080,47,25,0.0005666473765432099
val,1920,1080,24,15,0.00017361111111111112
val,1920,1080,43,28,0.0005806327160493827
val,1920,1080,50,23,0.000554591049382716
val,1920,1080,45,25,0.0005425347222222222
val,1920,1080,22,16,0.00016975308641975308
val,1920,1080,34,18,0.0002951388888888889
val,1920,1080,16,12,9.259259259259259e-05
val,1920,1080,43,25,0.0005184220679012346
val,1920,1080,31,25,0.0003737461419753086
val,1920,1080,24,15,0.00017361111111111112
val,1920,1080,42,24,0.0004861111111111111
val,1920,1080,19,15,0.00013744212962962964
val,1920,1080,26,19,0.00023823302469135803
val,1920,1080,34,18,0.0002951388888888889
val,1920,1080,35,18,0.00030381944444444445
val,1920,1080,51,28,0.0006886574074074074
val,1920,1080,37,21,0.00037471064814814816
val,1920,1080,54,30,0.00078125
val,1920,1080,40,23,0.00044367283950617285
val,1920,1080,33,15,0.00023871527777777777
val,1920,1080,30,14,0.0002025462962962963
val,1920,1080,25,15,0.0001808449074074074
val,1920,1080,43,10,0.00020736882716049384
val,1920,1080,42,24,0.0004861111111111111
val,1920,1080,57,35,0.0009620949074074074
val,1920,1080,23,10,0.00011091820987654321
val,1920,1080,29,12,0.00016782407407407406
val,1920,1080,37,11,0.0001962770061728395
val,1920,1080,44,15,0.00031828703703703706
val,1920,1080,41,15,0.00029658564814814814
val,1920,1080,35,15,0.00025318287037037036
val,1920,1080,49,20,0.000472608024691358
val,1920,1080,36,8,0.0001388888888888889
val,1920,1080,67,19,0.0006139081790123457
val,1920,1080,45,16,0.00034722222222222224
val,1920,1080,40,9,0.00017361111111111112
val,1920,1080,33,10,0.00015914351851851853
val,1920,1080,41,14,0.0002768132716049383
val,1920,1080,34,13,0.00021315586419753087
val,1920,1080,54,24,0.000625
val,1920,1080,101,28,0.0013638117283950616
val,1920,1080,59,13,0.00036988811728395064
val,1920,1080,67,24,0.0007754629629629629
val,1920,1080,40,22,0.0004243827160493827
val,1920,1080,27,8,0.00010416666666666667
val,1920,1080,46,21,0.0004658564814814815
val,1920,1080,26,7,8.777006172839507e-05
val,1920,1080,37,11,0.0001962770061728395
val,1920,1080,37,17,0.0003033371913580247
val,1920,1080,30,16,0.0002314814814814815
val,1920,1080,53,13,0.00033227237654320985
val,1920,1080,34,9,0.00014756944444444445
val,1920,1080,42,12,0.00024305555555555555
val,1920,1080,63,23,0.0006987847222222222
val,1920,1080,44,18,0.00038194444444444446
val,1920,1080,61,21,0.0006177662037037037
val,1920,1080,40,10,0.00019290123456790122
val,1920,1080,35,17,0.0002869405864197531
val,1920,1080,31,11,0.0001644483024691358
val,1920,1080,24,5,5.787037037037037e-05
val,1920,1080,23,9,9.98263888888889e-05
val,1920,1080,28,10,0.00013503086419753085
val,1920,1080,27,11,0.00014322916666666667
val,1920,1080,25,7,8.439429012345679e-05
val,1920,1080,23,11,0.00012201003086419753
val,1920,1080,29,11,0.00015383873456790124
val,1920,1080,23,11,0.00012201003086419753
val,1920,1080,29,8,0.00011188271604938272
val,1920,1080,33,23,0.0003660300925925926
val,1920,1080,25,10,0.00012056327160493826
val,1920,1080,20,7,6.751543209876543e-05
val,1920,1080,36,13,0.00022569444444444443
val,1920,1080,26,9,0.00011284722222222222
val,1920,1080,27,10,0.00013020833333333333
val,1920,1080,19,7,6.413966049382716e-05
val,1920,1080,38,11,0.00020158179012345678
val,1920,1080,34,12,0.00019675925925925926
val,1920,1080,33,15,0.00023871527777777777
val,1920,1080,24,9,0.00010416666666666667
val,1920,1080,47,20,0.0004533179012345679
val,1920,1080,27,13,0.00016927083333333334
val,1920,1080,49,17,0.0004017168209876543
val,1920,1080,38,15,0.0002748842592592593
val,1920,1080,46,19,0.0004214891975308642
val,1920,1080,42,25,0.0005063657407407407
val,1920,1080,40,20,0.00038580246913580245
val,1920,1080,36,14,0.00024305555555555555
val,1920,1080,28,12,0.00016203703703703703
val,1920,1080,22,8,8.487654320987654e-05
val,1920,1080,31,17,0.0002541473765432099
val,1920,1080,72,41,0.0014236111111111112
val,1920,1080,68,37,0.0012133487654320987
val,1920,1080,50,30,0.0007233796296296296
val,1920,1080,33,17,0.00027054398148148147
val,1920,1080,29,13,0.0001818094135802469
val,1920,1080,54,33,0.000859375
val,1920,1080,54,29,0.0007552083333333333
val,1920,1080,34,16,0.0002623456790123457
val,1920,1080,48,33,0.0007638888888888889
val,1920,1080,26,20,0.0002507716049382716
val,1920,1080,63,39,0.0011848958333333334
val,1920,1080,25,19,0.0002290702160493827
val,1920,1080,28,20,0.0002700617283950617
val,1920,1080,41,20,0.00039544753086419754
val,1920,1080,42,23,0.0004658564814814815
val,1920,1080,59,31,0.0008820408950617284
val,1920,1080,18,11,9.548611111111112e-05
val,1920,1080,35,12,0.0002025462962962963
val,1920,1080,24,14,0.00016203703703703703
val,1920,1080,23,20,0.00022183641975308642
val,1920,1080,33,23,0.0003660300925925926
val,1920,1080,51,18,0.0004427083333333333
val,1920,1080,44,27,0.0005729166666666667
val,1920,1080,42,25,0.0005063657407407407
val,1920,1080,24,14,0.00016203703703703703
val,1920,1080,52,21,0.0005266203703703703
val,1920,1080,64,37,0.0011419753086419754
val,1920,1080,48,32,0.0007407407407407407
val,1920,1080,68,41,0.0013445216049382716
val,1920,1080,77,30,0.0011140046296296297
val,1920,1080,57,21,0.0005772569444444445
val,1920,1080,58,22,0.000615354938271605
val,1920,1080,34,30,0.0004918981481481481
val,1920,1080,25,15,0.0001808449074074074
val,1920,1080,51,29,0.0007132523148148148
val,1920,1080,82,40,0.0015817901234567902
val,1920,1080,59,25,0.0007113233024691358
val,1920,1080,59,29,0.0008251350308641975
val,1920,1080,51,11,0.00027054398148148147
val,1920,1080,99,43,0.002052951388888889
val,1920,1080,32,17,0.0002623456790123457
val,1920,1080,26,12,0.00015046296296296297
val,1920,1080,43,31,0.0006428433641975309
val,1920,1080,36,17,0.0002951388888888889
val,1920,1080,26,12,0.00015046296296296297
val,1920,1080,27,14,0.00018229166666666667
val,1920,1080,23,13,0.00014419367283950618
val,1920,1080,32,16,0.0002469135802469136
val,1920,1080,37,16,0.00028549382716049385
val,1920,1080,32,20,0.00030864197530864197
val,1920,1080,40,18,0.00034722222222222224
val,1920,1080,31,7,0.00010464891975308641
val,1920,1080,31,16,0.00023919753086419754
val,1920,1080,52,34,0.0008526234567901235
val,1920,1080,33,19,0.0003023726851851852
test,1280,720,68,61,0.004500868055555556
test,1280,720,62,60,0.004036458333333334
test,1280,720,289,109,0.03418077256944444
test,1280,720,114,42,0.0051953125
test,1280,720,23,19,0.00047417534722222224
test,1280,720,251,99,0.026962890625
test,1280,720,206,101,0.022575954861111112
test,1280,720,249,123,0.033232421875
test,1280,720,248,188,0.050590277777777776
test,1280,720,352,161,0.06149305555555556
test,1280,720,294,156,0.049765625
test,1280,720,262,179,0.05088758680555556
test,1280,720,334,322,0.11669704861111112
test,1280,720,242,132,0.03466145833333333
test,1280,720,57,36,0.0022265625
test,1280,720,165,83,0.014860026041666667
test,1280,720,209,149,0.03379014756944444
test,1280,720,54,34,0.0019921875
test,1280,720,130,96,0.013541666666666667
test,1280,720,93,73,0.007366536458333333
test,1280,720,31,34,0.0011436631944444445
test,1280,720,176,87,0.016614583333333332
test,1280,720,207,79,0.017744140625
test,1280,720,192,106,0.022083333333333333
test,1280,720,299,195,0.06326497395833333
test,1280,720,385,252,0.1052734375
test,1280,720,437,242,0.11475043402777778
test,1280,720,32,31,0.0010763888888888889
test,1280,720,210,119,0.027115885416666666
test,1280,720,110,62,0.007400173611111111
test,1280,720,133,52,0.007504340277777778
test,1280,720,66,28,0.0020052083333333332
test,1280,720,134,52,0.007560763888888889
test,1280,720,253,108,0.0296484375
test,1280,720,96,32,0.0033333333333333335
test,1280,720,76,25,0.0020616319444444445
test,1280,720,138,97,0.014524739583333333
test,1280,720,135,88,0.012890625
test,1280,720,24,12,0.0003125
test,1280,720,211,141,0.032281901041666665
test,1280,720,68,40,0.002951388888888889
test,1280,720,28,15,0.0004557291666666667
test,1280,720,65,34,0.0023980034722222224
test,1280,720,79,53,0.004543185763888889
test,1280,720,44,23,0.0010980902777777777
test,1280,720,47,28,0.001427951388888889
test,1280,720,551,178,0.10642144097222223
test,1280,720,707,244,0.18718315972222221
test,1280,720,144,56,0.00875
test,1280,720,195,89,0.018831380208333335
test,1280,720,70,69,0.005240885416666666
test,1280,720,240,223,0.05807291666666667
test,1280,720,142,77,0.011864149305555556
test,1280,720,333,129,0.046611328125
test,1280,720,166,61,0.010987413194444445
test,1280,720,48,36,0.001875
test,1280,720,301,134,0.04376519097222222
test,1280,720,171,131,0.024306640625
test,1280,720,27,13,0.000380859375
test,1280,720,23,12,0.00029947916666666664
test,1280,720,36,18,0.000703125
test,1280,720,74,32,0.0025694444444444445
test,1280,720,121,66,0.008665364583333333
test,1280,720,145,73,0.011485460069444444
test,1280,720,410,160,0.07118055555555555
test,1280,720,281,190,0.05793185763888889
test,1280,720,207,104,0.023359375
test,1280,720,346,96,0.036041666666666666
test,1280,720,499,236,0.12778211805555556
test,1280,720,389,201,0.08484049479166667
test,1280,720,257,110,0.030674913194444445
test,1280,720,143,40,0.006206597222222222
test,1280,720,231,111,0.027822265625
test,1280,720,88,31,0.0029600694444444444
test,1280,720,234,89,0.02259765625
test,1280,720,326,133,0.04704644097222222
test,1280,720,143,60,0.009309895833333333
test,1280,720,183,80,0.015885416666666666
test,1280,720,186,85,0.017154947916666666
test,1280,720,74,37,0.002970920138888889
test,1280,720,126,44,0.006015625
test,1280,720,98,41,0.0043598090277777776
test,1280,720,150,57,0.00927734375
test,1280,720,359,223,0.08686740451388889
test,1280,720,526,489,0.27909505208333335
test,1280,720,88,71,0.006779513888888889
test,1280,720,144,67,0.01046875
test,1280,720,51,30,0.00166015625
test,1280,720,63,57,0.003896484375
test,1280,720,166,88,0.015850694444444445
test,1280,720,310,176,0.05920138888888889
test,1280,720,115,76,0.009483506944444444
test,1280,720,320,167,0.05798611111111111
test,1280,720,277,180,0.0541015625
test,1280,720,196,122,0.025946180555555556
test,1280,720,105,67,0.0076334635416666664
test,1280,720,127,71,0.009784071180555555
test,1280,720,418,312,0.14151041666666667
test,1280,720,93,66,0.00666015625
test,1280,720,214,155,0.03599175347222222
test,1280,720,70,39,0.0029622395833333332
test,1280,720,133,67,0.009669053819444445
test,1280,720,256,101,0.028055555555555556
test,1280,720,185,102,0.020475260416666665
test,1280,720,64,50,0.003472222222222222
test,1280,720,145,49,0.007709418402777778
test,1280,720,148,63,0.0101171875
test,1280,720,119,46,0.005939670138888889
test,1280,720,249,83,0.022425130208333335
test,1280,720,205,101,0.022466362847222223
test,1280,720,76,30,0.0024739583333333332
test,1280,720,178,68,0.013133680555555555
test,1280,720,143,59,0.009154730902777778
test,1280,720,67,21,0.0015266927083333332
test,1280,720,127,41,0.0056499565972222224
test,1280,720,114,54,0.0066796875
test,1280,720,439,109,0.05192165798611111
test,1280,720,258,91,0.025475260416666666
test,1280,720,336,96,0.035
test,1280,720,399,118,0.05108723958333333
test,1280,720,106,92,0.010581597222222221
test,1280,720,87,62,0.005852864583333333
test,1280,720,150,132,0.021484375
test,1280,720,92,58,0.005789930555555556
test,1280,720,66,46,0.0032942708333333335
test,1280,720,97,58,0.006104600694444445
test,1280,720,157,54,0.00919921875
test,1280,720,175,89,0.016899956597222224
test,1280,720,130,59,0.008322482638888889
test,1280,720,409,207,0.091865234375
test,1280,720,259,74,0.020796440972222222
test,1280,720,419,223,0.10138563368055556
test,1280,720,246,95,0.025358072916666665
test,1280,720,169,128,0.02347222222222222
test,1280,720,82,82,0.007296006944444444
test,1280,720,106,75,0.008626302083333334
test,1280,720,110,61,0.007280815972222222
test,1280,720,90,81,0.00791015625
test,1280,720,184,135,0.026953125
test,1280,720,179,157,0.030493706597222222
test,1280,720,117,75,0.009521484375
test,1280,720,80,70,0.006076388888888889
test,1280,720,54,32,0.001875
test,1280,720,60,32,0.0020833333333333333
test,1280,720,670,309,0.22464192708333333
test,1280,720,842,302,0.2759157986111111
test,1280,720,277,81,0.024345703125
test,1280,720,194,93,0.019576822916666667
test,1280,720,226,140,0.034331597222222225
test,1280,720,109,63,0.007451171875
test,1280,720,84,43,0.003919270833333334
test,1280,720,119,72,0.009296875
test,1280,720,193,112,0.02345486111111111
test,1280,720,469,367,0.1867654079861111
test,1280,720,682,230,0.17020399305555556
test,1280,720,326,251,0.0887868923611111
test,1280,720,137,75,0.011149088541666666
test,1280,720,178,91,0.01757595486111111
test,1280,720,161,107,0.018692491319444445
test,1280,720,125,86,0.011664496527777778
test,1280,720,138,111,0.01662109375
test,1280,720,164,114,0.020286458333333333
test,1280,720,150,87,0.01416015625
test,1280,720,249,140,0.037825520833333334
test,1280,720,657,328,0.233828125
test,1280,720,591,266,0.17057942708333335
test,1280,720,99,55,0.005908203125
test,1280,720,48,25,0.0013020833333333333
test,1280,720,75,48,0.00390625
test,1280,720,255,177,0.048974609375
test,1280,720,232,204,0.051354166666666666
test,1280,720,262,144,0.0409375
test,1280,720,335,217,0.07887912326388889
test,1280,720,136,89,0.013133680555555555
test,1280,720,81,46,0.00404296875
test,1280,720,177,137,0.02631184895833333
test,1280,720,172,167,0.031167534722222223
test,1280,720,323,293,0.10268988715277778
test,1280,720,418,360,0.16328125
test,1280,720,87,76,0.007174479166666667
test,1280,720,28,18,0.000546875
test,1280,720,46,26,0.0012977430555555555
test,1280,720,58,27,0.00169921875
test,1280,720,474,209,0.10749348958333334
test,1280,720,84,78,0.007109375
test,1280,720,85,75,0.006917317708333333
test,1280,720,68,46,0.0033940972222222224
test,1280,720,201,69,0.015048828125
test,1280,720,377,84,0.03436197916666667
test,1280,720,194,137,0.028838975694444446
test,1280,720,138,45,0.00673828125
test,1280,720,83,43,0.003872612847222222
test,1280,720,290,200,0.06293402777777778
test,1280,720,184,100,0.019965277777777776
test,1280,720,212,106,0.024383680555555554
test,1280,720,270,66,0.0193359375
test,1280,720,230,204,0.05091145833333333
test,1280,720,270,136,0.03984375
test,1280,720,267,166,0.04809244791666667
test,1280,720,83,31,0.0027918836805555557
test,1280,720,152,53,0.008741319444444444
test,1280,720,94,39,0.003977864583333333
test,1280,720,200,111,0.024088541666666668
test,1280,720,116,52,0.0065451388888888885
test,1280,720,59,32,0.0020486111111111113
test,1280,720,100,49,0.005316840277777778
test,1280,720,221,134,0.03213324652777778
test,1280,720,81,52,0.0045703125
test,1280,720,98,55,0.005848524305555556
test,1280,720,266,111,0.032037760416666665
test,1280,720,338,132,0.04841145833333333
test,1280,720,240,113,0.029427083333333333
test,1280,720,335,168,0.06106770833333333
test,640,360,249,172,0.18588541666666666
test,640,360,41,22,0.003914930555555555
test,1280,720,139,86,0.012970920138888889
test,1280,720,181,92,0.01806857638888889
test,1280,720,178,91,0.01757595486111111
test,1280,720,284,162,0.049921875
test,1280,720,111,71,0.008551432291666666
test,1280,720,71,48,0.0036979166666666666
test,1280,720,40,26,0.0011284722222222221
test,1280,720,219,123,0.029228515625
test,1280,720,196,127,0.02700954861111111
test,1280,720,104,104,0.01173611111111111
test,1280,720,267,119,0.034475911458333335
test,1280,720,55,40,0.002387152777777778
test,1280,720,134,64,0.009305555555555555
test,1280,720,44,39,0.0018619791666666667
test,1280,720,65,47,0.0033148871527777777
test,1280,720,48,35,0.0018229166666666667
test,1280,720,56,47,0.002855902777777778
test,1280,720,58,52,0.0032725694444444443
test,1280,720,26,22,0.0006206597222222222
test,1280,720,193,125,0.026177300347222224
test,1280,720,61,38,0.002515190972222222
test,1280,720,252,168,0.0459375
test,1280,720,75,46,0.0037434895833333335
test,1280,720,677,141,0.10357747395833333
test,1280,720,498,224,0.12104166666666667
test,1280,720,347,97,0.03652235243055556
test,1280,720,376,127,0.05181423611111111
test,1280,720,430,231,0.10777994791666666
test,1280,720,99,42,0.00451171875
test,1280,720,155,100,0.016818576388888888
test,1280,720,104,74,0.008350694444444445
test,1280,720,125,60,0.008138020833333334
test,1280,720,105,73,0.008317057291666667
test,1280,720,128,58,0.008055555555555555
test,1280,720,171,83,0.015400390625
test,1280,720,256,135,0.0375
test,1280,720,183,68,0.013502604166666666
test,1280,720,152,77,0.012699652777777778
test,1280,720,162,96,0.016875
test,1280,720,150,79,0.012858072916666666
test,1280,720,51,22,0.0012174479166666666
test,1280,720,112,99,0.01203125
test,1280,720,44,31,0.0014800347222222222
test,1280,720,117,60,0.0076171875
test,1280,720,68,26,0.0019184027777777778
test,960,720,82,52,0.006168981481481482
test,960,720,49,58,0.0041116898148148145
test,960,720,120,81,0.0140625
test,960,720,110,77,0.012254050925925925
test,1280,720,200,113,0.024522569444444444
test,1280,720,91,61,0.006023220486111111
test,1280,720,60,38,0.0024739583333333332
test,1280,720,76,27,0.0022265625
test,1280,720,254,121,0.03334852430555556
test,1280,720,106,27,0.00310546875
test,1280,720,145,61,0.00959743923611111
test,1280,720,184,69,0.013776041666666667
test,1280,720,41,20,0.0008897569444444444
test,1280,720,97,52,0.005473090277777778
test,1280,720,45,26,0.00126953125
test,1280,720,25,17,0.0004611545138888889
test,1280,720,100,65,0.007052951388888889
test,1280,720,126,60,0.008203125
test,1280,720,22,12,0.00028645833333333333
test,1280,720,49,45,0.002392578125
test,1280,720,193,107,0.02240776909722222
test,1280,720,98,40,0.004253472222222222
test,1280,720,74,47,0.003773871527777778
test,1280,720,194,101,0.021260850694444444
test,1280,720,102,49,0.005423177083333334
test,1280,720,80,43,0.003732638888888889
test,1280,720,166,98,0.017651909722222223
test,1280,720,809,183,0.16064127604166667
test,1280,720,568,253,0.15592881944444445
test,1280,720,461,152,0.07603298611111112
test,1280,720,630,263,0.17978515625
test,1280,720,468,397,0.2016015625
test,1280,720,123,94,0.012545572916666666
test,1280,720,218,102,0.024127604166666667
test,1280,720,230,126,0.0314453125
test,1280,720,253,141,0.03870768229166666
test,1280,720,47,37,0.001886935763888889
test,1280,720,35,26,0.0009874131944444444
test,1280,720,29,23,0.0007237413194444445
test,1280,720,104,82,0.009253472222222222
test,1280,720,90,74,0.0072265625
test,1280,720,102,69,0.00763671875
test,1280,720,115,90,0.01123046875
test,1280,720,300,160,0.052083333333333336
test,1280,720,132,59,0.008450520833333334
test,1280,720,154,104,0.017378472222222222
test,1280,720,289,156,0.048919270833333334
test,1280,720,400,232,0.10069444444444445
test,1280,720,156,42,0.007109375
test,1280,720,135,76,0.0111328125
test,1280,720,62,31,0.002085503472222222
test,1280,720,652,283,0.2002126736111111
test,1280,720,395,161,0.06900499131944444
test,1280,720,490,229,0.12175564236111111
test,1280,720,445,145,0.07001410590277778
test,1280,720,348,157,0.059283854166666664
test,1280,720,414,200,0.08984375
test,1280,720,361,117,0.045830078125
test,1280,720,600,266,0.17317708333333334
test,1280,720,514,320,0.17847222222222223
test,1280,720,266,158,0.045603298611111114
test,1280,720,648,288,0.2025
test,1280,720,219,121,0.02875325520833333
test,1280,720,258,111,0.03107421875
test,1280,720,311,142,0.04791883680555555
test,1280,720,315,148,0.0505859375
test,1280,720,336,116,0.042291666666666665
test,1280,720,282,110,0.03365885416666667
test,1280,720,193,84,0.017591145833333332
test,1280,720,286,123,0.038170572916666666
test,1280,720,193,60,0.012565104166666667
test,1280,720,83,60,0.005403645833333333
test,1280,720,334,207,0.07501953125
test,1280,720,172,155,0.02892795138888889
test,1280,720,54,46,0.0026953125
test,1280,720,61,41,0.0027137586805555556
test,1280,720,95,49,0.005050998263888889
test,1280,720,329,157,0.05604709201388889
test,1280,720,163,136,0.024053819444444444
test,1280,720,244,134,0.03547743055555556
test,1280,720,262,184,0.05230902777777778
test,1280,720,301,164,0.05356336805555555
test,1280,720,171,73,0.013544921875
test,1280,720,131,120,0.017057291666666665
test,1280,720,63,61,0.004169921875
test,1280,720,101,30,0.0032877604166666667
test,1280,720,95,52,0.005360243055555556
test,1280,720,112,98,0.011909722222222223
test,1280,720,31,22,0.0007400173611111111
test,1280,720,38,24,0.0009895833333333334
test,1280,720,92,53,0.005290798611111111
test,1280,720,41,34,0.0015125868055555556
test,1280,720,46,30,0.0014973958333333334
test,1280,720,37,30,0.0012044270833333334
test,1280,720,114,69,0.00853515625
test,1280,720,166,92,0.016571180555555554
test,1280,720,225,126,0.03076171875
test,1280,720,232,130,0.032725694444444446
test,1280,720,253,127,0.034864366319444444
test,1280,720,251,134,0.036495225694444446
test,1280,720,234,133,0.03376953125
test,1280,720,45,30,0.00146484375
test,1280,720,79,71,0.006086154513888889
test,1280,720,92,29,0.002894965277777778
test,1280,720,69,37,0.0027701822916666665
test,1280,720,68,55,0.0040581597222222225
test,1280,720,165,101,0.018082682291666666
test,1280,720,135,137,0.020068359375
test,1280,720,153,86,0.01427734375
test,1280,720,111,84,0.0101171875
test,1280,720,152,102,0.016822916666666667
test,1280,720,107,82,0.009520399305555555
test,1280,720,135,97,0.014208984375
test,1280,720,89,80,0.007725694444444445
test,1280,720,60,58,0.0037760416666666667
test,1280,720,100,181,0.019639756944444444
test,1280,720,133,81,0.011689453125
test,1280,720,44,36,0.00171875
test,1280,720,46,40,0.0019965277777777776
test,1280,720,81,63,0.005537109375
test,1280,720,121,119,0.015623914930555555
test,1280,720,114,112,0.013854166666666667
test,1280,720,104,71,0.008012152777777778
test,1280,720,184,147,0.029348958333333335
test,1280,720,199,229,0.04944769965277778
test,1280,720,129,98,0.013717447916666667
test,1280,720,270,191,0.05595703125
test,1280,720,273,207,0.061318359375
test,1280,720,222,178,0.042877604166666666
test,1280,720,140,46,0.0069878472222222225
test,1280,720,310,120,0.040364583333333336
test,1280,720,118,67,0.008578559027777778
test,1280,720,131,57,0.008102213541666667
test,1280,720,155,144,0.02421875
test,1280,720,253,181,0.049688585069444444
test,1280,720,135,58,0.00849609375
test,1280,720,274,154,0.04578559027777778
test,1440,1080,63,32,0.0012962962962962963
test,1920,1080,170,68,0.005574845679012346
test,1920,1080,144,62,0.0043055555555555555
test,1920,1080,106,45,0.0023003472222222223
test,1920,1080,210,105,0.010633680555555556
test,1920,1080,251,112,0.013557098765432098
test,1920,1080,182,84,0.007372685185185185
test,1920,1080,147,58,0.0041116898148148145
test,1920,1080,123,57,0.0033810763888888888
test,1920,1080,40,23,0.00044367283950617285
test,1920,1080,55,24,0.0006365740740740741
test,1920,1080,48,21,0.0004861111111111111
test,1920,1080,93,51,0.002287326388888889
test,1920,1080,56,18,0.0004861111111111111
test,1920,1080,95,39,0.0017867476851851853
test,1920,1080,59,23,0.0006544174382716049
test,1920,1080,46,17,0.0003771219135802469
test,1920,1080,39,18,0.0003385416666666667
test,1920,1080,40,15,0.00028935185185185184
test,1920,1080,56,24,0.0006481481481481481
test,1920,1080,58,28,0.000783179012345679
test,1920,1080,62,27,0.0008072916666666667
test,1920,1080,62,30,0.0008969907407407407
test,1920,1080,61,34,0.0010001929012345679
test,1920,1080,95,47,0.0021532600308641976
test,1920,1080,81,38,0.001484375
test,1920,1080,55,27,0.0007161458333333333
test,1920,1080,67,32,0.0010339506172839506
test,1920,1080,83,36,0.0014409722222222222
test,1920,1080,156,68,0.005115740740740741
test,1920,1080,244,99,0.011649305555555555
test,1920,1080,98,41,0.0019376929012345679
test,1920,1080,117,48,0.0027083333333333334
test,1920,1080,108,42,0.0021875
test,1920,1080,68,25,0.0008198302469135802
test,1920,1080,68,29,0.000951003086419753
test,1920,1080,75,34,0.0012297453703703704
test,1920,1080,90,42,0.0018229166666666667
test,1920,1080,136,49,0.0032137345679012345
test,1920,1080,114,49,0.0026938657407407406
test,1920,1080,118,53,0.003016010802469136
test,1920,1080,124,58,0.0034683641975308643
test,1920,1080,68,24,0.000787037037037037
test,1920,1080,42,16,0.00032407407407407406
test,1920,1080,52,31,0.000777391975308642
test,1920,1080,71,33,0.0011299189814814815
test,1920,1080,56,23,0.000621141975308642
test,1920,1080,117,52,0.0029340277777777776
test,1920,1080,81,38,0.001484375
test,1920,1080,43,19,0.0003940007716049383
test,1920,1080,40,20,0.00038580246913580245
test,1920,1080,57,30,0.0008246527777777778
test,1920,1080,66,28,0.0008912037037037037
test,1920,1080,64,29,0.0008950617283950618
test,1920,1080,42,19,0.00038483796296296297
test,1920,1080,66,33,0.0010503472222222223
test,1920,1080,57,28,0.0007696759259259259
test,1920,1080,71,35,0.0011983989197530865
test,1920,1080,104,44,0.00220679012345679
test,1920,1080,22,12,0.0001273148148148148
test,1920,1080,81,30,0.001171875
test,1920,1080,58,22,0.000615354938271605
test,1920,1080,88,39,0.0016550925925925926
test,1920,1080,89,34,0.001459297839506173
test,1920,1080,37,16,0.00028549382716049385
test,1920,1080,53,20,0.0005111882716049383
test,1920,1080,52,21,0.0005266203703703703
test,1920,1080,67,28,0.0009047067901234568
test,1920,1080,73,28,0.0009857253086419753
test,1920,1080,193,71,0.006608314043209876
test,1920,1080,41,26,0.0005140817901234568
test,1920,1080,37,16,0.00028549382716049385
test,1920,1080,54,25,0.0006510416666666666
test,1920,1080,52,35,0.0008777006172839507
test,1920,1080,66,39,0.0012413194444444444
test,1920,1080,43,25,0.0005184220679012346
test,1920,1080,69,29,0.0009649884259259259
test,1920,1080,76,32,0.0011728395061728395
test,1920,1080,53,27,0.0006901041666666667
test,1920,1080,67,35,0.001130883487654321
test,1920,1080,87,48,0.002013888888888889
test,1920,1080,97,47,0.0021985918209876543
test,1920,1080,31,11,0.0001644483024691358
test,1920,1080,30,12,0.00017361111111111112
test,1920,1080,36,14,0.00024305555555555555
test,1920,1080,42,16,0.00032407407407407406
test,1920,1080,28,15,0.0002025462962962963
test,1920,1080,31,11,0.0001644483024691358
test,1920,1080,36,14,0.00024305555555555555
test,1920,1080,24,14,0.00016203703703703703
test,1920,1080,32,18,0.0002777777777777778
test,1920,1080,53,30,0.0007667824074074074
test,1920,1080,31,14,0.00020929783950617283
test,1920,1080,19,12,0.0001099537037037037
test,1920,1080,25,16,0.00019290123456790122
test,1920,1080,14,6,4.050925925925926e-05
test,1920,1080,20,11,0.00010609567901234568
test,1920,1080,22,14,0.00014853395061728396
test,1920,1080,43,34,0.000705054012345679
test,1920,1080,24,14,0.00016203703703703703
test,1920,1080,26,16,0.00020061728395061727
test,1920,1080,20,9,8.680555555555556e-05
test,1920,1080,19,14,0.0001282793209876543
test,1920,1080,47,18,0.00040798611111111114
test,1920,1080,24,18,0.00020833333333333335
test,1920,1080,31,18,0.0002690972222222222
test,1920,1080,57,19,0.0005222800925925926
test,1920,1080,46,21,0.0004658564814814815
test,1920,1080,46,20,0.00044367283950617285
test,1920,1080,48,20,0.000462962962962963
test,1920,1080,25,10,0.00012056327160493826
test,1920,1080,13,7,4.3885030864197534e-05
test,1920,1080,12,7,4.050925925925926e-05
test,1920,1080,26,11,0.00013792438271604938
test,1920,1080,23,9,9.98263888888889e-05
test,1920,1080,27,16,0.00020833333333333335
test,1920,1080,27,15,0.0001953125
test,1920,1080,30,19,0.0002748842592592593
test,1920,1080,35,14,0.000236304012345679
test,1920,1080,30,15,0.00021701388888888888
test,1920,1080,22,14,0.00014853395061728396
test,1920,1080,36,16,0.0002777777777777778
test,1920,1080,64,27,0.0008333333333333334
test,1920,1080,94,48,0.0021759259259259258
test,1920,1080,65,29,0.0009090470679012346
test,1920,1080,62,25,0.0007474922839506172
test,1920,1080,22,12,0.0001273148148148148
test,1920,1080,30,15,0.00021701388888888888
test,1920,1080,29,14,0.00019579475308641975
test,1920,1080,29,17,0.00023775077160493826
test,1920,1080,49,23,0.0005434992283950617
test,1920,1080,52,22,0.0005516975308641975
test,1920,1080,60,31,0.0008969907407407407
test,1920,1080,15,8,5.787037037037037e-05
test,1920,1080,29,19,0.00026572145061728395
test,1920,1080,38,24,0.0004398148148148148
test,1920,1080,52,22,0.0005516975308641975
test,1920,1080,48,20,0.000462962962962963
test,1920,1080,51,22,0.0005410879629629629
test,1920,1080,43,18,0.0003732638888888889
test,1920,1080,52,21,0.0005266203703703703
test,1920,1080,29,15,0.0002097800925925926
test,1920,1080,30,16,0.0002314814814814815
test,1920,1080,31,24,0.0003587962962962963
test,1920,1080,35,22,0.0003713348765432099
test,1920,1080,46,22,0.0004880401234567901
test,1920,1080,73,36,0.001267361111111111
test,1920,1080,73,38,0.001337770061728395
test,1920,1080,40,19,0.00036651234567901237
test,1920,1080,37,22,0.000392554012345679
test,1920,1080,29,15,0.0002097800925925926
test,1920,1080,43,22,0.00045621141975308644
test,1920,1080,56,35,0.000945216049382716
test,1920,1080,45,28,0.0006076388888888889
test,1920,1080,50,20,0.00048225308641975306
test,1920,1080,45,20,0.00043402777777777775
test,1920,1080,39,26,0.0004890046296296296
test,1920,1080,39,27,0.0005078125
test,1920,1080,133,55,0.003527681327160494
test,1920,1080,45,21,0.0004557291666666667
test,1920,1080,41,15,0.00029658564814814814
test,1920,1080,58,31,0.0008670910493827161
test,1920,1080,42,23,0.0004658564814814815
test,1920,1080,46,21,0.0004658564814814815
test,1920,1080,58,20,0.0005594135802469136
test,1920,1080,57,18,0.0004947916666666667
test,1920,1080,52,18,0.00045138888888888887
test,1920,1080,128,57,0.0035185185185185185
test,1920,1080,119,69,0.003959780092592593
test,1920,1080,50,25,0.0006028163580246913
test,1920,1080,47,25,0.0005666473765432099
test,1920,1080,32,21,0.00032407407407407406
test,1920,1080,35,18,0.00030381944444444445
test,1920,1080,25,13,0.00015673225308641974
test,1920,1080,35,15,0.00025318287037037036
test,1920,1080,40,21,0.0004050925925925926
test,1920,1080,34,16,0.0002623456790123457
test,1920,1080,33,15,0.00023871527777777777
test,1920,1080,113,62,0.0033786651234567902
test,1920,1080,35,18,0.00030381944444444445
test,1920,1080,42,34,0.0006886574074074074
test,1920,1080,51,22,0.0005410879629629629
test,1920,1080,43,22,0.00045621141975308644
test,1920,1080,32,21,0.00032407407407407406
test,1920,1080,36,21,0.00036458333333333335
test,1920,1080,44,42,0.0008912037037037037
test,1920,1080,39,18,0.0003385416666666667
test,1920,1080,44,28,0.0005941358024691358
test,1920,1080,32,26,0.00040123456790123454
test,1920,1080,37,23,0.00041039737654320987
test,1920,1080,36,25,0.00043402777777777775
test,1920,1080,40,24,0.000462962962962963
test,1920,1080,75,45,0.0016276041666666667
test,1920,1080,110,63,0.0033420138888888887
test,1920,1080,102,47,0.0023119212962962963
test,1920,1080,64,30,0.000925925925925926
test,1920,1080,39,24,0.00045138888888888887
test,1920,1080,34,17,0.00027874228395061726
test,1920,1080,58,38,0.0010628858024691358
test,1920,1080,50,21,0.0005063657407407407
test,1920,1080,56,26,0.0007021604938271605
test,1920,1080,43,36,0.0007465277777777778
test,1920,1080,54,35,0.0009114583333333333
test,1920,1080,30,14,0.0002025462962962963
test,1920,1080,37,16,0.00028549382716049385
test,1920,1080,40,17,0.0003279320987654321
test,1920,1080,38,21,0.00038483796296296297
test,1920,1080,30,21,0.00030381944444444445
test,1920,1080,35,16,0.0002700617283950617
test,1920,1080,35,14,0.000236304012345679
test,1920,1080,47,29,0.0006573109567901235
test,1920,1080,41,22,0.0004349922839506173
test,1920,1080,27,15,0.0001953125
test,1920,1080,18,15,0.00013020833333333333
test,1920,1080,52,30,0.0007523148148148148
test,1920,1080,44,21,0.00044560185185185187
test,1920,1080,42,24,0.0004861111111111111
test,1920,1080,78,39,0.0014670138888888888
test,1920,1080,31,23,0.00034384645061728397
test,1920,1080,33,15,0.00023871527777777777
test,1920,1080,19,10,9.162808641975309e-05
test,1920,1080,51,24,0.0005902777777777778
test,1920,1080,39,37,0.0006958912037037037
test,1920,1080,41,20,0.00039544753086419754
test,1920,1080,50,28,0.0006751543209876543
test,1920,1080,49,43,0.0010161072530864197
test,1920,1080,29,20,0.0002797067901234568
test,1920,1080,34,19,0.00031153549382716047
test,696,643,73,66,0.010765806832198209
test,696,643,109,86,0.02094617543483313
test,696,643,159,150,0.0532927548667346
test,1920,1080,25,14,0.00016878858024691357
test,1920,1080,24,19,0.0002199074074074074
test,1920,1080,24,18,0.00020833333333333335
test,1920,1080,22,18,0.00019097222222222223
test,1920,1080,28,15,0.0002025462962962963
test,1920,1080,39,26,0.0004890046296296296
test,1920,1080,33,14,0.00022280092592592593
test,1920,1080,35,17,0.0002869405864197531
test,1920,1080,21,15,0.00015190972222222222
test,1920,1080,35,26,0.00043885030864197533
test,1920,1080,39,16,0.00030092592592592595
test,1920,1080,24,18,0.00020833333333333335
test,1920,1080,35,24,0.0004050925925925926
test,1920,1080,45,26,0.0005642361111111111
test,1920,1080,21,13,0.00013165509259259258
test,1920,1080,21,15,0.00015190972222222222
test,1920,1080,17,13,0.00010657793209876543
test,1920,1080,46,19,0.0004214891975308642
test,1920,1080,24,19,0.0002199074074074074
test,1920,1080,14,13,8.777006172839507e-05
test,1920,1080,19,14,0.0001282793209876543
test,1920,1080,29,12,0.00016782407407407406
test,1920,1080,22,14,0.00014853395061728396
test,1920,1080,21,13,0.00013165509259259258
test,1920,1080,30,17,0.00024594907407407405
test,1920,1080,34,20,0.0003279320987654321
test,1920,1080,45,19,0.0004123263888888889
test,1920,1080,43,18,0.0003732638888888889
test,1920,1080,51,28,0.0006886574074074074
test,1920,1080,43,21,0.00043547453703703706
test,1920,1080,95,46,0.002107445987654321
test,1920,1080,79,52,0.0019810956790123455
test,1920,1080,49,36,0.0008506944444444444
test,1920,1080,29,23,0.00032166280864197533
test,1920,1080,42,28,0.0005671296296296297
test,1920,1080,46,22,0.0004880401234567901
test,1920,1080,48,22,0.0005092592592592592
test,1920,1080,46,27,0.0005989583333333333
test,1920,1080,30,26,0.0003761574074074074
test,1920,1080,21,16,0.00016203703703703703
test,1920,1080,38,19,0.0003481867283950617
test,1920,1080,31,15,0.00022424768518518518
test,1920,1080,27,18,0.000234375
test,1920,1080,40,21,0.0004050925925925926
test,1920,1080,33,20,0.00031828703703703706
test,1920,1080,28,21,0.00028356481481481483
test,1920,1080,45,33,0.0007161458333333333
test,1920,1080,63,28,0.0008506944444444444
test,1920,1080,43,24,0.0004976851851851852
test,1920,1080,41,22,0.0004349922839506173
test,1920,1080,22,11,0.00011670524691358024
test,1920,1080,37,15,0.00026765046296296297
test,1920,1080,37,18,0.00032118055555555556
test,1920,1080,50,19,0.0004581404320987654
test,1920,1080,32,18,0.0002777777777777778
test,1920,1080,23,18,0.0001996527777777778
test,1920,1080,33,22,0.00035011574074074074
test,1920,1080,28,19,0.0002565586419753086
test,1920,1080,39,28,0.0005266203703703703
test,1920,1080,70,52,0.0017554012345679013
test,1920,1080,55,29,0.0007691936728395062
test,1920,1080,160,89,0.006867283950617284
test,1920,1080,96,34,0.001574074074074074
test,1920,1080,53,50,0.0012779706790123457
test,1920,1080,50,33,0.0007957175925925925
test,1920,1080,55,47,0.0012466242283950618
test,1920,1080,54,35,0.0009114583333333333
test,1920,1080,62,46,0.0013753858024691359
test,1920,1080,65,43,0.0013478973765432098
test,1920,1080,70,57,0.0019241898148148148
test,1920,1080,41,28,0.0005536265432098766
test,1920,1080,47,33,0.000747974537037037
test,1920,1080,42,27,0.000546875
test,1920,1080,37,25,0.0004460841049382716
test,1920,1080,56,47,0.00126929012345679
test,1920,1080,57,55,0.0015118634259259258
test,1920,1080,57,34,0.0009346064814814815
test,1920,1080,40,34,0.0006558641975308642
test,1920,1080,46,28,0.000621141975308642
test,1920,1080,48,27,0.000625
test,1920,1080,29,18,0.0002517361111111111
test,1920,1080,23,18,0.0001996527777777778
test,1920,1080,35,25,0.00042197145061728393
test,1920,1080,28,17,0.00022955246913580247
test,1920,1080,24,21,0.00024305555555555555
test,1920,1080,20,14,0.00013503086419753085
test,1920,1080,30,25,0.0003616898148148148
test,1920,1080,34,21,0.0003443287037037037
test,1920,1080,30,24,0.00034722222222222224
test,1920,1080,24,15,0.00017361111111111112
test,1920,1080,30,26,0.0003761574074074074
test,1920,1080,56,35,0.000945216049382716
test,1920,1080,56,53,0.0014313271604938272
test,1920,1080,44,37,0.000785108024691358
test,1920,1080,30,27,0.000390625
test,1920,1080,35,23,0.00038821373456790123
test,1920,1080,35,29,0.0004894868827160494
test,1920,1080,36,29,0.0005034722222222222
test,1920,1080,27,19,0.00024739583333333335
test,1920,1080,43,35,0.0007257908950617284
test,1920,1080,45,38,0.0008246527777777778
test,1920,1080,27,27,0.0003515625
test,1920,1080,21,15,0.00015190972222222222
test,1920,1080,19,16,0.00014660493827160494
test,1920,1080,40,32,0.0006172839506172839
test,1920,1080,26,21,0.00026331018518518516
test,1920,1080,25,21,0.00025318287037037036
test,1920,1080,25,17,0.00020495756172839505
test,1920,1080,22,14,0.00014853395061728396
test,1920,1080,22,17,0.00018036265432098766
test,1920,1080,27,9,0.0001171875
test,1920,1080,28,18,0.00024305555555555555
test,1920,1080,22,17,0.00018036265432098766
test,1920,1080,48,33,0.0007638888888888889
test,1920,1080,49,38,0.0008979552469135803
test,1920,1080,53,20,0.0005111882716049383
test,1920,1080,50,22,0.0005304783950617284
test,1920,1080,43,19,0.0003940007716049383
test,1920,1080,67,36,0.0011631944444444443
test,1920,1080,25,22,0.0002652391975308642
test,1920,1080,22,17,0.00018036265432098766
test,1920,1080,28,27,0.00036458333333333335
test,1920,1080,43,39,0.000808738425925926
test,1920,1080,38,30,0.0005497685185185186
test,1920,1080,34,28,0.00045910493827160494
test,1920,1080,41,29,0.0005733989197530864
test,1920,1080,38,34,0.0006230709876543209
test,1920,1080,39,32,0.0006018518518518519
test,1920,1080,44,26,0.0005516975308641975
test,1920,1080,65,34,0.0010657793209876544
test,1920,1080,49,36,0.0008506944444444444
test,1920,1080,42,24,0.0004861111111111111
test,1920,1080,33,23,0.0003660300925925926
test,1920,1080,41,37,0.0007315779320987654
test,1920,1080,39,26,0.0004890046296296296
test,1920,1080,37,19,0.00033902391975308645
test,1920,1080,62,38,0.0011361882716049382
test,1920,1080,36,24,0.0004166666666666667
test,1920,1080,28,17,0.00022955246913580247
test,1920,1080,54,33,0.000859375
test,1920,1080,38,27,0.0004947916666666667
test,1920,1080,29,21,0.00029369212962962964
test,1920,1080,28,24,0.00032407407407407406
test,1920,1080,38,18,0.0003298611111111111
test,1920,1080,29,25,0.00034963348765432097
test,1920,1080,27,17,0.00022135416666666666
test,1920,1080,35,27,0.0004557291666666667
test,1920,1080,72,33,0.0011458333333333333
test,1920,1080,52,33,0.0008275462962962963
test,1920,1080,133,53,0.0033994020061728393
test,1920,1080,95,49,0.002244888117283951
test,1920,1080,131,59,0.0037273341049382717
test,1920,1080,42,18,0.00036458333333333335
test,1920,1080,18,13,0.00011284722222222222
test,1920,1080,26,15,0.0001880787037037037
test,1920,1080,19,12,0.0001099537037037037
test,1920,1080,21,13,0.00013165509259259258
test,1920,1080,25,20,0.00024112654320987653
test,1920,1080,58,42,0.0011747685185185186
test,1920,1080,46,28,0.000621141975308642
test,1920,1080,36,29,0.0005034722222222222
test,1920,1080,35,22,0.0003713348765432099
test,1920,1080,37,22,0.000392554012345679
test,1920,1080,33,27,0.0004296875
test,1920,1080,32,18,0.0002777777777777778
test,1920,1080,30,23,0.0003327546296296296
test,1920,1080,38,17,0.00031153549382716047
test,1920,1080,32,16,0.0002469135802469136
test,1920,1080,26,19,0.00023823302469135803
test,1920,1080,42,27,0.000546875
test,1920,1080,39,18,0.0003385416666666667
test,1920,1080,38,19,0.0003481867283950617
test,1920,1080,39,21,0.0003949652777777778
test,1920,1080,48,27,0.000625
test,1920,1080,34,19,0.00031153549382716047
test,1920,1080,36,19,0.0003298611111111111
test,1920,1080,24,18,0.00020833333333333335
test,1920,1080,37,23,0.00041039737654320987
test,1920,1080,34,19,0.00031153549382716047
test,1920,1080,41,19,0.00037567515432098764
test,1920,1080,38,19,0.0003481867283950617
test,1920,1080,38,16,0.0002932098765432099
test,1920,1080,39,20,0.0003761574074074074
test,1920,1080,33,23,0.0003660300925925926
test,1920,1080,39,19,0.00035734953703703704
test,1920,1080,50,32,0.0007716049382716049
test,1920,1080,40,24,0.000462962962962963
test,1920,1080,37,24,0.00042824074074074075
test,1920,1080,39,20,0.0003761574074074074
test,1920,1080,35,21,0.00035445601851851854
test,1920,1080,132,65,0.004137731481481482
test,1920,1080,58,29,0.0008111496913580247
test,1920,1080,32,21,0.00032407407407407406
test,1920,1080,25,15,0.0001808449074074074
test,1920,1080,30,15,0.00021701388888888888
test,1920,1080,45,26,0.0005642361111111111
test,1920,1080,33,18,0.00028645833333333333
test,1920,1080,41,25,0.0004943094135802469
test,1920,1080,27,15,0.0001953125
test,1920,1080,48,26,0.0006018518518518519
test,1920,1080,38,18,0.0003298611111111111
test,1920,1080,43,23,0.0004769483024691358
test,1920,1080,38,20,0.00036651234567901237
test,1920,1080,30,13,0.0001880787037037037
test,1920,1080,22,11,0.00011670524691358024
test,1920,1080,27,14,0.00018229166666666667
test,1920,1080,32,22,0.00033950617283950616
test,1920,1080,26,15,0.0001880787037037037
test,1920,1080,32,17,0.0002623456790123457
test,1920,1080,32,12,0.00018518518518518518
test,1920,1080,43,26,0.000539158950617284
test,1920,1080,33,21,0.00033420138888888887
test,1920,1080,25,13,0.00015673225308641974
test,1920,1080,25,17,0.00020495756172839505
test,1920,1080,32,25,0.00038580246913580245
test,1920,1080,56,26,0.0007021604938271605
test,1920,1080,46,19,0.0004214891975308642
test,1920,1080,22,12,0.0001273148148148148
test,1920,1080,29,16,0.00022376543209876544
test,1920,1080,40,20,0.00038580246913580245
test,1920,1080,61,37,0.0010884452160493828
test,1920,1080,53,22,0.0005623070987654321
test,1920,1080,61,19,0.0005589313271604938
test,1920,1080,116,54,0.0030208333333333333
test,1920,1080,35,13,0.00021942515432098766
test,1920,1080,19,8,7.330246913580247e-05
test,1920,1080,21,11,0.00011140046296296297
test,1920,1080,29,18,0.0002517361111111111
test,1920,1080,17,9,7.378472222222222e-05
test,1920,1080,26,16,0.00020061728395061727
test,1920,1080,13,5,3.134645061728395e-05
test,1920,1080,17,11,9.018132716049383e-05
test,1920,1080,17,8,6.558641975308642e-05
test,1920,1080,21,10,0.00010127314814814815
test,1920,1080,30,18,0.00026041666666666666
test,1920,1080,35,19,0.0003206983024691358
test,1920,1080,25,12,0.00014467592592592592
test,1920,1080,45,27,0.0005859375
test,1920,1080,71,25,0.0008559992283950617
test,1920,1080,26,9,0.00011284722222222222
test,1920,1080,45,25,0.0005425347222222222
test,1920,1080,45,27,0.0005859375
test,1920,1080,37,17,0.0003033371913580247
test,1920,1080,61,37,0.0010884452160493828
test,1920,1080,39,18,0.0003385416666666667
test,1920,1080,23,14,0.0001552854938271605
test,1920,1080,28,12,0.00016203703703703703
test,1920,1080,24,12,0.0001388888888888889
test,1920,1080,33,18,0.00028645833333333333
test,1920,1080,34,12,0.00019675925925925926
test,1920,1080,36,14,0.00024305555555555555
test,1920,1080,44,21,0.00044560185185185187
test,1920,1080,44,27,0.0005729166666666667
test,1920,1080,24,9,0.00010416666666666667
test,1920,1080,50,41,0.0009886188271604939
test,1920,1080,35,19,0.0003206983024691358
test,1920,1080,41,23,0.00045476466049382714
test,1920,1080,39,18,0.0003385416666666667
test,1920,1080,38,25,0.0004581404320987654
test,1920,1080,36,29,0.0005034722222222222
test,1920,1080,17,8,6.558641975308642e-05
test,1920,1080,40,17,0.0003279320987654321
test,1920,1080,24,16,0.00018518518518518518
test,1920,1080,28,11,0.00014853395061728396
test,1920,1080,23,9,9.98263888888889e-05
test,1920,1080,51,25,0.0006148726851851852
test,1920,1080,29,13,0.0001818094135802469
test,1920,1080,51,15,0.0003689236111111111
test,1920,1080,41,14,0.0002768132716049383
test,1920,1080,42,14,0.00028356481481481483
test,1920,1080,55,22,0.0005835262345679012
test,1920,1080,61,27,0.0007942708333333334
test,1920,1080,99,77,0.003676215277777778
test,1920,1080,70,38,0.0012827932098765432
test,1920,1080,41,16,0.00031635802469135804
test,1920,1080,44,19,0.00040316358024691356
test,1920,1080,28,12,0.00016203703703703703
test,1920,1080,17,8,6.558641975308642e-05
test,1920,1080,15,8,5.787037037037037e-05
test,1920,1080,12,7,4.050925925925926e-05
test,1920,1080,21,11,0.00011140046296296297
test,1920,1080,47,19,0.0004306520061728395
test,1920,1080,21,7,7.089120370370371e-05
test,1920,1080,47,36,0.0008159722222222223
test,1920,1080,23,10,0.00011091820987654321
test,1920,1080,41,12,0.00023726851851851852
test,1920,1080,44,20,0.0004243827160493827
test,1920,1080,30,9,0.00013020833333333333
test,1920,1080,43,22,0.00045621141975308644
test,1920,1080,46,14,0.000310570987654321
test,1920,1080,24,9,0.00010416666666666667
test,1920,1080,54,24,0.000625
test,1920,1080,30,9,0.00013020833333333333
test,1920,1080,55,25,0.0006630979938271605
test,1920,1080,26,14,0.00017554012345679014
test,1920,1080,28,13,0.00017554012345679014
test,1920,1080,19,9,8.246527777777778e-05
test,1920,1080,17,12,9.837962962962963e-05
test,1920,1080,37,20,0.0003568672839506173
test,1920,1080,23,16,0.00017746913580246913
test,1920,1080,23,15,0.0001663773148148148
test,1920,1080,26,14,0.00017554012345679014
test,1920,1080,44,22,0.00046682098765432096
test,1920,1080,24,14,0.00016203703703703703
test,1920,1080,39,14,0.00026331018518518516
test,1920,1080,46,15,0.0003327546296296296
test,1920,1080,40,13,0.0002507716049382716
test,1920,1080,37,11,0.0001962770061728395
test,1920,1080,49,17,0.0004017168209876543
test,1920,1080,33,13,0.00020688657407407407
test,1920,1080,28,12,0.00016203703703703703
test,1920,1080,20,10,9.645061728395061e-05
test,1920,1080,25,15,0.0001808449074074074
test,1920,1080,30,17,0.00024594907407407405
test,1920,1080,45,26,0.0005642361111111111
test,1920,1080,26,8,0.00010030864197530864
test,1920,1080,48,23,0.0005324074074074074
test,1920,1080,35,22,0.0003713348765432099
test,1920,1080,29,16,0.00022376543209876544
test,1920,1080,44,22,0.00046682098765432096
test,1920,1080,31,17,0.0002541473765432099
test,1920,1080,22,7,7.426697530864198e-05
test,1920,1080,36,10,0.00017361111111111112
test,1920,1080,40,12,0.0002314814814814815
test,1920,1080,42,17,0.0003443287037037037
test,1920,1080,71,20,0.0006847993827160494
test,1920,1080,56,14,0.0003780864197530864
test,1920,1080,48,15,0.00034722222222222224
test,1920,1080,51,10,0.00024594907407407405
test,1920,1080,48,17,0.0003935185185185185
test,1920,1080,62,20,0.0005979938271604939
test,1920,1080,38,11,0.00020158179012345678
test,1920,1080,40,10,0.00019290123456790122
test,1920,1080,35,16,0.0002700617283950617
test,1920,1080,31,18,0.0002690972222222222
test,1920,1080,25,13,0.00015673225308641974
test,1920,1080,48,27,0.000625
test,1920,1080,63,23,0.0006987847222222222
test,1920,1080,35,19,0.0003206983024691358
test,1920,1080,46,35,0.0007764274691358025
test,1920,1080,66,39,0.0012413194444444444
test,1920,1080,58,29,0.0008111496913580247
test,1920,1080,47,19,0.0004306520061728395
test,1920,1080,23,10,0.00011091820987654321
test,1920,1080,41,22,0.0004349922839506173
test,1920,1080,66,29,0.0009230324074074075
test,1920,1080,79,27,0.0010286458333333332
test,1920,1080,30,13,0.0001880787037037037
test,1920,1080,37,13,0.00023196373456790123
test,1920,1080,42,16,0.00032407407407407406
test,1280,720,68,55,0.0040581597222222225
test,1280,720,58,40,0.0025173611111111113
test,1280,720,81,77,0.006767578125
test,1280,720,291,86,0.02715494791666667
test,1280,720,59,34,0.0021766493055555554
test,1280,720,368,171,0.06828125
test,1280,720,231,191,0.04787434895833333
test,1280,720,332,262,0.09438368055555556
test,1280,720,350,191,0.0725368923611111
test,1280,720,41,36,0.0016015625
test,1280,720,406,121,0.05330512152777778
test,1280,720,616,228,0.15239583333333334
test,1280,720,613,175,0.11640082465277778
test,1280,720,356,106,0.04094618055555556
test,1280,720,219,95,0.022574869791666667
test,1280,720,229,113,0.02807834201388889
test,1280,720,297,171,0.055107421875
test,1280,720,224,153,0.0371875
test,1280,720,217,104,0.024487847222222223
test,1280,720,371,263,0.10587348090277778
test,1280,720,293,163,0.05182183159722222
test,1280,720,305,184,0.06089409722222222
test,1280,720,219,154,0.036595052083333336
test,1280,720,53,25,0.001437717013888889
test,1280,720,184,82,0.016371527777777777
test,1280,720,216,94,0.02203125
test,1280,720,192,74,0.015416666666666667
test,1280,720,52,35,0.001974826388888889
test,1280,720,139,100,0.015082465277777778
test,1280,720,110,85,0.010145399305555556
test,1280,720,47,44,0.002243923611111111
test,1280,720,182,86,0.016983506944444445
test,1280,720,185,100,0.020073784722222224
test,1280,720,218,102,0.024127604166666667
test,1280,720,252,104,0.0284375
test,1280,720,359,208,0.08102430555555555
test,1280,720,130,109,0.015375434027777777
test,1280,720,154,87,0.014537760416666667
test,1280,720,70,33,0.002506510416666667
test,1280,720,265,189,0.054345703125
test,1280,720,94,32,0.003263888888888889
test,1280,720,111,38,0.0045768229166666665
test,1280,720,262,116,0.032977430555555555
test,1280,720,87,29,0.0027376302083333332
test,1280,720,211,83,0.019002821180555556
test,1280,720,73,35,0.0027723524305555557
test,1280,720,145,116,0.018250868055555557
test,1280,720,188,101,0.020603298611111112
test,1280,720,56,29,0.0017621527777777778
test,1280,720,199,147,0.03174153645833333
test,1280,720,43,28,0.001306423611111111
test,1280,720,125,85,0.011528862847222222
test,1280,720,127,55,0.007579210069444444
test,1280,720,29,15,0.00047200520833333334
test,1280,720,43,23,0.0010731336805555555
test,1280,720,71,51,0.003929036458333333
test,1280,720,53,27,0.001552734375
test,1280,720,311,100,0.033745659722222224
test,1280,720,275,87,0.025960286458333332
test,1280,720,560,187,0.11362847222222222
test,1280,720,452,154,0.07552951388888889
test,1280,720,374,119,0.048292100694444444
test,1280,720,388,124,0.05220486111111111
test,1280,720,76,46,0.003793402777777778
test,1280,720,278,111,0.03348307291666667
test,1280,720,55,34,0.0020290798611111113
test,1280,720,256,107,0.029722222222222223
test,1280,720,176,155,0.029600694444444443
test,1280,720,25,13,0.00035264756944444444
test,1280,720,25,13,0.00035264756944444444
test,1280,720,57,26,0.0016080729166666667
test,1280,720,61,27,0.001787109375
test,1280,720,122,73,0.009663628472222222
test,1280,720,145,98,0.015418836805555556
test,1280,720,286,173,0.053687065972222225
test,1280,720,57,26,0.0016080729166666667
test,1280,720,247,128,0.034305555555555554
test,1280,720,444,148,0.07130208333333334
test,1280,720,191,77,0.015958116319444444
test,1280,720,157,53,0.009028862847222222
test,1280,720,134,57,0.008287760416666666
test,1280,720,157,80,0.013628472222222222
test,1280,720,136,53,0.007821180555555555
test,1280,720,222,82,0.019752604166666667
test,1280,720,267,106,0.030709635416666665
test,1280,720,117,50,0.00634765625
test,1280,720,95,74,0.007628038194444444
test,1280,720,131,71,0.010092230902777779
test,1280,720,209,105,0.023811848958333333
test,1280,720,149,100,0.016167534722222224
test,1280,720,573,259,0.16103190104166668
test,1280,720,32,19,0.0006597222222222222
test,1280,720,176,94,0.017951388888888888
test,1280,720,289,132,0.04139322916666666
test,1280,720,260,155,0.04372829861111111
test,1280,720,149,75,0.012125651041666666
test,1280,720,194,120,0.025260416666666667
test,1280,720,62,36,0.002421875
test,1280,720,36,21,0.0008203125
test,1280,720,46,27,0.00134765625
test,1280,720,208,97,0.021892361111111112
test,1280,720,178,75,0.014485677083333334
test,1280,720,163,95,0.016802300347222222
test,1280,720,177,83,0.015940755208333334
test,1280,720,215,114,0.026595052083333334
test,1280,720,221,101,0.024219835069444445
test,1280,720,68,45,0.0033203125
test,1280,720,239,89,0.023080512152777777
test,1280,720,239,88,0.022821180555555556
test,1280,720,162,60,0.010546875
test,1280,720,267,125,0.036214192708333336
test,1280,720,108,41,0.0048046875
test,1280,720,141,49,0.007496744791666667
test,1280,720,142,60,0.009244791666666667
test,1280,720,95,38,0.003917100694444444
test,1280,720,149,49,0.007922092013888889
test,1280,720,457,137,0.06793511284722223
test,1280,720,425,101,0.046576605902777776
test,1280,720,380,171,0.0705078125
test,1280,720,312,92,0.031145833333333334
test,1280,720,329,110,0.03926866319444444
test,1280,720,473,174,0.08930338541666667
test,1280,720,397,145,0.06246202256944444
test,1280,720,458,179,0.08895616319444444
test,1280,720,404,108,0.04734375
test,1280,720,325,93,0.032796223958333336
test,1280,720,333,98,0.03541015625
test,1280,720,338,133,0.048778211805555555
test,1280,720,184,121,0.024157986111111113
test,1280,720,115,77,0.009608289930555555
test,1280,720,98,92,0.00978298611111111
test,1280,720,100,83,0.009006076388888888
test,1280,720,95,72,0.007421875
test,1280,720,144,125,0.01953125
test,1280,720,180,87,0.0169921875
test,1280,720,111,50,0.006022135416666667
test,1280,720,127,59,0.008130425347222222
test,1280,720,466,210,0.10618489583333333
test,1280,720,311,80,0.02699652777777778
test,1280,720,410,225,0.10009765625
test,1280,720,401,232,0.10094618055555556
test,1280,720,237,85,0.021858723958333333
test,1280,720,353,137,0.052475043402777775
test,1280,720,345,201,0.075244140625
test,1280,720,99,65,0.006982421875
test,1280,720,83,83,0.007475043402777778
test,1280,720,176,139,0.02654513888888889
test,1280,720,169,145,0.02658962673611111
test,1280,720,116,66,0.008307291666666666
test,1280,720,82,78,0.0069401041666666665
test,1280,720,89,41,0.003959418402777777
test,1280,720,133,54,0.00779296875
test,1280,720,560,298,0.18107638888888888
test,1280,720,751,428,0.3487717013888889
test,1280,720,844,403,0.36906684027777775
test,1280,720,808,281,0.2463628472222222
test,1280,720,328,96,0.034166666666666665
test,1280,720,202,97,0.021260850694444444
test,1280,720,383,118,0.04903862847222222
test,1280,720,191,133,0.027564019097222222
test,1280,720,469,343,0.17455186631944444
test,1280,720,199,113,0.024399956597222223
test,1280,720,167,96,0.017395833333333333
test,1280,720,203,150,0.033040364583333336
test,1280,720,329,120,0.04283854166666667
test,1280,720,607,296,0.19495659722222222
test,1280,720,209,161,0.03651150173611111
test,1280,720,549,232,0.138203125
test,1280,720,136,72,0.010625
test,1280,720,215,93,0.021695963541666665
test,1280,720,212,121,0.02783420138888889
test,1280,720,183,108,0.0214453125
test,1280,720,80,62,0.005381944444444444
test,1280,720,94,63,0.00642578125
test,1280,720,224,136,0.03305555555555555
test,1280,720,158,101,0.017315538194444445
test,1280,720,86,44,0.004105902777777778
test,1280,720,217,142,0.03343532986111111
test,1280,720,231,177,0.044365234375
test,1280,720,139,64,0.009652777777777777
test,1280,720,165,93,0.016650390625
test,1280,720,559,290,0.1759006076388889
test,1280,720,865,305,0.2862684461805556
test,1280,720,458,181,0.08995008680555555
test,1280,720,151,74,0.012124565972222221
test,1280,720,257,166,0.04629123263888889
test,1280,720,275,140,0.04177517361111111
test,1280,720,326,234,0.0827734375
test,1280,720,199,134,0.028934461805555554
test,1280,720,85,56,0.005164930555555555
test,1280,720,381,253,0.10459309895833334
test,1280,720,135,91,0.013330078125
test,1280,720,196,145,0.030837673611111113
test,1280,720,373,352,0.1424652777777778
test,1280,720,328,295,0.10499131944444444
test,1280,720,463,364,0.18286892361111112
test,1280,720,490,336,0.17864583333333334
test,1280,720,64,50,0.003472222222222222
test,1280,720,47,31,0.0015809461805555555
test,1280,720,46,29,0.001447482638888889
test,1280,720,64,23,0.0015972222222222223
test,1280,720,452,192,0.09416666666666666
test,1280,720,82,79,0.007029079861111111
test,1280,720,86,75,0.006998697916666667
test,1280,720,226,56,0.01373263888888889
test,1280,720,85,19,0.0017523871527777778
test,1280,720,361,103,0.04034613715277778
test,1280,720,159,145,0.025016276041666667
test,1280,720,404,144,0.063125
test,1280,720,58,19,0.0011957465277777778
test,1280,720,261,187,0.052958984375
test,1280,720,67,48,0.0034895833333333333
test,1280,720,657,139,0.099091796875
test,1280,720,165,57,0.010205078125
test,1280,720,209,84,0.019049479166666668
test,1280,720,286,145,0.04499782986111111
test,1280,720,147,80,0.012760416666666666
test,1280,720,324,130,0.045703125
test,1280,720,443,383,0.18410264756944444
test,1280,720,320,286,0.09930555555555555
test,1280,720,227,136,0.033498263888888886
test,1280,720,169,52,0.009535590277777778
test,1280,720,106,34,0.003910590277777778
test,1280,720,86,50,0.004665798611111111
test,1280,720,227,113,0.027833116319444445
test,1280,720,40,27,0.001171875
test,1280,720,102,48,0.0053125
test,1280,720,56,33,0.0020052083333333332
test,1280,720,114,64,0.007916666666666667
test,1280,720,85,50,0.004611545138888889
test,1280,720,95,49,0.005050998263888889
test,1280,720,240,147,0.03828125
test,1280,720,224,122,0.029652777777777778
test,1280,720,215,105,0.024495442708333332
test,1280,720,96,56,0.005833333333333334
test,1280,720,240,110,0.028645833333333332
test,1280,720,246,114,0.0304296875
test,1280,720,222,110,0.026497395833333333
test,1280,720,291,117,0.036943359375
test,1280,720,287,126,0.03923828125
test,640,360,109,56,0.026493055555555554
test,640,360,177,148,0.11369791666666666
test,640,360,89,37,0.014292534722222222
test,640,360,53,27,0.0062109375
test,1280,720,135,76,0.0111328125
test,1280,720,235,50,0.012749565972222222
test,1280,720,246,117,0.03123046875
test,1280,720,250,130,0.03526475694444445
test,1280,720,94,58,0.005915798611111111
test,1280,720,51,35,0.0019368489583333334
test,1280,720,30,22,0.0007161458333333333
test,1280,720,88,40,0.0038194444444444443
test,1280,720,155,73,0.01227756076388889
test,1280,720,120,106,0.013802083333333333
test,1280,720,245,131,0.034825303819444445
test,1280,720,207,108,0.0242578125
test,1280,720,106,69,0.007936197916666667
test,1280,720,144,73,0.01140625
test,1280,720,52,33,0.0018619791666666667
test,1280,720,86,59,0.005505642361111111
test,1280,720,57,41,0.0025358072916666667
test,1280,720,53,42,0.002415364583333333
test,1280,720,55,46,0.0027452256944444442
test,1280,720,51,52,0.0028776041666666668
test,1280,720,26,25,0.0007052951388888889
test,1280,720,75,42,0.00341796875
test,1280,720,101,61,0.006685112847222222
test,1280,720,98,61,0.006486545138888889
test,1280,720,99,59,0.006337890625
test,1280,720,96,66,0.006875
test,1280,720,96,63,0.0065625
test,1280,720,197,118,0.025223524305555557
test,1280,720,160,123,0.021354166666666667
test,1280,720,218,115,0.02720269097222222
test,1280,720,211,126,0.02884765625
test,1280,720,68,39,0.0028776041666666668
test,1280,720,100,60,0.006510416666666667
test,1280,720,490,360,0.19140625
test,1280,720,408,105,0.046484375
test,1280,720,287,72,0.022421875
test,1280,720,416,205,0.09253472222222223
test,1280,720,189,84,0.0172265625
test,1280,720,315,102,0.03486328125
test,1280,720,77,26,0.0021723090277777778
test,1280,720,427,134,0.06208550347222222
test,1280,720,126,93,0.01271484375
test,1280,720,137,39,0.0057975260416666665
test,1280,720,104,76,0.008576388888888889
test,1280,720,120,59,0.007682291666666666
test,1280,720,176,84,0.016041666666666666
test,1280,720,127,60,0.008268229166666667
test,1280,720,233,100,0.025282118055555556
test,1280,720,153,78,0.01294921875
test,1280,720,147,73,0.011643880208333334
test,1280,720,153,81,0.013447265625
test,1280,720,110,62,0.007400173611111111
test,1280,720,48,27,0.00140625
test,1280,720,152,78,0.012864583333333334
test,1280,720,44,30,0.0014322916666666666
test,1280,720,72,62,0.00484375
test,1280,720,45,33,0.001611328125
test,1280,720,81,59,0.005185546875
test,1280,720,55,29,0.0017306857638888888
test,1280,720,50,39,0.0021158854166666665
test,1280,720,104,74,0.008350694444444445
test,960,720,30,27,0.001171875
test,960,720,103,89,0.01326244212962963
test,960,720,122,81,0.014296875
test,960,720,97,58,0.008139467592592592
test,1280,720,326,85,0.030067274305555555
test,1280,720,82,42,0.0037369791666666667
test,1280,720,65,49,0.0034559461805555554
test,1280,720,149,66,0.010670572916666666
test,1280,720,196,88,0.01871527777777778
test,1280,720,360,130,0.05078125
test,1280,720,174,71,0.013404947916666667
test,1280,720,372,266,0.10736979166666667
test,1280,720,319,188,0.06507378472222222
test,1280,720,124,55,0.007400173611111111
test,1280,720,131,66,0.009381510416666667
test,1280,720,26,13,0.0003667534722222222
test,1280,720,40,28,0.0012152777777777778
test,1280,720,74,29,0.002328559027777778
test,1280,720,91,40,0.003949652777777778
test,1280,720,35,28,0.0010633680555555555
test,1280,720,118,61,0.007810329861111111
test,1280,720,78,48,0.0040625
test,1280,720,70,23,0.0017469618055555556
test,1280,720,107,47,0.0054568142361111115
test,1280,720,81,19,0.001669921875
test,1280,720,247,165,0.04422200520833333
test,1280,720,47,27,0.001376953125
test,1280,720,200,131,0.028428819444444444
test,1280,720,87,36,0.0033984375
test,1280,720,652,195,0.13795572916666668
test,1280,720,559,147,0.08916341145833333
test,1280,720,457,175,0.08677842881944445
test,1280,720,104,60,0.0067708333333333336
test,1280,720,195,81,0.017138671875
test,1280,720,592,117,0.07515625
test,1280,720,449,376,0.18318576388888888
test,1280,720,192,65,0.013541666666666667
test,1280,720,584,161,0.10202256944444445
test,1280,720,104,54,0.00609375
test,1280,720,50,41,0.002224392361111111
test,1280,720,38,30,0.0012369791666666666
test,1280,720,30,22,0.0007161458333333333
test,1280,720,127,91,0.012540147569444444
test,1280,720,90,78,0.0076171875
test,1280,720,96,79,0.008229166666666666
test,1280,720,88,73,0.006970486111111111
test,1280,720,194,98,0.02062934027777778
test,1280,720,149,68,0.01099392361111111
test,1280,720,79,42,0.0036002604166666665
test,1280,720,160,86,0.014930555555555556
test,1280,720,171,100,0.0185546875
test,1280,720,121,77,0.010109592013888889
test,1280,720,54,37,0.00216796875
test,1280,720,290,150,0.047200520833333336
test,1280,720,444,301,0.14501302083333334
test,1280,720,330,64,0.022916666666666665
test,1280,720,140,74,0.011241319444444444
test,1280,720,72,42,0.00328125
test,1280,720,47,21,0.0010709635416666667
test,1280,720,671,217,0.15799370659722223
test,1280,720,467,190,0.09627821180555556
test,1280,720,341,120,0.04440104166666667
test,1280,720,360,130,0.05078125
test,1280,720,331,143,0.051359592013888886
test,1280,720,394,170,0.07267795138888888
test,1280,720,329,131,0.04676540798611111
test,1280,720,438,125,0.059407552083333336
test,1280,720,635,210,0.14469401041666666
test,1280,720,128,110,0.015277777777777777
test,1280,720,426,205,0.09475911458333333
test,1280,720,803,425,0.3703070746527778
test,1280,720,865,503,0.47210828993055554
test,1280,720,605,290,0.1903754340277778
test,1280,720,574,335,0.20864800347222223
test,1280,720,194,134,0.028207465277777777
test,1280,720,139,43,0.006485460069444444
test,1280,720,123,41,0.0054720052083333335
test,1280,720,283,153,0.046982421875
test,1280,720,61,44,0.0029123263888888888
test,1280,720,315,133,0.045458984375
test,1280,720,225,107,0.026123046875
test,1280,720,246,109,0.029095052083333333
test,1280,720,152,61,0.010060763888888888
test,1280,720,131,79,0.011229383680555555
test,1280,720,212,90,0.020703125
test,1280,720,128,70,0.009722222222222222
test,1280,720,70,53,0.0040256076388888885
test,1280,720,306,155,0.05146484375
test,1280,720,18,11,0.00021484375
test,1280,720,43,24,0.0011197916666666667
test,1280,720,95,42,0.0043294270833333336
test,1280,720,80,39,0.0033854166666666668
test,1280,720,194,86,0.01810329861111111
test,1280,720,179,72,0.013984375
test,1280,720,268,112,0.03256944444444444
test,1280,720,463,216,0.108515625
test,1280,720,260,220,0.062065972222222224
test,1280,720,51,59,0.0032649739583333333
test,1280,720,50,48,0.0026041666666666665
test,1280,720,52,38,0.002144097222222222
test,1280,720,20,9,0.0001953125
test,1280,720,97,62,0.006525607638888889
test,1280,720,139,64,0.009652777777777777
test,1280,720,170,118,0.021766493055555555
test,1280,720,228,149,0.03686197916666667
test,1280,720,259,159,0.04468424479166667
test,1280,720,278,174,0.05248697916666667
test,1280,720,132,78,0.011171875
test,1280,720,148,125,0.020073784722222224
test,1280,720,101,94,0.010301649305555556
test,1280,720,66,58,0.004153645833333333
test,1280,720,86,64,0.0059722222222222225
test,1280,720,338,204,0.07481770833333333
test,1280,720,78,50,0.004231770833333333
test,1280,720,335,298,0.10832248263888888
test,1280,720,151,157,0.025723741319444444
test,1280,720,33,23,0.0008235677083333334
test,1280,720,125,120,0.016276041666666668
test,1280,720,49,29,0.0015418836805555555
test,1280,720,396,284,0.12203125
test,1280,720,50,42,0.0022786458333333335
test,1280,720,44,30,0.0014322916666666666
test,1280,720,32,27,0.0009375
test,1280,720,36,47,0.0018359375
test,1280,720,52,83,0.004683159722222222
test,1280,720,61,80,0.005295138888888889
test,1280,720,57,69,0.004267578125
test,1280,720,86,72,0.00671875
test,1280,720,80,85,0.007378472222222222
test,1280,720,114,66,0.0081640625
test,1280,720,113,77,0.00944118923611111
test,1280,720,233,123,0.031097005208333334
test,1280,720,252,139,0.0380078125
test,1280,720,254,124,0.03417534722222222
test,1280,720,249,129,0.034853515625
test,1280,720,253,125,0.03431532118055555
test,1280,720,231,131,0.032835286458333335
test,1280,720,85,66,0.006087239583333333
test,1280,720,127,125,0.017225477430555556
test,1280,720,62,27,0.00181640625
test,1280,720,219,149,0.03540690104166667
test,1280,720,73,36,0.0028515625
test,1280,720,317,128,0.04402777777777778
test,1280,720,141,43,0.006578776041666666
test,1280,720,269,56,0.016345486111111113
test,1280,720,119,67,0.008651258680555555
test,1280,720,125,100,0.013563368055555556
test,1280,720,141,95,0.014534505208333333
test,1280,720,109,69,0.008160807291666667
test,1280,720,180,77,0.0150390625
test,1280,720,120,75,0.009765625
test,1280,720,187,126,0.02556640625
test,1280,720,118,109,0.013956163194444444
test,1280,720,336,330,0.1203125
test,1280,720,99,85,0.009130859375
test,1280,720,219,201,0.047763671875
test,1280,720,133,126,0.01818359375
test,1280,720,73,78,0.006178385416666667
test,1280,720,68,55,0.0040581597222222225
test,1280,720,65,62,0.004372829861111111
test,1280,720,71,48,0.0036979166666666666
test,1280,720,85,54,0.00498046875
test,1280,720,129,106,0.014837239583333333
test,1280,720,108,102,0.011953125
test,1280,720,98,58,0.006167534722222222
test,1280,720,184,101,0.020164930555555554
test,1280,720,196,205,0.04359809027777778
test,1280,720,656,296,0.21069444444444443
test,1280,720,126,93,0.01271484375
test,1280,720,253,177,0.04859049479166667
test,1280,720,282,210,0.0642578125
test,1280,720,264,205,0.05872395833333333
test,1280,720,212,174,0.040026041666666665
test,1280,720,106,38,0.004370659722222222
test,1280,720,326,122,0.043155381944444446
test,1280,720,52,22,0.0012413194444444444
test,1280,720,122,71,0.009398871527777778
test,1280,720,149,99,0.016005859375
test,1280,720,163,159,0.028121744791666667
test,1280,720,174,121,0.022845052083333334
test,1280,720,358,180,0.069921875
test,1280,720,197,171,0.036552734375
test,1280,720,172,99,0.0184765625
test,1280,720,137,79,0.011743706597222223
test,1280,720,188,182,0.037126736111111114
test,1280,720,169,159,0.029156901041666666
test,1280,720,505,369,0.202197265625
test,1280,720,312,168,0.056875
test,1280,720,489,292,0.15493489583333334
test,1280,720,368,167,0.06668402777777778
test,1280,720,329,148,0.05283420138888889
test,1920,1080,129,61,0.003794849537037037
test,1920,1080,138,69,0.0045920138888888885
test,1920,1080,110,47,0.0024932484567901235
test,1920,1080,149,85,0.006107735339506173
test,1920,1080,141,64,0.0043518518518518515
test,1920,1080,147,70,0.004962384259259259
test,1920,1080,128,60,0.003703703703703704
test,1920,1080,129,60,0.003732638888888889
test,1920,1080,170,68,0.005574845679012346
test,1920,1080,144,62,0.0043055555555555555
test,1920,1080,149,55,0.003952064043209877
test,1920,1080,145,50,0.00349633487654321
test,1920,1080,165,68,0.005410879629629629
test,1920,1080,134,67,0.004329668209876543
test,1920,1080,84,38,0.0015393518518518519
test,1920,1080,68,35,0.0011477623456790124
test,1920,1080,124,61,0.0036477623456790125
test,1920,1080,176,91,0.007723765432098765
test,1920,1080,198,99,0.009453125
test,1920,1080,210,105,0.010633680555555556
test,1920,1080,251,112,0.013557098765432098
test,1920,1080,182,84,0.007372685185185185
test,1920,1080,147,58,0.0041116898148148145
test,1920,1080,109,47,0.002470582561728395
test,1920,1080,177,79,0.006743344907407407
test,1920,1080,171,81,0.0066796875
test,1920,1080,152,73,0.00535108024691358
test,1920,1080,206,140,0.01390817901234568
test,1920,1080,258,151,0.01878761574074074
test,1920,1080,142,66,0.004519675925925926
test,1920,1080,185,101,0.009010898919753086
test,1920,1080,123,57,0.0033810763888888888
test,1920,1080,40,23,0.00044367283950617285
test,1920,1080,55,24,0.0006365740740740741
test,1920,1080,48,21,0.0004861111111111111
test,1920,1080,139,58,0.0038879243827160495
test,1920,1080,137,53,0.003501639660493827
test,1920,1080,128,54,0.0033333333333333335
test,1920,1080,282,139,0.018903356481481483
test,1920,1080,147,64,0.004537037037037037
test,1920,1080,191,69,0.006355613425925926
test,1920,1080,168,76,0.0061574074074074074
test,1920,1080,147,54,0.003828125
test,1920,1080,93,51,0.002287326388888889
test,1920,1080,56,18,0.0004861111111111111
test,1920,1080,95,39,0.0017867476851851853
test,1920,1080,71,46,0.0015750385802469136
test,1920,1080,45,22,0.00047743055555555554
test,1920,1080,44,19,0.00040316358024691356
test,1920,1080,87,48,0.002013888888888889
test,1920,1080,79,43,0.0016382137345679012
test,1920,1080,84,34,0.0013773148148148147
test,1920,1080,89,37,0.0015880594135802468
test,1920,1080,76,30,0.001099537037037037
test,1920,1080,113,48,0.0026157407407407405
test,1920,1080,51,19,0.00046730324074074073
test,1920,1080,59,23,0.0006544174382716049
test,1920,1080,38,16,0.0002932098765432099
test,1920,1080,46,17,0.0003771219135802469
test,1920,1080,39,18,0.0003385416666666667
test,1920,1080,40,15,0.00028935185185185184
test,1920,1080,56,24,0.0006481481481481481
test,1920,1080,52,19,0.00047646604938271606
test,1920,1080,58,28,0.000783179012345679
test,1920,1080,62,27,0.0008072916666666667
test,1920,1080,62,30,0.0008969907407407407
test,1920,1080,61,34,0.0010001929012345679
test,1920,1080,47,23,0.0005213155864197531
test,1920,1080,95,47,0.0021532600308641976
test,1920,1080,81,38,0.001484375
test,1920,1080,84,37,0.0014988425925925926
test,1920,1080,55,27,0.0007161458333333333
test,1920,1080,69,36,0.0011979166666666666
test,1920,1080,67,32,0.0010339506172839506
test,1920,1080,83,36,0.0014409722222222222
test,1920,1080,156,68,0.005115740740740741
test,1920,1080,244,99,0.011649305555555555
test,1920,1080,59,28,0.0007966820987654321
test,1920,1080,98,41,0.0019376929012345679
test,1920,1080,117,48,0.0027083333333333334
test,1920,1080,108,42,0.0021875
test,1920,1080,68,24,0.000787037037037037
test,1920,1080,42,16,0.00032407407407407406
test,1920,1080,52,31,0.000777391975308642
test,1920,1080,71,33,0.0011299189814814815
test,1920,1080,55,28,0.0007426697530864198
test,1920,1080,56,23,0.000621141975308642
test,1920,1080,117,52,0.0029340277777777776
test,1920,1080,95,43,0.0019700038580246913
test,1920,1080,81,38,0.001484375
test,1920,1080,121,57,0.003326099537037037
test,1920,1080,43,19,0.0003940007716049383
test,1920,1080,40,20,0.00038580246913580245
test,1920,1080,57,30,0.0008246527777777778
test,1920,1080,66,28,0.0008912037037037037
test,1920,1080,79,32,0.0012191358024691357
test,1920,1080,64,29,0.0008950617283950618
test,1920,1080,42,19,0.00038483796296296297
test,1920,1080,66,33,0.0010503472222222223
test,1920,1080,57,28,0.0007696759259259259
test,1920,1080,99,41,0.0019574652777777776
test,1920,1080,71,35,0.0011983989197530865
test,1920,1080,104,44,0.00220679012345679
test,1920,1080,113,45,0.0024522569444444444
test,1920,1080,22,12,0.0001273148148148148
test,1920,1080,37,16,0.00028549382716049385
test,1920,1080,81,30,0.001171875
test,1920,1080,58,22,0.000615354938271605
test,1920,1080,88,39,0.0016550925925925926
test,1920,1080,89,34,0.001459297839506173
test,1920,1080,72,27,0.0009375
test,1920,1080,37,16,0.00028549382716049385
test,1920,1080,53,20,0.0005111882716049383
test,1920,1080,52,21,0.0005266203703703703
test,1920,1080,67,28,0.0009047067901234568
test,1920,1080,99,34,0.001623263888888889
test,1920,1080,73,28,0.0009857253086419753
test,1920,1080,193,71,0.006608314043209876
test,1920,1080,249,99,0.011888020833333334
test,1920,1080,41,26,0.0005140817901234568
test,1920,1080,47,27,0.0006119791666666667
test,1920,1080,37,16,0.00028549382716049385
test,1920,1080,54,25,0.0006510416666666666
test,1920,1080,52,35,0.0008777006172839507
test,1920,1080,66,39,0.0012413194444444444
test,1920,1080,37,21,0.00037471064814814816
test,1920,1080,43,25,0.0005184220679012346
test,1920,1080,69,29,0.0009649884259259259
test,1920,1080,76,32,0.0011728395061728395
test,1920,1080,53,27,0.0006901041666666667
test,1920,1080,50,36,0.0008680555555555555
test,1920,1080,67,35,0.001130883487654321
test,1920,1080,87,48,0.002013888888888889
test,1920,1080,291,150,0.021050347222222224
test,1920,1080,97,47,0.0021985918209876543
test,1920,1080,74,40,0.001427469135802469
test,1920,1080,31,11,0.0001644483024691358
test,1920,1080,30,12,0.00017361111111111112
test,1920,1080,36,14,0.00024305555555555555
test,1920,1080,42,16,0.00032407407407407406
test,1920,1080,40,17,0.0003279320987654321
test,1920,1080,28,15,0.0002025462962962963
test,1920,1080,31,11,0.0001644483024691358
test,1920,1080,36,14,0.00024305555555555555
test,1920,1080,24,14,0.00016203703703703703
test,1920,1080,15,8,5.787037037037037e-05
test,1920,1080,32,18,0.0002777777777777778
test,1920,1080,53,30,0.0007667824074074074
test,1920,1080,59,27,0.0007682291666666666
test,1920,1080,31,14,0.00020929783950617283
test,1920,1080,30,17,0.00024594907407407405
test,1920,1080,19,12,0.0001099537037037037
test,1920,1080,25,16,0.00019290123456790122
test,1920,1080,14,6,4.050925925925926e-05
test,1920,1080,20,11,0.00010609567901234568
test,1920,1080,18,11,9.548611111111112e-05
test,1920,1080,22,14,0.00014853395061728396
test,1920,1080,43,34,0.000705054012345679
test,1920,1080,24,14,0.00016203703703703703
test,1920,1080,26,16,0.00020061728395061727
test,1920,1080,25,14,0.00016878858024691357
test,1920,1080,20,9,8.680555555555556e-05
test,1920,1080,19,14,0.0001282793209876543
test,1920,1080,29,18,0.0002517361111111111
test,1920,1080,47,18,0.00040798611111111114
test,1920,1080,41,19,0.00037567515432098764
test,1920,1080,24,18,0.00020833333333333335
test,1920,1080,31,18,0.0002690972222222222
test,1920,1080,57,19,0.0005222800925925926
test,1920,1080,46,21,0.0004658564814814815
test,1920,1080,46,16,0.00035493827160493826
test,1920,1080,46,20,0.00044367283950617285
test,1920,1080,48,20,0.000462962962962963
test,1920,1080,25,10,0.00012056327160493826
test,1920,1080,13,7,4.3885030864197534e-05
test,1920,1080,18,10,8.680555555555556e-05
test,1920,1080,12,7,4.050925925925926e-05
test,1920,1080,26,11,0.00013792438271604938
test,1920,1080,22,9,9.548611111111112e-05
test,1920,1080,23,9,9.98263888888889e-05
test,1920,1080,26,15,0.0001880787037037037
test,1920,1080,27,16,0.00020833333333333335
test,1920,1080,27,15,0.0001953125
test,1920,1080,30,19,0.0002748842592592593
test,1920,1080,35,14,0.000236304012345679
test,1920,1080,31,15,0.00022424768518518518
test,1920,1080,30,15,0.00021701388888888888
test,1920,1080,22,14,0.00014853395061728396
test,1920,1080,36,16,0.0002777777777777778
test,1920,1080,64,27,0.0008333333333333334
test,1920,1080,44,16,0.00033950617283950616
test,1920,1080,94,48,0.0021759259259259258
test,1920,1080,65,29,0.0009090470679012346
test,1920,1080,90,41,0.0017795138888888889
test,1920,1080,62,25,0.0007474922839506172
test,1920,1080,54,22,0.0005729166666666667
test,1920,1080,22,12,0.0001273148148148148
test,1920,1080,30,15,0.00021701388888888888
test,1920,1080,29,14,0.00019579475308641975
test,1920,1080,29,17,0.00023775077160493826
test,1920,1080,28,14,0.0001890432098765432
test,1920,1080,49,23,0.0005434992283950617
test,1920,1080,52,22,0.0005516975308641975
test,1920,1080,60,31,0.0008969907407407407
test,1920,1080,15,8,5.787037037037037e-05
test,1920,1080,27,15,0.0001953125
test,1920,1080,29,19,0.00026572145061728395
test,1920,1080,38,24,0.0004398148148148148
test,1920,1080,57,25,0.0006872106481481482
test,1920,1080,52,22,0.0005516975308641975
test,1920,1080,52,19,0.00047646604938271606
test,1920,1080,48,20,0.000462962962962963
test,1920,1080,51,22,0.0005410879629629629
test,1920,1080,43,18,0.0003732638888888889
test,1920,1080,52,21,0.0005266203703703703
test,1920,1080,61,29,0.0008531057098765432
test,1920,1080,29,15,0.0002097800925925926
test,1920,1080,30,16,0.0002314814814814815
test,1920,1080,31,24,0.0003587962962962963
test,1920,1080,35,22,0.0003713348765432099
test,1920,1080,25,13,0.00015673225308641974
test,1920,1080,46,22,0.0004880401234567901
test,1920,1080,73,36,0.001267361111111111
test,1920,1080,121,63,0.003676215277777778
test,1920,1080,73,38,0.001337770061728395
test,1920,1080,30,16,0.0002314814814814815
test,1920,1080,40,19,0.00036651234567901237
test,1920,1080,37,22,0.000392554012345679
test,1920,1080,29,15,0.0002097800925925926
test,1920,1080,43,22,0.00045621141975308644
test,1920,1080,67,35,0.001130883487654321
test,1920,1080,56,35,0.000945216049382716
test,1920,1080,45,28,0.0006076388888888889
test,1920,1080,50,20,0.00048225308641975306
test,1920,1080,45,20,0.00043402777777777775
test,1920,1080,49,33,0.0007798032407407407
test,1920,1080,39,26,0.0004890046296296296
test,1920,1080,39,27,0.0005078125
test,1920,1080,117,67,0.0037803819444444443
test,1920,1080,133,55,0.003527681327160494
test,1920,1080,139,56,0.003753858024691358
test,1920,1080,45,21,0.0004557291666666667
test,1920,1080,41,15,0.00029658564814814814
test,1920,1080,58,31,0.0008670910493827161
test,1920,1080,42,23,0.0004658564814814815
test,1920,1080,45,24,0.0005208333333333333
test,1920,1080,46,21,0.0004658564814814815
test,1920,1080,58,20,0.0005594135802469136
test,1920,1080,57,18,0.0004947916666666667
test,1920,1080,52,18,0.00045138888888888887
test,1920,1080,26,15,0.0001880787037037037
test,1920,1080,128,57,0.0035185185185185185
test,1920,1080,119,69,0.003959780092592593
test,1920,1080,45,21,0.0004557291666666667
test,1920,1080,50,25,0.0006028163580246913
test,1920,1080,79,30,0.0011429398148148147
test,1920,1080,47,25,0.0005666473765432099
test,1920,1080,32,21,0.00032407407407407406
test,1920,1080,35,18,0.00030381944444444445
test,1920,1080,48,11,0.0002546296296296296
test,1920,1080,32,20,0.00030864197530864197
test,1920,1080,25,13,0.00015673225308641974
test,1920,1080,35,15,0.00025318287037037036
test,1920,1080,40,21,0.0004050925925925926
test,1920,1080,34,16,0.0002623456790123457
test,1920,1080,34,15,0.00024594907407407405
test,1920,1080,33,15,0.00023871527777777777
test,1920,1080,113,62,0.0033786651234567902
test,1920,1080,35,18,0.00030381944444444445
test,1920,1080,27,15,0.0001953125
test,1920,1080,22,12,0.0001273148148148148
test,1920,1080,42,34,0.0006886574074074074
test,1920,1080,51,22,0.0005410879629629629
test,1920,1080,43,22,0.00045621141975308644
test,1920,1080,32,21,0.00032407407407407406
test,1920,1080,55,32,0.0008487654320987654
test,1920,1080,36,21,0.00036458333333333335
test,1920,1080,44,42,0.0008912037037037037
test,1920,1080,39,18,0.0003385416666666667
test,1920,1080,44,28,0.0005941358024691358
test,1920,1080,52,21,0.0005266203703703703
test,1920,1080,32,26,0.00040123456790123454
test,1920,1080,37,23,0.00041039737654320987
test,1920,1080,36,25,0.00043402777777777775
test,1920,1080,27,22,0.00028645833333333333
test,1920,1080,21,18,0.00018229166666666667
test,1920,1080,40,24,0.000462962962962963
test,1920,1080,75,45,0.0016276041666666667
test,1920,1080,110,63,0.0033420138888888887
test,1920,1080,102,47,0.0023119212962962963
test,1920,1080,84,35,0.0014178240740740742
test,1920,1080,64,30,0.000925925925925926
test,1920,1080,39,24,0.00045138888888888887
test,1920,1080,34,17,0.00027874228395061726
test,1920,1080,58,38,0.0010628858024691358
test,1920,1080,63,34,0.001032986111111111
test,1920,1080,50,21,0.0005063657407407407
test,1920,1080,56,26,0.0007021604938271605
test,1920,1080,43,36,0.0007465277777777778
test,1920,1080,100,38,0.0018325617283950616
test,1920,1080,80,35,0.0013503086419753086
test,1920,1080,54,35,0.0009114583333333333
test,1920,1080,30,14,0.0002025462962962963
test,1920,1080,37,16,0.00028549382716049385
test,1920,1080,40,17,0.0003279320987654321
test,1920,1080,33,19,0.0003023726851851852
test,1920,1080,38,21,0.00038483796296296297
test,1920,1080,30,21,0.00030381944444444445
test,1920,1080,35,16,0.0002700617283950617
test,1920,1080,35,14,0.000236304012345679
test,1920,1080,35,15,0.00025318287037037036
test,1920,1080,41,22,0.0004349922839506173
test,1920,1080,27,15,0.0001953125
test,1920,1080,19,15,0.00013744212962962964
test,1920,1080,18,15,0.00013020833333333333
test,1920,1080,22,17,0.00018036265432098766
test,1920,1080,52,30,0.0007523148148148148
test,1920,1080,44,21,0.00044560185185185187
test,1920,1080,42,24,0.0004861111111111111
test,1920,1080,78,39,0.0014670138888888888
test,1920,1080,46,10,0.00022183641975308642
test,1920,1080,31,23,0.00034384645061728397
test,1920,1080,33,15,0.00023871527777777777
test,1920,1080,19,10,9.162808641975309e-05
test,1920,1080,51,24,0.0005902777777777778
test,1920,1080,25,14,0.00016878858024691357
test,1920,1080,24,19,0.0002199074074074074
test,1920,1080,24,18,0.00020833333333333335
test,1920,1080,22,18,0.00019097222222222223
test,1920,1080,31,14,0.00020929783950617283
test,1920,1080,28,15,0.0002025462962962963
test,1920,1080,39,26,0.0004890046296296296
test,1920,1080,41,17,0.0003361304012345679
test,1920,1080,33,14,0.00022280092592592593
test,1920,1080,34,21,0.0003443287037037037
test,1920,1080,35,17,0.0002869405864197531
test,1920,1080,21,15,0.00015190972222222222
test,1920,1080,35,26,0.00043885030864197533
test,1920,1080,39,16,0.00030092592592592595
test,1920,1080,33,17,0.00027054398148148147
test,1920,1080,24,18,0.00020833333333333335
test,1920,1080,35,24,0.0004050925925925926
test,1920,1080,45,26,0.0005642361111111111
test,1920,1080,21,13,0.00013165509259259258
test,1920,1080,26,15,0.0001880787037037037
test,1920,1080,21,15,0.00015190972222222222
test,1920,1080,17,13,0.00010657793209876543
test,1920,1080,27,14,0.00018229166666666667
test,1920,1080,46,19,0.0004214891975308642
test,1920,1080,42,20,0.0004050925925925926
test,1920,1080,24,19,0.0002199074074074074
test,1920,1080,14,13,8.777006172839507e-05
test,1920,1080,19,14,0.0001282793209876543
test,1920,1080,29,12,0.00016782407407407406
test,1920,1080,26,16,0.00020061728395061727
test,1920,1080,22,14,0.00014853395061728396
test,1920,1080,21,13,0.00013165509259259258
test,1920,1080,30,17,0.00024594907407407405
test,1920,1080,34,20,0.0003279320987654321
test,1920,1080,37,26,0.00046392746913580246
test,1920,1080,45,19,0.0004123263888888889
test,1920,1080,43,18,0.0003732638888888889
test,1920,1080,46,31,0.0006876929012345679
test,1920,1080,51,28,0.0006886574074074074
test,1920,1080,41,23,0.00045476466049382714
test,1920,1080,43,21,0.00043547453703703706
test,1920,1080,95,46,0.002107445987654321
test,1920,1080,79,52,0.0019810956790123455
test,1920,1080,49,36,0.0008506944444444444
test,1920,1080,35,25,0.00042197145061728393
test,1920,1080,29,23,0.00032166280864197533
test,1920,1080,42,28,0.0005671296296296297
test,1920,1080,46,22,0.0004880401234567901
test,1920,1080,48,22,0.0005092592592592592
test,1920,1080,46,27,0.0005989583333333333
test,1920,1080,30,26,0.0003761574074074074
test,1920,1080,44,22,0.00046682098765432096
test,1920,1080,33,20,0.00031828703703703706
test,1920,1080,21,16,0.00016203703703703703
test,1920,1080,38,19,0.0003481867283950617
test,1920,1080,31,15,0.00022424768518518518
test,1920,1080,27,18,0.000234375
test,1920,1080,45,21,0.0004557291666666667
test,1920,1080,40,21,0.0004050925925925926
test,1920,1080,33,20,0.00031828703703703706
test,1920,1080,28,21,0.00028356481481481483
test,1920,1080,45,33,0.0007161458333333333
test,1920,1080,24,12,0.0001388888888888889
test,1920,1080,63,28,0.0008506944444444444
test,1920,1080,43,24,0.0004976851851851852
test,1920,1080,41,22,0.0004349922839506173
test,1920,1080,34,17,0.00027874228395061726
test,1920,1080,36,22,0.00038194444444444446
test,1920,1080,22,11,0.00011670524691358024
test,1920,1080,37,15,0.00026765046296296297
test,1920,1080,37,18,0.00032118055555555556
test,1920,1080,50,19,0.0004581404320987654
test,1920,1080,44,16,0.00033950617283950616
test,1920,1080,32,18,0.0002777777777777778
test,1920,1080,23,18,0.0001996527777777778
test,1920,1080,33,22,0.00035011574074074074
test,1920,1080,28,19,0.0002565586419753086
test,1920,1080,39,28,0.0005266203703703703
test,1920,1080,70,52,0.0017554012345679013
test,1920,1080,55,29,0.0007691936728395062
test,1920,1080,29,22,0.0003076774691358025
test,1920,1080,61,54,0.0015885416666666667
test,1920,1080,160,89,0.006867283950617284
test,1920,1080,96,34,0.001574074074074074
test,1920,1080,53,50,0.0012779706790123457
test,1920,1080,50,33,0.0007957175925925925
test,1920,1080,38,20,0.00036651234567901237
test,1920,1080,55,47,0.0012466242283950618
test,1920,1080,54,35,0.0009114583333333333
test,1920,1080,62,46,0.0013753858024691359
test,1920,1080,65,43,0.0013478973765432098
test,1920,1080,37,34,0.0006066743827160494
test,1920,1080,70,57,0.0019241898148148148
test,1920,1080,41,28,0.0005536265432098766
test,1920,1080,47,33,0.000747974537037037
test,1920,1080,48,30,0.0006944444444444445
test,1920,1080,39,32,0.0006018518518518519
test,1920,1080,42,27,0.000546875
test,1920,1080,37,25,0.0004460841049382716
test,1920,1080,56,47,0.00126929012345679
test,1920,1080,57,55,0.0015118634259259258
test,1920,1080,59,31,0.0008820408950617284
test,1920,1080,57,34,0.0009346064814814815
test,1920,1080,40,34,0.0006558641975308642
test,1920,1080,46,28,0.000621141975308642
test,1920,1080,48,27,0.000625
test,1920,1080,41,28,0.0005536265432098766
test,1920,1080,29,18,0.0002517361111111111
test,1920,1080,23,18,0.0001996527777777778
test,1920,1080,35,25,0.00042197145061728393
test,1920,1080,44,33,0.0007002314814814815
test,1920,1080,72,54,0.001875
test,1920,1080,28,17,0.00022955246913580247
test,1920,1080,24,21,0.00024305555555555555
test,1920,1080,20,14,0.00013503086419753085
test,1920,1080,30,25,0.0003616898148148148
test,1920,1080,23,24,0.0002662037037037037
test,1920,1080,34,21,0.0003443287037037037
test,1920,1080,30,24,0.00034722222222222224
test,1920,1080,24,15,0.00017361111111111112
test,1920,1080,30,26,0.0003761574074074074
test,1920,1080,31,18,0.0002690972222222222
test,1920,1080,56,35,0.000945216049382716
test,1920,1080,56,53,0.0014313271604938272
test,1920,1080,39,36,0.0006770833333333334
test,1920,1080,44,37,0.000785108024691358
test,1920,1080,44,28,0.0005941358024691358
test,1920,1080,32,20,0.00030864197530864197
test,1920,1080,30,27,0.000390625
test,1920,1080,35,29,0.0004894868827160494
test,1920,1080,36,29,0.0005034722222222222
test,1920,1080,27,19,0.00024739583333333335
test,1920,1080,43,35,0.0007257908950617284
test,1920,1080,45,38,0.0008246527777777778
test,1920,1080,35,28,0.000472608024691358
test,1920,1080,27,27,0.0003515625
test,1920,1080,21,15,0.00015190972222222222
test,1920,1080,19,16,0.00014660493827160494
test,1920,1080,40,32,0.0006172839506172839
test,1920,1080,28,22,0.0002970679012345679
test,1920,1080,27,20,0.00026041666666666666
test,1920,1080,26,21,0.00026331018518518516
test,1920,1080,25,21,0.00025318287037037036
test,1920,1080,25,17,0.00020495756172839505
test,1920,1080,27,18,0.000234375
test,1920,1080,22,14,0.00014853395061728396
test,1920,1080,22,17,0.00018036265432098766
test,1920,1080,27,9,0.0001171875
test,1920,1080,28,18,0.00024305555555555555
test,1920,1080,33,18,0.00028645833333333333
test,1920,1080,22,17,0.00018036265432098766
test,1920,1080,48,33,0.0007638888888888889
test,1920,1080,49,38,0.0008979552469135803
test,1920,1080,53,20,0.0005111882716049383
test,1920,1080,49,21,0.0004962384259259259
test,1920,1080,69,44,0.0014641203703703704
test,1920,1080,50,22,0.0005304783950617284
test,1920,1080,43,19,0.0003940007716049383
test,1920,1080,67,36,0.0011631944444444443
test,1920,1080,83,41,0.0016411072530864198
test,1920,1080,25,22,0.0002652391975308642
test,1920,1080,22,17,0.00018036265432098766
test,1920,1080,28,27,0.00036458333333333335
test,1920,1080,43,39,0.000808738425925926
test,1920,1080,29,23,0.00032166280864197533
test,1920,1080,38,30,0.0005497685185185186
test,1920,1080,34,28,0.00045910493827160494
test,1920,1080,41,29,0.0005733989197530864
test,1920,1080,38,34,0.0006230709876543209
test,1920,1080,50,39,0.0009403935185185185
test,1920,1080,58,43,0.0012027391975308643
test,1920,1080,39,32,0.0006018518518518519
test,1920,1080,44,26,0.0005516975308641975
test,1920,1080,65,34,0.0010657793209876544
test,1920,1080,48,31,0.0007175925925925926
test,1920,1080,49,36,0.0008506944444444444
test,1920,1080,42,24,0.0004861111111111111
test,1920,1080,33,23,0.0003660300925925926
test,1920,1080,41,37,0.0007315779320987654
test,1920,1080,65,26,0.0008150077160493827
test,1920,1080,39,26,0.0004890046296296296
test,1920,1080,37,19,0.00033902391975308645
test,1920,1080,62,38,0.0011361882716049382
test,1920,1080,36,24,0.0004166666666666667
test,1920,1080,33,22,0.00035011574074074074
test,1920,1080,28,17,0.00022955246913580247
test,1920,1080,54,33,0.000859375
test,1920,1080,38,27,0.0004947916666666667
test,1920,1080,35,24,0.0004050925925925926
test,1920,1080,29,21,0.00029369212962962964
test,1920,1080,28,24,0.00032407407407407406
test,1920,1080,38,18,0.0003298611111111111
test,1920,1080,29,25,0.00034963348765432097
test,1920,1080,28,21,0.00028356481481481483
test,1920,1080,27,17,0.00022135416666666666
test,1920,1080,35,27,0.0004557291666666667
test,1920,1080,72,33,0.0011458333333333333
test,1920,1080,52,33,0.0008275462962962963
test,1920,1080,54,23,0.0005989583333333333
test,1920,1080,102,41,0.0020167824074074072
test,1920,1080,133,53,0.0033994020061728393
test,1920,1080,95,49,0.002244888117283951
test,1920,1080,131,59,0.0037273341049382717
test,1920,1080,51,22,0.0005410879629629629
test,1920,1080,42,18,0.00036458333333333335
test,1920,1080,18,13,0.00011284722222222222
test,1920,1080,26,15,0.0001880787037037037
test,1920,1080,19,12,0.0001099537037037037
test,1920,1080,21,13,0.00013165509259259258
test,1920,1080,25,20,0.00024112654320987653
test,1920,1080,58,42,0.0011747685185185186
test,1920,1080,46,28,0.000621141975308642
test,1920,1080,49,24,0.0005671296296296297
test,1920,1080,72,36,0.00125
test,1920,1080,36,29,0.0005034722222222222
test,1920,1080,35,22,0.0003713348765432099
test,1920,1080,37,22,0.000392554012345679
test,1920,1080,38,27,0.0004947916666666667
test,1920,1080,33,27,0.0004296875
test,1920,1080,32,18,0.0002777777777777778
test,1920,1080,30,23,0.0003327546296296296
test,1920,1080,38,17,0.00031153549382716047
test,1920,1080,31,15,0.00022424768518518518
test,1920,1080,32,16,0.0002469135802469136
test,1920,1080,42,27,0.000546875
test,1920,1080,39,18,0.0003385416666666667
test,1920,1080,34,22,0.0003607253086419753
test,1920,1080,32,19,0.0002932098765432099
test,1920,1080,38,19,0.0003481867283950617
test,1920,1080,39,21,0.0003949652777777778
test,1920,1080,48,27,0.000625
test,1920,1080,25,11,0.0001326195987654321
test,1920,1080,34,19,0.00031153549382716047
test,1920,1080,36,19,0.0003298611111111111
test,1920,1080,24,18,0.00020833333333333335
test,1920,1080,37,23,0.00041039737654320987
test,1920,1080,35,17,0.0002869405864197531
test,1920,1080,34,19,0.00031153549382716047
test,1920,1080,41,19,0.00037567515432098764
test,1920,1080,38,19,0.0003481867283950617
test,1920,1080,39,22,0.00041377314814814814
test,1920,1080,38,16,0.0002932098765432099
test,1920,1080,32,22,0.00033950617283950616
test,1920,1080,39,20,0.0003761574074074074
test,1920,1080,33,23,0.0003660300925925926
test,1920,1080,51,31,0.0007624421296296296
test,1920,1080,39,19,0.00035734953703703704
test,1920,1080,50,32,0.0007716049382716049
test,1920,1080,40,24,0.000462962962962963
test,1920,1080,44,37,0.000785108024691358
test,1920,1080,37,24,0.00042824074074074075
test,1920,1080,39,20,0.0003761574074074074
test,1920,1080,35,21,0.00035445601851851854
test,1920,1080,59,31,0.0008820408950617284
test,1920,1080,132,65,0.004137731481481482
test,1920,1080,58,29,0.0008111496913580247
test,1920,1080,32,28,0.0004320987654320988
test,1920,1080,32,21,0.00032407407407407406
test,1920,1080,29,13,0.0001818094135802469
test,1920,1080,25,15,0.0001808449074074074
test,1920,1080,30,15,0.00021701388888888888
test,1920,1080,34,21,0.0003443287037037037
test,1920,1080,45,26,0.0005642361111111111
test,1920,1080,33,18,0.00028645833333333333
test,1920,1080,41,25,0.0004943094135802469
test,1920,1080,27,15,0.0001953125
test,1920,1080,34,14,0.00022955246913580247
test,1920,1080,48,26,0.0006018518518518519
test,1920,1080,38,18,0.0003298611111111111
test,1920,1080,43,23,0.0004769483024691358
test,1920,1080,38,20,0.00036651234567901237
test,1920,1080,36,13,0.00022569444444444443
test,1920,1080,30,13,0.0001880787037037037
test,1920,1080,31,19,0.00028404706790123455
test,1920,1080,22,11,0.00011670524691358024
test,1920,1080,27,14,0.00018229166666666667
test,1920,1080,32,22,0.00033950617283950616
test,1920,1080,26,15,0.0001880787037037037
test,1920,1080,32,17,0.0002623456790123457
test,1920,1080,43,26,0.000539158950617284
test,1920,1080,33,21,0.00033420138888888887
test,1920,1080,25,13,0.00015673225308641974
test,1920,1080,25,17,0.00020495756172839505
test,1920,1080,31,13,0.0001943479938271605
test,1920,1080,32,25,0.00038580246913580245
test,1920,1080,50,14,0.00033757716049382714
test,1920,1080,56,26,0.0007021604938271605
test,1920,1080,46,19,0.0004214891975308642
test,1920,1080,32,14,0.0002160493827160494
test,1920,1080,22,12,0.0001273148148148148
test,1920,1080,29,16,0.00022376543209876544
test,1920,1080,40,20,0.00038580246913580245
test,1920,1080,51,26,0.0006394675925925926
test,1920,1080,61,37,0.0010884452160493828
test,1920,1080,53,22,0.0005623070987654321
test,1920,1080,49,18,0.0004253472222222222
test,1920,1080,35,13,0.00021942515432098766
test,1920,1080,19,8,7.330246913580247e-05
test,1920,1080,19,10,9.162808641975309e-05
test,1920,1080,21,11,0.00011140046296296297
test,1920,1080,29,18,0.0002517361111111111
test,1920,1080,50,36,0.0008680555555555555
test,1920,1080,17,9,7.378472222222222e-05
test,1920,1080,26,16,0.00020061728395061727
test,1920,1080,13,5,3.134645061728395e-05
test,1920,1080,17,11,9.018132716049383e-05
test,1920,1080,36,22,0.00038194444444444446
test,1920,1080,21,10,0.00010127314814814815
test,1920,1080,31,11,0.0001644483024691358
test,1920,1080,30,18,0.00026041666666666666
test,1920,1080,35,19,0.0003206983024691358
test,1920,1080,25,12,0.00014467592592592592
test,1920,1080,26,14,0.00017554012345679014
test,1920,1080,27,10,0.00013020833333333333
test,1920,1080,71,25,0.0008559992283950617
test,1920,1080,26,9,0.00011284722222222222
test,1920,1080,45,25,0.0005425347222222222
test,1920,1080,28,15,0.0002025462962962963
test,1920,1080,45,27,0.0005859375
test,1920,1080,37,17,0.0003033371913580247
test,1920,1080,61,37,0.0010884452160493828
test,1920,1080,39,18,0.0003385416666666667
test,1920,1080,43,19,0.0003940007716049383
test,1920,1080,23,14,0.0001552854938271605
test,1920,1080,28,12,0.00016203703703703703
test,1920,1080,24,12,0.0001388888888888889
test,1920,1080,30,13,0.0001880787037037037
test,1920,1080,26,15,0.0001880787037037037
test,1920,1080,33,18,0.00028645833333333333
test,1920,1080,34,12,0.00019675925925925926
test,1920,1080,36,14,0.00024305555555555555
test,1920,1080,54,17,0.0004427083333333333
test,1920,1080,47,18,0.00040798611111111114
test,1920,1080,44,21,0.00044560185185185187
test,1920,1080,44,27,0.0005729166666666667
test,1920,1080,31,15,0.00022424768518518518
test,1920,1080,50,41,0.0009886188271604939
test,1920,1080,35,19,0.0003206983024691358
test,1920,1080,41,23,0.00045476466049382714
test,1920,1080,39,18,0.0003385416666666667
test,1920,1080,39,20,0.0003761574074074074
test,1920,1080,38,25,0.0004581404320987654
test,1920,1080,43,21,0.00043547453703703706
test,1920,1080,36,29,0.0005034722222222222
test,1920,1080,17,8,6.558641975308642e-05
test,1920,1080,17,10,8.198302469135803e-05
test,1920,1080,40,17,0.0003279320987654321
test,1920,1080,28,11,0.00014853395061728396
test,1920,1080,23,9,9.98263888888889e-05
test,1920,1080,35,12,0.0002025462962962963
test,1920,1080,51,25,0.0006148726851851852
test,1920,1080,51,15,0.0003689236111111111
test,1920,1080,28,13,0.00017554012345679014
test,1920,1080,41,14,0.0002768132716049383
test,1920,1080,42,14,0.00028356481481481483
test,1920,1080,55,22,0.0005835262345679012
test,1920,1080,61,27,0.0007942708333333334
test,1920,1080,99,77,0.003676215277777778
test,1920,1080,70,38,0.0012827932098765432
test,1920,1080,61,32,0.000941358024691358
test,1920,1080,41,16,0.00031635802469135804
test,1920,1080,44,19,0.00040316358024691356
test,1920,1080,28,12,0.00016203703703703703
test,1920,1080,45,24,0.0005208333333333333
test,1920,1080,85,40,0.0016396604938271604
test,1920,1080,47,19,0.0004306520061728395
test,1920,1080,21,7,7.089120370370371e-05
test,1920,1080,22,8,8.487654320987654e-05
test,1920,1080,47,36,0.0008159722222222223
test,1920,1080,23,10,0.00011091820987654321
test,1920,1080,41,12,0.00023726851851851852
test,1920,1080,44,20,0.0004243827160493827
test,1920,1080,69,35,0.0011646412037037038
test,1920,1080,30,9,0.00013020833333333333
test,1920,1080,43,22,0.00045621141975308644
test,1920,1080,46,14,0.000310570987654321
test,1920,1080,24,9,0.00010416666666666667
test,1920,1080,23,11,0.00012201003086419753
test,1920,1080,54,24,0.000625
test,1920,1080,46,17,0.0003771219135802469
test,1920,1080,30,9,0.00013020833333333333
test,1920,1080,55,25,0.0006630979938271605
test,1920,1080,41,12,0.00023726851851851852
test,1920,1080,37,20,0.0003568672839506173
test,1920,1080,23,16,0.00017746913580246913
test,1920,1080,23,15,0.0001663773148148148
test,1920,1080,47,27,0.0006119791666666667
test,1920,1080,26,14,0.00017554012345679014
test,1920,1080,44,22,0.00046682098765432096
test,1920,1080,110,37,0.001962770061728395
test,1920,1080,24,14,0.00016203703703703703
test,1920,1080,45,20,0.00043402777777777775
test,1920,1080,46,15,0.0003327546296296296
test,1920,1080,40,13,0.0002507716049382716
test,1920,1080,49,17,0.0004017168209876543
test,1920,1080,33,13,0.00020688657407407407
test,1920,1080,28,12,0.00016203703703703703
test,1920,1080,20,10,9.645061728395061e-05
test,1920,1080,25,15,0.0001808449074074074
test,1920,1080,30,17,0.00024594907407407405
test,1920,1080,50,20,0.00048225308641975306
test,1920,1080,45,26,0.0005642361111111111
test,1920,1080,48,23,0.0005324074074074074
test,1920,1080,45,22,0.00047743055555555554
test,1920,1080,35,22,0.0003713348765432099
test,1920,1080,29,16,0.00022376543209876544
test,1920,1080,44,22,0.00046682098765432096
test,1920,1080,31,17,0.0002541473765432099
test,1920,1080,39,26,0.0004890046296296296
test,1920,1080,22,7,7.426697530864198e-05
test,1920,1080,36,10,0.00017361111111111112
test,1920,1080,40,12,0.0002314814814814815
test,1920,1080,42,17,0.0003443287037037037
test,1920,1080,40,13,0.0002507716049382716
test,1920,1080,52,15,0.0003761574074074074
test,1920,1080,71,20,0.0006847993827160494
test,1920,1080,56,14,0.0003780864197530864
test,1920,1080,48,15,0.00034722222222222224
test,1920,1080,58,19,0.0005314429012345679
test,1920,1080,51,10,0.00024594907407407405
test,1920,1080,48,17,0.0003935185185185185
test,1920,1080,62,20,0.0005979938271604939
test,1920,1080,38,11,0.00020158179012345678
test,1920,1080,36,16,0.0002777777777777778
test,1920,1080,40,10,0.00019290123456790122
test,1920,1080,35,16,0.0002700617283950617
test,1920,1080,31,18,0.0002690972222222222
test,1920,1080,25,13,0.00015673225308641974
test,1920,1080,35,14,0.000236304012345679
test,1920,1080,43,18,0.0003732638888888889
test,1920,1080,48,27,0.000625
test,1920,1080,39,18,0.0003385416666666667
test,1920,1080,63,23,0.0006987847222222222
test,1920,1080,35,19,0.0003206983024691358
test,1920,1080,46,35,0.0007764274691358025
test,1920,1080,66,39,0.0012413194444444444
test,1920,1080,58,29,0.0008111496913580247
test,1920,1080,47,19,0.0004306520061728395
test,1920,1080,33,16,0.0002546296296296296
test,1920,1080,23,10,0.00011091820987654321
test,1920,1080,41,22,0.0004349922839506173
test,1920,1080,66,29,0.0009230324074074075
test,1920,1080,79,27,0.0010286458333333332
test,1920,1080,33,16,0.0002546296296296296
test,1920,1080,30,13,0.0001880787037037037
test,1920,1080,37,13,0.00023196373456790123
